BorrowerID,LoanDate,LoanAmount,InterestRate,LoanTermMonths,CreditScore,AnnualIncome,DebtToIncomeRatio,EmploymentLengthYears,HomeOwnership,Purpose,MonthlyPayment,OpenAccounts,TotalAccounts,MonthsSinceLastDelinquency,RevolvingUtilization,HasBankruptcies,HasTaxLiens,State,Age,EducationLevel,MaritalStatus,NumberOfDependents,TimeAtCurrentAddressMonths,Defaulted
1,2023-01-31,37142,0.10822884955703581,12,751,187207,0.5215889603264202,3,Own,Other,1115,11,18,10.0,0.3992148743864111,0,0,CA,26,Associate's,Divorced,4,52,0
2,2023-12-30,40198,0.09141898363531425,60,689,93631,0.34049012302316406,4,Rent,Home Improvement,435,7,21,16.0,0.6530559079950671,0,0,PA,29,High School,Married,4,67,0
3,2022-05-10,45738,0.08046555713253577,24,651,57909,0.20301186179104216,7,Mortgage,Home Improvement,765,7,23,32.0,0.18561469070639625,0,0,GA,42,Associate's,Single,1,85,0
4,2023-07-18,34397,0.22989104250922032,12,801,89487,0.5142222692771927,0,Own,Business,1094,5,12,10.0,0.8239170278274891,0,0,CA,68,High School,Single,0,75,0
5,2023-02-04,17653,0.19202708635961319,24,777,172540,0.3688862456378217,5,Rent,Credit Card Refinancing,180,3,13,38.0,0.1801933868998743,0,0,TX,26,High School,Divorced,1,136,0
6,2022-12-31,11831,0.23747568763286417,12,638,67655,0.17652129858191065,14,Mortgage,Debt Consolidation,186,7,26,7.0,0.3865091483149067,0,0,CA,34,Master's,Married,0,159,0
7,2022-11-10,6724,0.1706583611429886,36,675,185413,0.35279291559219883,3,Own,Credit Card Refinancing,1899,7,28,50.0,0.23802577948082637,0,0,MI,40,Master's,Widowed,2,123,0
8,2020-05-01,12083,0.14468017629898253,48,507,71786,0.30660169029842943,10,Mortgage,Credit Card Refinancing,357,7,25,56.0,0.8375059576869368,0,0,NC,50,Bachelor's,Widowed,3,202,0
9,2021-04-11,46917,0.06194329779417787,24,794,88304,0.538421265940879,4,Mortgage,Credit Card Refinancing,1090,12,3,3.0,0.8583358136488795,0,0,OH,23,Bachelor's,Single,4,6,1
10,2023-05-23,20816,0.18432845630920597,60,734,123606,0.1630277156803517,17,Own,Business,284,11,28,35.0,0.37202888937023126,0,0,GA,58,Master's,Single,1,81,0
11,2020-11-26,43240,0.16644175195364624,36,662,197586,0.5376049022240128,14,Rent,Home Improvement,1815,2,20,18.0,0.3073784710042736,0,0,NC,47,Master's,Single,2,230,0
12,2020-03-28,7276,0.2480417787175243,12,548,140938,0.3561055084051423,17,Mortgage,Debt Consolidation,797,3,27,23.0,0.7735653751951652,0,0,TX,50,High School,Single,1,199,0
13,2023-10-28,49403,0.09783175555644862,24,801,185051,0.30218221499057385,19,Rent,Credit Card Refinancing,222,3,6,40.0,0.8785119718112512,0,0,MI,26,Bachelor's,Single,0,224,0
14,2023-01-28,39663,0.15614747105736718,12,537,100981,0.18098359220147017,12,Own,Debt Consolidation,1219,4,12,48.0,0.6240199941140638,0,0,NY,53,Master's,Widowed,4,13,0
15,2022-05-21,14994,0.18019146702361455,12,635,75107,0.4504089813193397,4,Mortgage,Credit Card Refinancing,704,12,24,17.0,0.9274036757291033,0,0,PA,59,Associate's,Single,0,6,0
16,2020-05-10,24499,0.17891823494846873,12,809,152232,0.5634033545550202,0,Mortgage,Home Improvement,614,9,20,32.0,0.3830438128500836,0,0,IL,69,Associate's,Married,0,195,0
17,2023-08-25,24040,0.16225870858968056,48,718,107897,0.28768867694965994,17,Mortgage,Debt Consolidation,1003,10,29,45.0,0.15188640201736225,0,0,FL,23,Bachelor's,Divorced,0,155,0
18,2022-02-08,44320,0.2053856020654451,48,847,92577,0.22079250033541672,13,Mortgage,Other,1566,1,8,35.0,0.17964298231704134,0,0,PA,26,Associate's,Widowed,2,121,0
19,2020-12-09,17959,0.09099624190536329,60,795,161918,0.37743345849957854,4,Mortgage,Home Improvement,1637,12,22,9.0,0.66983195229722,0,0,PA,68,High School,Divorced,4,45,0
20,2023-12-08,7099,0.1951254400548832,24,533,124180,0.4980929742169351,5,Own,Debt Consolidation,1494,7,27,54.0,0.40752642307861653,0,0,TX,54,Bachelor's,Divorced,3,106,1
21,2022-03-16,43267,0.17394691428661785,36,578,39924,0.10188384727526653,15,Mortgage,Credit Card Refinancing,404,7,23,13.0,0.1563145983418177,0,0,NY,56,Master's,Single,1,26,0
22,2021-01-20,20576,0.22921502235891467,36,735,131193,0.4156887181977146,11,Own,Credit Card Refinancing,1480,11,7,6.0,0.2922268549036079,0,0,NC,40,Associate's,Divorced,0,4,0
23,2023-04-30,36946,0.21943888780671636,36,772,164954,0.39825800034931547,19,Rent,Home Improvement,1271,4,12,11.0,0.5306050720327485,0,0,GA,36,High School,Married,4,37,0
24,2022-08-13,7116,0.11302940782651066,12,660,21095,0.25907609290208,17,Own,Home Improvement,1408,13,28,21.0,0.12144526696213642,0,0,FL,56,Master's,Single,1,21,0
25,2020-10-03,16563,0.10524746499503063,48,674,124205,0.3257115018024852,1,Mortgage,Credit Card Refinancing,756,11,15,26.0,0.003442498944409733,0,0,PA,29,PhD,Widowed,4,28,0
26,2023-03-30,27788,0.2463306647704896,24,807,192055,0.22348161208091047,12,Rent,Debt Consolidation,1965,1,29,47.0,0.9172980474956126,0,0,TX,68,High School,Married,1,210,0
27,2021-04-04,27928,0.1554530361830513,12,720,34123,0.49494286897592144,16,Own,Other,1996,3,5,36.0,0.3048611907780857,0,0,GA,22,Associate's,Widowed,4,32,0
28,2023-08-30,37336,0.23128419278288737,48,508,65278,0.4172674666830538,16,Own,Business,361,5,29,10.0,0.22149814534298629,0,0,TX,59,High School,Single,3,103,0
29,2020-01-22,10847,0.08277620475609644,48,788,117911,0.36635581101949266,15,Own,Home Improvement,1697,12,9,35.0,0.6984808097281888,1,0,NY,43,PhD,Single,4,181,0
30,2020-09-09,27155,0.17856378296003486,24,612,71999,0.2962630992089136,17,Mortgage,Credit Card Refinancing,590,2,10,59.0,0.8534027221808783,0,0,OH,38,PhD,Widowed,4,161,0
31,2022-01-17,15135,0.21197203747211724,24,704,51153,0.24569219301036607,7,Mortgage,Debt Consolidation,837,7,3,12.0,0.6322787673435242,0,0,TX,37,High School,Divorced,0,26,0
32,2022-05-06,18774,0.23947904991728938,24,685,38344,0.5113682430217157,2,Own,Home Improvement,1154,14,26,31.0,0.2544827540985316,0,0,NC,66,Master's,Widowed,0,145,0
33,2021-04-19,2742,0.1174680282034047,12,840,57656,0.3257038352167845,16,Own,Debt Consolidation,801,10,12,7.0,0.8616366233543087,0,0,TX,22,Master's,Married,0,184,0
34,2022-12-18,19309,0.1949962339848105,60,696,21212,0.35072370992083635,17,Rent,Home Improvement,986,10,29,6.0,0.5104271961272193,0,0,GA,24,PhD,Divorced,4,116,0
35,2021-05-25,1619,0.1577626018079238,24,765,140385,0.36041436527037085,5,Mortgage,Credit Card Refinancing,1391,7,21,42.0,0.3811908029602469,0,0,NY,27,Bachelor's,Single,3,93,1
36,2021-11-30,18658,0.06212578521329364,60,761,160073,0.3241834677157882,7,Mortgage,Debt Consolidation,111,12,23,42.0,0.604726119632974,0,0,NC,24,Bachelor's,Married,1,212,0
37,2022-09-02,35707,0.1879999474617887,12,747,98784,0.22804421311921189,12,Rent,Credit Card Refinancing,1314,10,8,57.0,0.7006122236383164,1,0,CA,68,Master's,Married,0,30,0
38,2020-07-08,21337,0.1880193116475687,60,614,118723,0.160170220121526,7,Own,Debt Consolidation,1523,5,5,16.0,0.5938298741151422,1,0,TX,51,Bachelor's,Single,2,121,0
39,2022-08-15,17001,0.23612136096930741,36,620,101144,0.14926863358387035,18,Own,Home Improvement,1660,12,25,21.0,0.9202454457228059,0,0,NY,68,Master's,Divorced,4,5,0
40,2021-11-17,1968,0.1494624892337945,60,640,187499,0.4787312616703443,5,Rent,Business,190,10,15,45.0,0.6280178059990537,0,0,OH,32,Associate's,Single,3,118,0
41,2022-08-15,48614,0.09605018414210294,24,564,51368,0.21176391115075568,14,Own,Business,699,6,27,33.0,0.8785807126255765,0,0,IL,48,Master's,Married,3,6,0
42,2021-07-16,26892,0.05891276468973583,12,775,81160,0.1278364074769878,9,Own,Other,1967,1,25,19.0,0.5869584351538735,0,0,GA,43,Associate's,Married,0,106,0
43,2023-06-21,26619,0.13312843733718113,24,812,176926,0.49875870334794303,16,Rent,Other,1624,4,2,52.0,0.3296795737301249,0,0,NY,27,PhD,Married,0,124,0
44,2022-04-11,1281,0.11038334001550038,36,738,30715,0.177030826430324,0,Rent,Credit Card Refinancing,1909,4,25,7.0,0.5322968174831954,0,0,GA,59,Bachelor's,Single,2,190,0
45,2023-02-28,28420,0.20221766120477513,24,801,78784,0.412573045866677,6,Rent,Debt Consolidation,400,11,27,21.0,0.08633668965160257,0,0,OH,62,PhD,Widowed,2,138,0
46,2021-10-08,16360,0.12085355296820932,24,509,149193,0.26932163572393164,12,Own,Other,1234,8,13,26.0,0.2301746338957943,0,0,IL,67,High School,Married,0,70,0
47,2020-01-21,40030,0.2398142392629688,24,732,119644,0.16324012834565474,2,Rent,Home Improvement,179,2,20,33.0,0.7662316622037167,0,0,NY,52,High School,Married,1,138,1
48,2022-04-20,2058,0.24246204059755685,48,694,46797,0.30724048962718,18,Own,Business,935,1,6,20.0,0.6614756106844261,0,0,MI,64,PhD,Divorced,0,106,0
49,2020-06-15,21677,0.17418171804354163,36,511,67573,0.10740443056631258,14,Mortgage,Debt Consolidation,751,7,27,14.0,0.16651871053386136,0,0,OH,27,Master's,Widowed,0,213,0
50,2023-07-21,11724,0.2357320574029766,24,676,96120,0.5205224912562801,4,Mortgage,Business,532,6,9,4.0,0.4380151762580812,0,0,MI,41,Master's,Divorced,3,44,1
51,2021-01-22,29404,0.20217086890289915,24,676,34780,0.35674898067092864,10,Rent,Debt Consolidation,516,5,12,37.0,0.14199220593024975,0,0,FL,68,Bachelor's,Married,0,56,0
52,2021-08-23,38946,0.15937192819502524,24,716,57905,0.16958000545398091,17,Own,Other,1337,12,23,16.0,0.855817856373974,0,0,FL,62,PhD,Widowed,0,132,0
53,2020-11-11,40748,0.08606158708455564,12,510,172645,0.21849015919449236,2,Own,Other,1570,13,5,7.0,0.10916970175428886,0,0,GA,32,High School,Divorced,0,13,0
54,2020-01-14,30856,0.141719588702768,48,617,136049,0.3239875960692633,5,Own,Credit Card Refinancing,117,13,16,18.0,0.6542349967603346,0,0,PA,23,PhD,Single,1,122,0
55,2020-08-29,10200,0.16217489267252352,12,663,149651,0.19443469140777433,2,Rent,Debt Consolidation,1177,13,21,4.0,0.6070000009781692,1,0,NC,52,PhD,Divorced,3,202,0
56,2022-02-15,34997,0.22279231614700204,48,538,53359,0.23429958075054294,4,Own,Home Improvement,1732,8,13,22.0,0.47277664564684985,0,0,NY,59,Bachelor's,Widowed,4,208,1
57,2023-10-01,26611,0.14626667530713297,24,552,86062,0.3671927821176316,8,Own,Other,1918,11,21,18.0,0.2782346226641418,0,0,IL,47,Master's,Divorced,4,19,1
58,2021-07-18,42235,0.22953493453559135,36,717,93391,0.5163045065191928,18,Own,Credit Card Refinancing,845,13,23,13.0,0.4039564999930294,0,0,PA,48,High School,Widowed,4,198,0
59,2022-06-16,36057,0.1848697958046938,60,705,63463,0.30091984284496043,12,Mortgage,Other,339,2,24,9.0,0.806391300461047,0,0,GA,67,Bachelor's,Widowed,4,90,0
60,2023-09-25,2239,0.07739981261073428,60,811,119596,0.4584876367767742,5,Own,Business,945,2,22,30.0,0.7615508155461025,0,0,FL,67,High School,Divorced,3,190,0
61,2020-04-01,39138,0.2489962738650186,24,555,115018,0.5383421067303242,10,Mortgage,Other,517,9,11,12.0,0.7388091151611365,0,0,OH,52,High School,Divorced,0,9,0
62,2023-10-22,49938,0.15544653215078252,12,617,36571,0.208150470148081,13,Own,Debt Consolidation,955,1,25,21.0,0.7498235843610578,0,0,OH,45,Master's,Single,4,46,0
63,2022-08-13,1125,0.1283716592818158,36,752,170214,0.5035959852010801,5,Own,Credit Card Refinancing,1609,6,17,36.0,0.14388637435533913,0,0,FL,34,Master's,Divorced,0,56,0
64,2023-12-22,46272,0.18182275289390532,48,785,45104,0.47870109916551373,5,Own,Debt Consolidation,1567,13,24,38.0,0.09909645036243164,0,0,CA,46,Bachelor's,Widowed,4,74,0
65,2021-05-23,24857,0.07177866279620781,24,767,28625,0.27846864897406753,16,Mortgage,Home Improvement,1689,13,9,9.0,0.8614986228540221,0,0,TX,58,Associate's,Married,1,40,0
66,2022-02-14,16398,0.17730772935067088,36,790,59199,0.5947599797504336,10,Own,Home Improvement,698,3,21,30.0,0.8371745703444439,0,0,NY,62,Bachelor's,Divorced,0,67,0
67,2020-02-04,7638,0.1496472000998546,36,832,140725,0.23128618571797852,14,Rent,Other,1896,13,9,42.0,0.6813183040463634,0,0,TX,46,Bachelor's,Divorced,3,113,0
68,2020-07-24,7570,0.13133481399971664,48,679,166998,0.2274016330158478,8,Own,Credit Card Refinancing,1871,5,7,34.0,0.6059057453155382,0,0,IL,50,Associate's,Widowed,1,83,0
69,2023-01-09,4249,0.24060400423577985,36,734,51218,0.48612958232659886,16,Mortgage,Credit Card Refinancing,1246,8,4,12.0,0.3668717064823884,0,0,CA,52,High School,Married,1,62,0
70,2023-11-12,10110,0.15450794334641066,12,842,195544,0.3173286590255421,6,Mortgage,Credit Card Refinancing,519,7,9,29.0,0.22408259157800325,0,0,IL,64,PhD,Single,3,227,0
71,2022-10-22,41363,0.0938234958939877,12,695,111916,0.26539749739052165,6,Rent,Credit Card Refinancing,1689,13,24,33.0,0.6676564377298364,0,0,NY,60,Associate's,Married,1,174,0
72,2022-10-18,14605,0.14179269587545973,12,807,143182,0.18933140266955148,0,Rent,Other,315,12,11,35.0,0.9130346380824769,0,0,FL,23,PhD,Widowed,0,134,0
73,2023-11-14,13115,0.23387748091453453,36,579,40566,0.48266621546727206,7,Rent,Debt Consolidation,1543,4,6,34.0,0.43699657573815,0,0,PA,33,High School,Widowed,2,29,1
74,2021-07-19,40062,0.08521909426611894,12,634,53205,0.4931609030680385,4,Mortgage,Other,808,8,12,46.0,0.30321247022290354,0,0,NC,26,Associate's,Widowed,2,19,0
75,2023-02-03,23911,0.09279140773764738,48,521,129084,0.3832820016150702,18,Own,Debt Consolidation,650,11,5,3.0,0.2707418134894911,0,0,MI,48,Master's,Widowed,4,114,1
76,2021-12-03,39525,0.05260591355141675,36,830,49717,0.5786568065956864,7,Own,Business,1065,11,18,54.0,0.023705242899748624,1,0,PA,55,Bachelor's,Married,4,108,0
77,2021-02-05,33556,0.052838009879153436,60,724,127292,0.2590816352113271,16,Rent,Business,1351,10,27,52.0,0.5203167221940654,0,0,MI,35,Associate's,Married,0,143,0
78,2021-12-30,13595,0.2158783253917025,36,557,176207,0.2098095227396686,18,Rent,Debt Consolidation,1360,11,4,3.0,0.9882360298548315,0,0,NY,28,Associate's,Married,3,57,0
79,2020-06-10,2969,0.19642452136859118,48,592,179236,0.438733384467231,11,Own,Other,1767,14,19,46.0,0.8152377161393224,0,0,GA,58,High School,Divorced,0,38,0
80,2020-07-20,44753,0.12100821129039166,60,691,58562,0.4792043203998524,14,Rent,Home Improvement,1453,2,9,5.0,0.8974747181652583,0,0,IL,57,Master's,Widowed,4,21,1
81,2022-09-22,18275,0.18966223144551456,36,602,40169,0.2124529852759112,3,Own,Other,932,7,25,54.0,0.6211640962755061,0,1,NC,31,Associate's,Divorced,1,236,0
82,2020-09-26,5470,0.12904118526199404,12,506,41604,0.13830538213055663,11,Own,Home Improvement,1592,5,13,27.0,0.48144641048275083,0,0,MI,50,Master's,Divorced,0,51,0
83,2022-03-26,11225,0.24057935919956552,24,627,109670,0.505258243293186,12,Own,Other,779,11,22,29.0,0.9904570074037514,0,0,NC,37,PhD,Divorced,0,167,0
84,2023-07-18,43324,0.24341053628520698,24,554,134605,0.5882509868230062,13,Own,Credit Card Refinancing,586,6,17,26.0,0.4471621106388469,0,0,FL,59,Associate's,Single,3,215,0
85,2021-03-31,42974,0.12855875516186868,12,730,108738,0.4223361430361422,4,Mortgage,Credit Card Refinancing,1672,3,15,4.0,0.9168305757134467,0,0,CA,42,Master's,Divorced,4,20,1
86,2023-06-29,43759,0.22084438126817363,24,561,151756,0.23893345007194708,15,Own,Business,1702,11,22,43.0,0.761844808783735,0,0,NC,59,Bachelor's,Widowed,0,234,0
87,2022-10-13,24196,0.20461780833949325,24,739,148140,0.5983363042763961,6,Rent,Business,722,10,17,38.0,0.33097842523805265,0,0,NC,62,High School,Divorced,1,2,0
88,2020-10-22,41287,0.11199998743435786,12,589,122537,0.5466333181335388,14,Rent,Debt Consolidation,1538,7,28,34.0,0.503062183252985,0,0,GA,54,Master's,Widowed,1,237,0
89,2021-12-20,14669,0.0964079657802212,12,731,131301,0.3566903231401469,12,Rent,Home Improvement,318,7,5,38.0,0.3843292217637013,1,0,IL,50,High School,Single,2,32,0
90,2020-12-03,38380,0.14164693007856677,36,732,28007,0.5126606424209169,15,Rent,Credit Card Refinancing,820,2,2,43.0,0.1362232741659649,0,0,IL,69,Associate's,Married,4,111,0
91,2022-05-28,46141,0.20626976812288125,36,832,134915,0.5079102616314835,11,Mortgage,Other,480,1,2,14.0,0.356766581562193,0,0,MI,38,Associate's,Widowed,1,92,0
92,2022-12-12,49320,0.2420335569457491,12,791,137419,0.5673994848367497,6,Own,Debt Consolidation,186,10,23,18.0,0.8889728842800945,0,0,PA,34,PhD,Divorced,3,132,0
93,2022-03-02,48414,0.20271581377331452,48,844,61787,0.52046192188673,15,Own,Other,1584,2,16,29.0,0.752635685349068,0,0,CA,27,High School,Widowed,4,7,0
94,2020-08-04,39006,0.221041397003674,24,651,69582,0.42183961797858227,12,Rent,Credit Card Refinancing,914,12,21,37.0,0.277581074301662,0,1,NC,23,Bachelor's,Divorced,1,3,0
95,2022-02-02,16577,0.17061286123410332,36,644,103629,0.40465185947825366,2,Rent,Credit Card Refinancing,510,8,21,31.0,0.3679133130975384,0,0,IL,29,Bachelor's,Married,0,25,0
96,2020-07-06,23473,0.2170815661684252,24,629,25782,0.33367864416580584,14,Rent,Credit Card Refinancing,790,11,4,39.0,0.6164339230065218,0,0,OH,53,Master's,Widowed,4,112,0
97,2021-01-14,29625,0.20688417160068354,60,640,86770,0.4132428199853787,2,Own,Credit Card Refinancing,1112,10,15,28.0,0.4161398150084874,0,0,GA,57,Bachelor's,Divorced,1,9,0
98,2021-05-07,16504,0.12539710838525603,12,592,77645,0.4976082932651914,6,Mortgage,Other,624,3,10,5.0,0.5030441163645629,0,0,IL,30,High School,Widowed,0,215,0
99,2022-11-30,25089,0.16039806042414423,48,613,123509,0.5845188131512766,17,Mortgage,Debt Consolidation,546,11,20,25.0,0.6981684110959824,0,0,TX,44,Associate's,Married,2,215,0
100,2023-03-26,37487,0.210950624397939,60,783,183068,0.3336436790910601,13,Mortgage,Credit Card Refinancing,399,4,9,26.0,0.46725084814402074,0,0,PA,28,High School,Married,4,26,1
101,2020-01-15,1302,0.05921134683799128,60,642,49204,0.38682660149437853,17,Mortgage,Business,507,8,3,34.0,0.1909697896671958,0,0,OH,52,High School,Married,4,232,0
102,2020-03-05,32463,0.211615856471166,60,722,37152,0.3224027475293909,18,Rent,Debt Consolidation,1760,3,5,27.0,0.5205739373148293,0,0,FL,42,Associate's,Widowed,1,64,1
103,2021-06-04,45912,0.08557762480980469,12,731,110555,0.434244310491702,13,Own,Business,474,6,2,4.0,0.35611823021709244,0,0,NC,22,High School,Widowed,2,18,0
104,2023-09-29,30259,0.1529367234242878,36,532,39689,0.4149602520306298,19,Rent,Other,332,2,12,40.0,0.2907342284586226,0,0,FL,67,Bachelor's,Divorced,3,216,0
105,2023-02-26,43823,0.21165508791118753,12,775,103251,0.10891689509681166,5,Mortgage,Credit Card Refinancing,1886,3,6,55.0,0.3281085611065191,0,0,MI,23,Master's,Married,1,91,0
106,2021-10-09,38208,0.10076421563133897,36,669,126565,0.3705807795503292,7,Rent,Debt Consolidation,737,1,3,47.0,0.4390022174900057,0,0,NY,61,Master's,Divorced,1,237,0
107,2022-12-22,31659,0.09916148786123061,60,639,173014,0.14424344784950702,6,Mortgage,Credit Card Refinancing,1870,9,28,53.0,0.8866131428716211,0,0,NC,32,High School,Widowed,3,2,0
108,2023-03-08,36840,0.13055287969245039,60,700,58712,0.11319180900276918,19,Own,Credit Card Refinancing,749,4,14,15.0,0.7340571043302002,0,0,FL,58,Associate's,Single,3,1,0
109,2021-08-15,32890,0.22892855951552693,48,522,69632,0.4955985810423491,17,Mortgage,Debt Consolidation,1060,6,18,40.0,0.6678819385013619,0,0,FL,39,PhD,Married,3,48,0
110,2021-01-26,14598,0.05008855628744158,36,723,189103,0.22932493107965027,17,Rent,Credit Card Refinancing,1172,7,18,17.0,0.4712602108817334,0,0,MI,65,High School,Divorced,3,208,0
111,2021-02-22,48055,0.230276619328387,60,769,40478,0.27032753864364967,14,Own,Credit Card Refinancing,285,2,19,12.0,0.0018299471496834308,0,0,CA,45,High School,Married,3,191,0
112,2020-10-15,47733,0.08076140492832157,24,846,42551,0.1320422938020331,19,Mortgage,Home Improvement,1328,8,22,42.0,0.3405507114390913,0,0,NY,40,PhD,Divorced,0,107,0
113,2021-01-13,20508,0.24801727521349642,48,652,68068,0.18975013024717532,18,Mortgage,Home Improvement,177,12,29,24.0,0.8131920399794735,0,0,TX,26,Master's,Divorced,0,216,1
114,2020-08-18,43287,0.24096939860769362,12,832,113608,0.48280240912889616,1,Own,Debt Consolidation,1604,9,10,9.0,0.3881709095177397,0,0,OH,50,Master's,Single,3,164,0
115,2022-10-14,14380,0.14893503791825666,48,584,55561,0.3467654151163104,7,Rent,Debt Consolidation,1509,14,7,28.0,0.5638191250676405,0,0,NC,60,PhD,Widowed,2,191,0
116,2020-02-10,27984,0.15254404956252565,24,608,153964,0.5403342312750742,10,Own,Credit Card Refinancing,293,10,29,9.0,0.20473981634709681,0,0,IL,23,Associate's,Married,2,75,0
117,2022-11-17,45633,0.14630986805517085,36,530,44395,0.2986210657334176,17,Rent,Business,1226,11,21,5.0,0.9158577418457908,0,0,FL,38,High School,Widowed,3,26,0
118,2020-05-14,9125,0.17708872913190454,12,728,38756,0.23435036787713412,12,Mortgage,Debt Consolidation,1740,2,4,15.0,0.9231704357370666,0,0,NY,66,Bachelor's,Divorced,0,6,0
119,2020-07-19,37059,0.06814434044698621,12,739,185723,0.27379990722932546,8,Mortgage,Credit Card Refinancing,1499,5,9,24.0,0.1460703839583538,0,0,OH,32,Master's,Widowed,2,26,0
120,2022-02-18,5033,0.05652358966831331,36,809,86333,0.4563858967584522,8,Own,Business,386,2,4,43.0,0.7241589492063322,0,0,PA,58,Master's,Single,0,221,0
121,2022-07-18,38873,0.06154058568317977,48,640,172418,0.377502836167243,16,Mortgage,Home Improvement,1959,11,2,3.0,0.07523850775191299,0,0,OH,34,Master's,Widowed,1,43,0
122,2022-11-22,18087,0.1388730698483029,60,655,133561,0.5520956037762139,6,Own,Debt Consolidation,1605,5,21,36.0,0.5985476179800978,0,0,GA,50,Associate's,Divorced,0,122,0
123,2022-12-07,41901,0.10510958784389668,48,798,48024,0.40108438469444163,8,Mortgage,Credit Card Refinancing,1846,7,28,33.0,0.17865365082599638,0,0,NC,53,PhD,Divorced,3,129,0
124,2021-05-17,6704,0.17440791247419876,24,844,191890,0.34650910424075154,0,Mortgage,Home Improvement,349,6,14,18.0,0.14570525248920385,0,0,MI,66,Associate's,Single,4,9,1
125,2021-02-10,8848,0.2484884578749558,60,598,25947,0.4928763619433665,1,Rent,Other,1928,4,22,32.0,0.004119817392669867,0,0,IL,61,Master's,Married,3,27,0
126,2022-03-15,22592,0.1272646346152932,48,546,147192,0.5737669253667226,3,Own,Home Improvement,1324,14,6,3.0,0.9408571368674034,0,0,IL,64,High School,Single,1,71,0
127,2020-04-08,46743,0.16476825082090268,36,826,114238,0.27792295562248526,13,Own,Credit Card Refinancing,635,2,17,43.0,0.8292524915204579,0,0,FL,29,Master's,Married,0,117,0
128,2021-11-14,7924,0.1331207791814671,24,566,87428,0.22493810508273884,3,Mortgage,Business,1584,7,22,33.0,0.07747555725795907,0,0,TX,31,High School,Divorced,2,118,0
129,2021-12-26,28208,0.21945433354437188,24,561,180826,0.4081086981470696,1,Rent,Other,399,12,25,11.0,0.5993756100670233,0,0,OH,46,High School,Widowed,3,3,0
130,2022-08-18,20614,0.23044728069244763,24,608,83355,0.3494364105769405,7,Rent,Other,1601,10,17,30.0,0.23289823479923288,0,0,IL,32,Master's,Divorced,2,189,0
131,2021-09-04,1488,0.22547112244105202,60,666,149958,0.5945927874323917,17,Own,Other,1206,9,25,15.0,0.2640158821396067,0,0,OH,49,Master's,Single,0,201,0
132,2021-10-04,40882,0.24487444773585154,12,536,164490,0.3311808920738667,18,Own,Debt Consolidation,908,1,13,1.0,0.8741703216759925,0,0,NY,54,High School,Single,1,130,0
133,2022-10-25,26923,0.055503837028083064,60,618,155905,0.13716577568017294,13,Mortgage,Credit Card Refinancing,557,3,14,48.0,0.11432574560120223,0,0,NC,60,Associate's,Widowed,3,124,0
134,2023-05-26,49508,0.2179632324291062,48,585,192905,0.588684530388818,19,Own,Other,790,7,5,57.0,0.6014901356630435,0,0,NC,47,Associate's,Single,2,74,0
135,2021-05-17,36941,0.20035443460781865,12,551,151637,0.52179347279677,9,Mortgage,Home Improvement,1421,14,10,59.0,0.4012555349790091,0,0,NC,29,Associate's,Divorced,3,81,0
136,2022-02-05,30165,0.09573888188007296,48,590,191252,0.18912507197898168,16,Rent,Business,1487,9,17,1.0,0.1908005996302896,0,0,IL,59,Bachelor's,Widowed,3,159,0
137,2021-02-01,2667,0.24126401867750552,12,788,38402,0.5523026265564347,7,Own,Credit Card Refinancing,817,13,2,35.0,0.4519180752626625,0,0,MI,47,High School,Married,2,65,1
138,2022-05-20,27213,0.0796355856459891,60,836,193917,0.27033341041087233,13,Rent,Home Improvement,139,5,6,5.0,0.9404892871061282,1,0,NC,53,Bachelor's,Single,1,122,1
139,2022-03-05,5114,0.1859099854267817,24,797,95851,0.2885559922672223,7,Rent,Debt Consolidation,1939,7,22,59.0,0.7816100492305522,0,0,CA,67,Bachelor's,Married,3,146,0
140,2021-01-27,37321,0.0949780433631825,36,703,32834,0.5531957411810796,4,Mortgage,Other,1748,10,6,22.0,0.13211140136366695,0,0,NY,49,High School,Widowed,1,134,0
141,2020-07-25,8761,0.13627612975481493,24,737,87850,0.36505778251765764,15,Rent,Home Improvement,1463,7,25,38.0,0.8494297397176472,0,0,MI,28,Bachelor's,Single,1,102,0
142,2022-11-04,32116,0.1938319793889138,60,654,57180,0.16888146469925983,7,Mortgage,Credit Card Refinancing,1639,4,26,54.0,0.9374405289874431,0,0,IL,56,High School,Widowed,0,233,0
143,2022-06-10,34768,0.16266492840660934,12,739,154955,0.284528079670902,9,Mortgage,Home Improvement,207,5,20,46.0,0.27696428084220726,0,0,IL,23,PhD,Single,2,42,0
144,2022-05-13,49406,0.13550036626562234,24,635,129688,0.4610487231339404,7,Rent,Debt Consolidation,1439,2,10,51.0,0.33341969551534767,0,0,PA,43,PhD,Single,0,111,0
145,2022-01-12,26426,0.11526768618639745,60,563,126520,0.18709209403400837,8,Rent,Business,1237,8,28,43.0,0.12630992662205498,0,0,GA,43,High School,Single,4,196,1
146,2023-06-18,18772,0.21793193114175807,48,622,31695,0.39511559870317936,17,Mortgage,Other,1290,12,9,36.0,0.34494010442174217,0,0,CA,24,High School,Widowed,0,104,0
147,2021-07-17,39218,0.07876287006296274,36,753,147135,0.44763706647220847,2,Mortgage,Credit Card Refinancing,360,1,20,45.0,0.6731407971396123,0,0,MI,67,High School,Widowed,3,4,0
148,2022-10-17,4712,0.13602057530596,24,613,174195,0.27192678777128965,16,Rent,Other,1741,2,19,15.0,0.2721550150962677,0,0,NC,66,Associate's,Divorced,3,99,0
149,2020-04-05,2367,0.23075151435502844,12,519,78481,0.4469403443541612,19,Mortgage,Other,1347,12,16,42.0,0.006825010766919992,0,0,FL,29,High School,Divorced,3,132,1
150,2021-04-29,41957,0.21916991009199355,48,515,93438,0.5421036759146594,14,Mortgage,Other,1385,3,5,43.0,0.3385446476334715,0,0,GA,25,Master's,Widowed,4,65,0
151,2023-12-01,42781,0.13018835249460933,60,644,131491,0.3360583721166205,16,Own,Home Improvement,1374,7,16,18.0,0.4531740289687326,0,0,IL,36,PhD,Widowed,1,41,0
152,2020-08-18,27200,0.20262167272026166,36,707,168645,0.29145466408989285,7,Own,Home Improvement,625,6,14,48.0,0.5663560374207093,0,0,CA,65,PhD,Single,3,171,0
153,2022-01-18,4726,0.21463216614177186,12,518,141844,0.22557920067914286,1,Own,Business,809,14,29,23.0,0.6838251043580197,0,0,NC,67,High School,Divorced,0,223,0
154,2023-04-09,24616,0.22777748480072596,60,665,114910,0.40210273993165213,16,Own,Debt Consolidation,225,7,19,57.0,0.061784344228770105,0,0,GA,60,PhD,Divorced,1,183,0
155,2021-06-24,28723,0.1589011538098456,60,537,76494,0.539926024019358,17,Own,Credit Card Refinancing,1329,11,21,26.0,0.4697519452994411,0,0,IL,33,High School,Widowed,0,147,0
156,2022-11-25,38574,0.09089217721094237,24,680,163360,0.262330633592597,4,Mortgage,Home Improvement,1263,5,6,6.0,0.2663624626840184,0,0,FL,50,High School,Divorced,0,149,0
157,2021-06-08,35958,0.10106181530078634,24,848,66978,0.2981177622686517,8,Mortgage,Other,1185,14,19,29.0,0.9479695655444975,1,0,GA,30,PhD,Widowed,3,186,0
158,2023-03-29,10108,0.10913893480832085,12,604,137845,0.303312758774992,8,Own,Debt Consolidation,1406,4,29,40.0,0.35989850979392257,0,0,NC,63,PhD,Divorced,0,158,0
159,2023-06-20,13178,0.16876049616192312,60,599,150621,0.3804061708887586,1,Rent,Credit Card Refinancing,153,7,9,13.0,0.10012369871987037,1,0,OH,61,Master's,Married,4,116,0
160,2023-01-14,36643,0.05656192482572169,24,589,74672,0.21420448078371931,1,Own,Credit Card Refinancing,445,3,2,57.0,0.041491490771571105,0,0,FL,41,Bachelor's,Married,1,135,0
161,2021-07-31,32324,0.17720849375599368,36,799,81821,0.5111055776538521,18,Rent,Credit Card Refinancing,1647,13,20,51.0,0.26540588759490646,0,0,OH,55,Master's,Divorced,3,197,0
162,2021-11-12,39360,0.1228708476856464,36,831,103661,0.24780113875211066,2,Mortgage,Credit Card Refinancing,235,10,24,43.0,0.1788787388826426,0,0,PA,47,Master's,Widowed,3,64,0
163,2021-07-10,18824,0.10904836049792843,60,578,89224,0.45268134544834093,16,Rent,Business,429,7,27,14.0,0.6497996268787427,0,0,TX,69,PhD,Married,0,2,0
164,2022-10-09,46360,0.22589931414562528,24,572,109405,0.35660787088977597,13,Mortgage,Credit Card Refinancing,1267,2,18,11.0,0.8469665417076332,0,0,MI,42,Master's,Single,0,115,0
165,2021-10-07,9927,0.1420004791161598,12,675,74796,0.39294880167637847,13,Rent,Debt Consolidation,1559,12,28,52.0,0.3125587034702625,0,0,TX,44,PhD,Widowed,2,195,0
166,2022-03-06,29144,0.06901060910653856,12,595,195778,0.18980436941365145,13,Mortgage,Home Improvement,1405,12,3,52.0,0.5777914549604904,0,0,CA,39,Associate's,Married,2,128,0
167,2022-11-17,32010,0.21534935360524943,12,844,148554,0.46751159908908524,5,Mortgage,Debt Consolidation,235,8,20,28.0,0.7303052769810532,0,0,IL,45,High School,Single,3,79,0
168,2023-09-25,23443,0.05952825148730132,36,602,143777,0.19431025952131556,2,Own,Other,1612,12,17,22.0,0.39848768913933497,0,0,GA,63,Bachelor's,Married,3,231,0
169,2023-09-16,15437,0.19534984483363935,24,723,24023,0.15673681881371956,0,Mortgage,Business,912,6,19,12.0,0.06632561133806758,0,0,PA,50,Associate's,Married,0,101,0
170,2023-10-03,45298,0.20478124435413303,24,505,187807,0.37333974994439345,15,Own,Business,1856,12,3,8.0,0.22918491092778526,0,0,GA,59,High School,Single,4,119,0
171,2023-06-08,40778,0.12052052118577164,36,621,92959,0.4546485684588326,3,Own,Other,951,3,29,23.0,0.8830658080886833,0,0,OH,59,High School,Single,4,74,0
172,2020-07-08,12207,0.21495757125555737,12,735,59218,0.12501791821737837,0,Own,Debt Consolidation,1844,3,28,38.0,0.8244802662548949,0,0,NY,34,Bachelor's,Divorced,0,9,0
173,2023-06-02,26537,0.1531318811712907,12,615,163285,0.13469765747027104,16,Rent,Debt Consolidation,1524,5,7,29.0,0.08653252882391704,0,0,GA,53,Master's,Married,2,23,0
174,2023-11-09,36757,0.14265873065455936,60,662,48460,0.5013395813529595,17,Rent,Other,970,3,8,,0.2239487233672408,0,0,FL,40,High School,Single,2,14,1
175,2023-11-01,13040,0.059080656293738515,48,725,144579,0.504516349753666,7,Mortgage,Credit Card Refinancing,991,6,7,59.0,0.76916528212332,0,0,IL,38,Bachelor's,Divorced,4,54,0
176,2023-07-30,42986,0.10800583872978119,24,729,84680,0.2226523585295406,1,Own,Credit Card Refinancing,1572,2,28,9.0,0.48589823198882,0,0,GA,23,PhD,Single,3,124,0
177,2021-09-24,23612,0.23620199417705998,24,681,51017,0.4076141014001018,17,Own,Home Improvement,734,8,7,37.0,0.7599670316957243,0,0,IL,39,High School,Divorced,0,45,0
178,2021-09-19,29441,0.1283647926567,24,748,112038,0.32159003757232973,15,Mortgage,Debt Consolidation,1751,13,10,57.0,0.2110924716621465,0,0,IL,60,High School,Divorced,3,225,0
179,2022-08-30,7471,0.1593401041113537,48,817,182062,0.41634802070175647,9,Own,Debt Consolidation,768,11,9,46.0,0.9526981391702748,0,0,PA,48,Master's,Single,2,16,0
180,2023-07-06,36631,0.15640433579685037,60,709,39515,0.5314396420496126,7,Mortgage,Other,1393,12,25,14.0,0.7836074487998993,0,0,OH,35,Master's,Single,4,212,0
181,2023-10-14,44461,0.16808621796453868,48,643,181063,0.13992821229112826,11,Own,Other,1140,11,23,8.0,0.19745232482600805,0,0,NC,36,PhD,Married,3,200,0
182,2021-12-10,27523,0.06226619112865653,12,844,158706,0.4889922129942271,15,Rent,Credit Card Refinancing,368,9,22,12.0,0.5584492006799889,0,0,OH,29,High School,Married,2,102,0
183,2023-12-05,32348,0.12243525095974567,12,595,180449,0.34651455226051964,11,Mortgage,Debt Consolidation,960,13,10,22.0,0.11309712809625783,0,0,PA,30,Master's,Divorced,2,226,0
184,2021-10-10,2177,0.19462565477651084,24,845,53001,0.3820634718809982,10,Mortgage,Debt Consolidation,581,7,13,32.0,0.36143481512650255,0,0,MI,42,Bachelor's,Single,2,95,0
185,2020-11-13,5760,0.09011205021459659,36,743,21391,0.42696568000856017,19,Rent,Business,1342,14,19,8.0,0.6596213684755208,1,0,FL,64,High School,Married,3,109,0
186,2023-06-02,33779,0.09071567550927209,24,585,129388,0.5613115745645537,18,Mortgage,Home Improvement,1442,3,24,2.0,0.3301276879287717,0,1,MI,56,Bachelor's,Divorced,1,185,0
187,2023-06-11,22636,0.05201812133780495,36,683,62215,0.12835997677586894,0,Rent,Home Improvement,1361,11,7,29.0,0.6567583957579679,0,0,NY,35,Associate's,Married,4,136,0
188,2021-11-14,17353,0.13749638532164196,48,620,99720,0.11473817606222383,2,Own,Credit Card Refinancing,1668,14,24,8.0,0.24477946466076195,0,0,NC,48,PhD,Divorced,2,25,0
189,2021-10-25,12556,0.2265468761346844,12,831,47114,0.18913089074438674,11,Rent,Debt Consolidation,384,10,29,51.0,0.721206780533067,0,0,MI,29,Master's,Married,3,169,0
190,2023-10-29,28598,0.06038018871746181,36,591,162954,0.5932238630133683,8,Rent,Business,1160,4,5,24.0,0.3595895739199291,0,0,IL,56,Associate's,Single,0,62,0
191,2023-06-10,12563,0.08822374189920053,48,569,133142,0.4575381836888879,4,Mortgage,Debt Consolidation,202,12,26,46.0,0.7904812709114372,0,0,IL,39,Master's,Widowed,4,77,0
192,2023-02-10,47819,0.11201690766855102,12,632,168345,0.407320559527251,0,Own,Other,1846,10,8,23.0,0.13668991471781355,0,0,TX,35,Associate's,Widowed,0,146,0
193,2021-03-17,44790,0.19634494731284258,36,778,126206,0.12351952670737396,9,Rent,Credit Card Refinancing,1553,2,19,31.0,0.3619779493522852,0,0,TX,29,Master's,Divorced,0,50,0
194,2021-07-17,9234,0.17812711856051733,24,636,65647,0.5395551119464824,16,Own,Home Improvement,891,9,21,6.0,0.4639324537746842,0,0,CA,29,PhD,Widowed,3,169,0
195,2023-07-15,26519,0.133188780916371,24,813,62679,0.5063784266485798,3,Rent,Debt Consolidation,1777,14,6,35.0,0.42384552450057666,0,0,IL,58,High School,Widowed,1,34,0
196,2023-11-10,27966,0.20181378785167514,24,686,20427,0.43240002193354243,14,Mortgage,Credit Card Refinancing,338,5,19,24.0,0.43309450452034004,0,0,TX,65,Bachelor's,Divorced,3,100,0
197,2023-11-11,17173,0.1719262023313804,48,720,149669,0.2695654077423514,18,Rent,Home Improvement,840,12,11,19.0,0.4448033333450726,0,0,NY,23,Associate's,Widowed,3,114,0
198,2023-02-10,27987,0.22920815993144383,24,545,86267,0.13525247778412866,7,Rent,Debt Consolidation,744,2,9,16.0,0.9888035252326512,0,1,NC,38,Bachelor's,Married,4,81,0
199,2022-08-09,14178,0.2136053498277386,60,777,20799,0.3900192439504613,14,Own,Business,1248,10,2,53.0,0.19315710326965474,1,0,MI,34,Bachelor's,Married,3,12,0
200,2023-01-09,40338,0.10056272121784011,12,691,75659,0.4598472857304188,6,Rent,Credit Card Refinancing,1688,6,16,35.0,0.7686638305086043,0,0,PA,35,Master's,Married,4,208,0
201,2021-11-29,25596,0.10428771552684005,48,507,27025,0.14712017523862372,14,Mortgage,Debt Consolidation,1723,7,4,25.0,0.551788781106658,0,0,TX,62,High School,Single,2,77,0
202,2020-04-22,34174,0.07507129515847713,24,775,34481,0.416883829899248,7,Mortgage,Home Improvement,1733,13,16,18.0,0.41362841810985407,0,0,OH,62,Master's,Married,4,75,0
203,2020-01-02,42974,0.1173929451434913,12,678,45411,0.2431830339435793,9,Rent,Home Improvement,981,2,15,59.0,0.6335287171752645,0,0,NC,30,Bachelor's,Widowed,3,206,0
204,2021-10-03,5431,0.24990878374381886,36,833,125928,0.48212211060990584,17,Rent,Business,706,1,2,36.0,0.8535314430998039,0,0,NC,48,PhD,Widowed,2,170,1
205,2020-08-07,28764,0.1311502337230122,24,538,143014,0.36980792530091855,3,Own,Credit Card Refinancing,287,13,22,47.0,0.466638363953086,0,0,CA,41,High School,Married,2,55,0
206,2022-05-04,22627,0.09409768693782128,12,792,166033,0.16451839390521836,14,Own,Credit Card Refinancing,987,7,9,2.0,0.8648013689610676,0,0,NY,59,High School,Single,1,92,0
207,2023-06-02,40310,0.2024965768951106,60,677,172839,0.363259723866618,10,Mortgage,Debt Consolidation,1379,1,8,42.0,0.09379833495904988,0,0,GA,33,Bachelor's,Married,3,187,0
208,2021-01-19,9906,0.15849420069253123,36,661,71690,0.2978684316833593,2,Own,Home Improvement,1708,3,10,56.0,0.6530842219930989,0,0,CA,63,Master's,Single,0,179,0
209,2023-11-27,37914,0.07992028990539052,60,830,72870,0.19017798414082596,14,Rent,Home Improvement,1086,4,19,27.0,0.3331800613208632,0,0,TX,43,PhD,Single,3,88,0
210,2023-02-27,45814,0.12613793623217315,12,603,187207,0.5207578620310616,2,Mortgage,Business,1023,2,13,21.0,0.38671532727216407,0,0,OH,58,Associate's,Married,0,181,0
211,2022-12-12,46379,0.13289394310786867,60,660,106928,0.1055142242495681,14,Own,Business,1997,7,9,46.0,0.5710197509043037,0,0,GA,60,Master's,Single,1,209,0
212,2021-12-30,14076,0.20076594011384374,12,786,90765,0.25606413843905296,5,Mortgage,Credit Card Refinancing,893,5,9,18.0,0.4799167982975723,0,0,IL,52,High School,Widowed,3,9,0
213,2023-12-10,38650,0.0541342737783809,12,622,43772,0.10629751908471338,0,Rent,Home Improvement,629,1,7,52.0,0.3817794385098544,0,0,NY,34,Master's,Married,1,238,0
214,2020-09-03,47881,0.1038039293596621,60,553,150417,0.14800347325307636,13,Own,Debt Consolidation,775,12,4,55.0,0.3083234218197314,1,0,TX,22,Associate's,Widowed,0,222,0
215,2022-04-15,47413,0.15351926026310442,12,533,38799,0.24854810958654053,15,Rent,Other,491,12,3,45.0,0.6183153022315322,0,0,NC,59,PhD,Single,4,229,0
216,2020-07-21,7012,0.10376934849056868,24,741,132051,0.1271355926946868,0,Rent,Debt Consolidation,1781,8,15,15.0,0.5055796518296253,0,0,MI,61,PhD,Divorced,3,3,0
217,2023-04-22,8151,0.17568680948379978,12,612,149941,0.3983152661785706,16,Mortgage,Business,1591,10,9,55.0,0.3233091255108804,0,0,OH,30,Associate's,Married,2,118,0
218,2020-05-02,29211,0.14637349585492332,48,817,43555,0.1434314539930914,7,Mortgage,Debt Consolidation,1949,7,7,5.0,0.2049610188775588,0,0,CA,60,Associate's,Divorced,2,136,0
219,2021-02-04,28117,0.12234205097191614,12,522,112152,0.4508568170330476,17,Mortgage,Home Improvement,1376,4,5,36.0,0.7744681959637522,0,0,TX,31,Bachelor's,Divorced,1,210,0
220,2022-02-05,37378,0.23984172537410245,48,545,147219,0.12632105631358057,15,Own,Credit Card Refinancing,771,2,6,30.0,0.7997149245278878,0,0,NC,50,High School,Divorced,4,187,0
221,2020-10-20,43652,0.1764318998372915,12,811,170405,0.1296544474005484,5,Own,Other,960,7,22,52.0,0.21378812698020266,0,0,OH,61,Bachelor's,Divorced,2,30,0
222,2020-10-06,7894,0.07598827445358824,12,634,155333,0.25266294951663315,9,Mortgage,Credit Card Refinancing,1684,11,14,48.0,0.2616490132446003,0,0,NY,51,Master's,Widowed,2,67,0
223,2022-06-02,14467,0.1620183394886791,60,617,139833,0.5482857624846388,9,Own,Other,1299,2,10,47.0,0.2391430225014869,0,0,PA,23,Associate's,Married,3,55,0
224,2020-07-16,32010,0.2061463706401802,24,688,89002,0.4206966243616582,4,Own,Other,565,6,14,33.0,0.8845697455765414,0,0,NC,39,Bachelor's,Widowed,2,162,0
225,2022-09-08,43641,0.19169793949855948,24,630,66553,0.48506564596445967,11,Mortgage,Home Improvement,938,1,10,30.0,0.7741303810618505,0,0,FL,49,High School,Single,0,123,0
226,2022-01-21,13289,0.08441784585905188,36,711,23088,0.17077605473855303,19,Rent,Home Improvement,1700,14,25,59.0,0.07457352324998068,0,0,MI,68,High School,Married,1,43,0
227,2020-05-23,45976,0.24448399980802069,60,612,65783,0.5170627166236229,16,Own,Business,1087,7,25,10.0,0.8326659498270857,0,0,NY,53,Associate's,Married,2,156,0
228,2021-08-31,44596,0.1397627291493212,60,543,21115,0.10407312409711758,13,Own,Business,1412,7,17,35.0,0.03685182072579163,0,0,TX,45,Bachelor's,Widowed,3,165,0
229,2023-05-09,24171,0.08180500074805226,24,627,92908,0.20652867536650307,13,Rent,Other,1173,12,13,5.0,0.2531997909830127,0,0,OH,59,PhD,Single,0,217,0
230,2023-02-21,35905,0.08603915082562959,60,657,89109,0.40804616057499676,2,Rent,Business,103,4,3,26.0,0.918991384096615,0,0,FL,35,Associate's,Divorced,2,158,0
231,2020-07-05,21829,0.0696469984378161,24,772,22978,0.28762320429702515,11,Rent,Home Improvement,1754,4,20,6.0,0.8643312947662094,0,0,OH,46,Master's,Single,1,71,0
232,2023-09-11,35054,0.21070362168698686,60,814,128943,0.5920966958592817,19,Mortgage,Business,951,10,17,48.0,0.7814345147246148,0,0,IL,46,Bachelor's,Widowed,1,62,0
233,2021-04-08,49478,0.07440609886436973,12,839,29422,0.11516962340915912,17,Rent,Other,1623,5,25,31.0,0.4575472291092496,0,0,GA,53,Bachelor's,Widowed,1,110,0
234,2023-10-04,45139,0.07502505142834939,24,544,194698,0.5992990839682716,11,Mortgage,Credit Card Refinancing,1799,2,14,7.0,0.3214141010200078,0,0,GA,48,Associate's,Widowed,2,29,0
235,2021-10-21,49713,0.22009432295216755,24,607,109233,0.411813916430658,1,Rent,Debt Consolidation,1346,9,6,59.0,0.8815458375404567,0,0,IL,53,Bachelor's,Divorced,0,115,0
236,2022-02-02,30734,0.11892081688951193,48,718,76174,0.37935349729804824,1,Rent,Business,1993,10,24,32.0,0.6570740902692122,0,0,OH,52,Bachelor's,Married,4,2,0
237,2022-08-12,8052,0.056171580861614494,60,817,57743,0.1297562212819872,16,Mortgage,Home Improvement,1791,4,25,56.0,0.29550885504779345,0,0,PA,45,Master's,Single,1,90,0
238,2021-02-06,4654,0.060379059903682177,60,814,150288,0.23666443833294534,9,Mortgage,Credit Card Refinancing,1385,11,7,46.0,0.46319587796544825,0,0,GA,56,Master's,Single,0,105,1
239,2023-10-01,24486,0.07843408934077911,24,676,149000,0.5623313441457979,17,Rent,Home Improvement,1808,9,22,51.0,0.8815002222616192,0,0,NC,51,PhD,Divorced,3,57,0
240,2020-05-26,19743,0.09267866959513792,12,727,142778,0.2771230015946221,18,Rent,Business,634,14,25,43.0,0.9034554360782215,0,0,IL,54,Master's,Widowed,3,185,0
241,2023-03-17,49368,0.18302923884768107,12,690,49430,0.4308266002336255,0,Rent,Other,1002,3,18,14.0,0.6593020939717295,0,0,OH,54,PhD,Single,0,42,0
242,2022-05-13,25489,0.08146525600036565,12,659,48834,0.5997481752093609,3,Own,Debt Consolidation,1499,9,18,54.0,0.7325558607170338,0,0,CA,67,Master's,Married,3,49,0
243,2021-05-03,9636,0.0737748782354144,60,766,44435,0.2315348569167706,3,Rent,Debt Consolidation,1184,1,18,26.0,0.039297833228803536,0,0,GA,48,PhD,Single,3,185,0
244,2022-07-17,7441,0.20294382829525584,48,825,107212,0.38804043950724687,1,Mortgage,Credit Card Refinancing,1479,7,4,29.0,0.6046005076371881,0,0,TX,54,Master's,Widowed,1,199,0
245,2021-07-04,25611,0.1842110567719829,24,689,75797,0.44821889635110657,18,Own,Debt Consolidation,1956,4,27,21.0,0.688992568370977,0,0,CA,54,Master's,Single,2,18,0
246,2020-12-03,43435,0.13706484429104723,36,674,194626,0.1823136232827076,11,Mortgage,Other,745,7,14,46.0,0.02037714708023164,0,0,PA,25,Associate's,Widowed,2,198,1
247,2022-05-21,13149,0.1598619542960208,48,789,74555,0.17433628184809105,9,Own,Home Improvement,123,14,13,28.0,0.8438589879562556,0,0,GA,51,Master's,Married,2,233,0
248,2021-10-02,35566,0.1123968040652837,36,644,105350,0.3281539558290867,12,Own,Other,1416,10,7,40.0,0.9282850116507411,1,0,TX,65,PhD,Divorced,2,232,0
249,2021-04-17,43368,0.14650008404707213,48,731,34716,0.29290626087964466,19,Mortgage,Credit Card Refinancing,656,6,23,47.0,0.23793645241878802,0,0,CA,36,Associate's,Widowed,0,27,0
250,2020-05-30,22675,0.15133452979654916,12,703,80261,0.45710771842865694,14,Own,Credit Card Refinancing,790,4,22,29.0,0.8457959326969645,1,0,TX,50,PhD,Widowed,1,118,0
251,2023-12-09,6495,0.12744745423561918,60,712,178600,0.13475438572429313,2,Mortgage,Debt Consolidation,455,4,14,1.0,0.6655125827091642,0,0,IL,49,Master's,Single,0,54,0
252,2023-08-14,43668,0.23131444213443256,36,539,21995,0.5860833118703452,19,Rent,Other,969,8,15,14.0,0.5806958197501985,0,0,GA,53,Master's,Divorced,3,233,0
253,2020-09-19,14673,0.05321237299620123,48,774,42414,0.10713849084291618,12,Own,Home Improvement,1040,7,8,46.0,0.8431259736891485,0,0,NC,57,PhD,Widowed,1,152,1
254,2020-05-23,12130,0.20643425261824924,60,822,164916,0.40065841216807563,7,Mortgage,Other,674,4,6,26.0,0.2856105357452037,0,0,NC,51,Bachelor's,Single,4,225,0
255,2020-12-11,23668,0.07487656624826487,36,581,187731,0.38131629793369415,6,Own,Home Improvement,128,11,15,6.0,0.790856177686854,0,0,FL,63,Associate's,Married,2,223,0
256,2021-09-15,16222,0.2095094721074399,24,680,35522,0.1673578654348629,7,Mortgage,Home Improvement,456,6,19,26.0,0.31452076766820325,0,0,GA,64,Associate's,Divorced,3,162,0
257,2022-10-13,24669,0.17318238313534426,48,819,149632,0.1754579913567649,17,Rent,Other,464,6,5,20.0,0.7874565429080738,0,0,IL,59,Master's,Single,2,150,0
258,2022-05-30,35068,0.2186556181872805,24,582,94034,0.49633874389731336,8,Rent,Business,707,1,2,12.0,0.4510540057564575,0,0,TX,63,Associate's,Divorced,2,216,0
259,2020-01-02,24253,0.06950286512817949,12,802,62322,0.5437812292063415,5,Own,Other,508,13,8,54.0,0.11694547149308043,0,1,IL,33,PhD,Widowed,2,63,0
260,2022-06-15,10435,0.1617961268199548,24,761,87638,0.2415084829418848,3,Own,Home Improvement,1389,2,21,16.0,0.3815198603059905,0,0,NY,24,Master's,Single,4,164,0
261,2023-08-20,29552,0.15021757605243943,24,771,121334,0.31898198198128425,14,Mortgage,Credit Card Refinancing,1414,4,14,10.0,0.23349327830975064,1,0,PA,36,Associate's,Married,3,92,0
262,2020-09-10,38384,0.19123863659267173,48,699,159596,0.27749752051917675,4,Mortgage,Credit Card Refinancing,666,6,5,58.0,0.10053155078621911,0,0,CA,69,High School,Married,2,84,0
263,2021-03-28,17393,0.15685811037873518,12,739,50846,0.13627350649332595,4,Own,Debt Consolidation,1276,6,14,9.0,0.11028706842366498,0,0,PA,31,Associate's,Single,2,61,0
264,2022-11-26,11617,0.15814691342662085,24,679,93643,0.4366021230079047,6,Mortgage,Credit Card Refinancing,318,1,5,56.0,0.7800713985040498,0,0,IL,43,PhD,Single,1,82,0
265,2023-03-29,39520,0.13591918871521294,60,670,134930,0.512596467402845,8,Mortgage,Business,272,8,4,32.0,0.8813978525224676,0,0,NC,44,Associate's,Divorced,2,42,0
266,2022-10-11,10852,0.11176688480146818,36,794,198775,0.2524396786956036,6,Mortgage,Home Improvement,707,2,9,13.0,0.9271291194325039,0,0,OH,32,Bachelor's,Single,1,96,0
267,2020-01-09,32401,0.14645287225043843,24,676,44399,0.5950878968153591,8,Own,Other,1758,13,21,36.0,0.8539461723304547,0,0,PA,37,Bachelor's,Divorced,3,161,0
268,2023-06-10,7295,0.07369847175368012,12,736,143182,0.13792577864117747,19,Rent,Other,1135,5,9,7.0,0.8302240972854418,0,0,OH,67,Master's,Widowed,3,74,0
269,2023-01-27,36993,0.24230266779661697,24,637,68591,0.43089535690726044,9,Rent,Business,1639,4,26,32.0,0.06883585151660598,0,0,MI,37,Bachelor's,Single,3,137,0
270,2022-03-26,35084,0.19288215272531967,36,826,171786,0.3241140072630445,3,Mortgage,Credit Card Refinancing,1485,5,18,6.0,0.7901235947217103,0,0,IL,35,PhD,Widowed,1,119,0
271,2020-07-26,46105,0.24049342333756937,12,810,55877,0.32330095055332797,5,Own,Home Improvement,957,5,16,33.0,0.783282659656451,0,0,CA,27,High School,Married,4,25,0
272,2023-02-28,40575,0.09534547646599266,48,628,104106,0.3288228080167701,13,Mortgage,Credit Card Refinancing,1702,10,5,6.0,0.13129039410461318,0,0,NC,63,High School,Divorced,4,141,0
273,2021-02-07,37451,0.2258682040353056,12,548,98018,0.22934088690071422,8,Rent,Debt Consolidation,756,8,7,6.0,0.6620092319346323,0,0,IL,38,Master's,Divorced,2,47,0
274,2020-05-31,8227,0.2117579969127077,48,663,119854,0.45778141366611624,0,Mortgage,Credit Card Refinancing,1068,10,25,40.0,0.45250733645928154,0,0,FL,52,Master's,Married,3,122,0
275,2020-02-23,32910,0.18543048249153474,12,776,184486,0.4607882630425134,16,Rent,Debt Consolidation,1600,7,23,53.0,0.9000135234720708,0,0,PA,63,Bachelor's,Widowed,0,173,0
276,2023-02-17,37041,0.17500583721704116,36,792,140832,0.24119855505291352,12,Own,Other,1700,12,29,35.0,0.6954083623956674,0,0,IL,31,PhD,Divorced,2,133,0
277,2021-09-19,24384,0.11330993305357401,36,615,106576,0.5176532304292251,6,Mortgage,Home Improvement,1205,14,7,54.0,0.9509875363742522,0,0,CA,67,Bachelor's,Married,4,31,0
278,2021-08-09,1145,0.21328215699300615,12,523,196540,0.258422471825165,8,Own,Debt Consolidation,1740,9,11,6.0,0.10492264527464368,0,0,NY,41,PhD,Married,4,159,0
279,2023-12-14,38778,0.15030309229594677,24,810,112508,0.46254656199327115,10,Mortgage,Credit Card Refinancing,1816,12,5,19.0,0.040607314452393184,0,0,FL,30,PhD,Married,3,98,0
280,2023-12-16,17035,0.06417831517825708,36,524,66835,0.16049988375603322,2,Mortgage,Credit Card Refinancing,1463,11,10,17.0,0.973579357760546,0,0,GA,36,High School,Single,1,218,1
281,2020-04-13,4040,0.112572632171026,48,626,62464,0.18435082140187284,11,Mortgage,Other,540,13,17,44.0,0.08019216144490438,0,0,IL,60,PhD,Widowed,2,199,0
282,2020-09-10,43422,0.23705941970906552,48,733,132454,0.2578978222541256,2,Mortgage,Business,716,1,8,42.0,0.3861958209102295,0,0,OH,23,Associate's,Married,1,169,0
283,2023-06-04,27160,0.22013605212096926,60,708,173995,0.3969368838339308,14,Mortgage,Business,325,6,15,40.0,0.6499706222505548,0,0,NY,25,PhD,Widowed,4,115,0
284,2023-02-09,18633,0.24638113961530783,48,592,136062,0.4227557427393497,9,Own,Credit Card Refinancing,470,6,28,13.0,0.8800566733340838,1,0,GA,45,High School,Divorced,3,174,0
285,2021-05-24,30344,0.17559867652081962,60,593,87445,0.2981780859837374,0,Own,Business,127,2,7,39.0,0.25457731821392604,0,0,IL,39,Bachelor's,Single,4,52,0
286,2020-04-08,18014,0.09950201462808239,12,826,130454,0.13891957655525702,13,Rent,Home Improvement,1107,11,2,52.0,0.029058211885023333,0,0,FL,32,PhD,Married,3,212,1
287,2020-06-01,15996,0.08256300993537276,12,724,141906,0.2868173260463621,19,Mortgage,Business,1094,8,19,13.0,0.5212867904991895,0,0,NC,58,Associate's,Married,0,107,0
288,2022-07-02,42621,0.08738288812169233,12,779,118384,0.44438375797957574,5,Rent,Home Improvement,115,6,13,20.0,0.4711120202722413,0,0,PA,47,Master's,Married,1,86,0
289,2022-05-27,12695,0.05395913166945088,24,510,197218,0.43549773056515795,1,Own,Credit Card Refinancing,1400,11,23,48.0,0.30689318218907957,0,0,FL,29,Bachelor's,Divorced,2,133,0
290,2020-12-03,3852,0.12813642219718785,24,828,80032,0.18009820660272138,7,Rent,Credit Card Refinancing,432,13,28,58.0,0.8738993675014491,0,1,GA,43,Master's,Single,3,12,0
291,2022-04-01,17014,0.08828553609990851,60,511,133521,0.10389198513448358,0,Own,Credit Card Refinancing,582,10,16,56.0,0.7493221715832347,0,0,TX,26,Associate's,Widowed,0,21,0
292,2023-04-01,28042,0.1323310920913405,48,534,136378,0.4764908086480584,3,Mortgage,Other,1933,9,2,26.0,0.8581163831992467,0,0,MI,23,High School,Widowed,0,9,0
293,2022-08-14,34755,0.2369988863677531,48,727,37140,0.15318408319262186,3,Rent,Business,665,10,16,45.0,0.1618089594771992,0,0,NY,26,High School,Widowed,1,93,0
294,2020-06-09,41390,0.136108041901438,12,719,22670,0.14117457198214275,4,Rent,Debt Consolidation,1411,5,16,25.0,0.692411958940341,0,0,OH,56,Bachelor's,Widowed,3,91,0
295,2022-03-11,24711,0.22559689939696698,36,640,56519,0.10135060841708174,19,Rent,Debt Consolidation,213,7,28,26.0,0.9751017354188574,0,0,FL,53,PhD,Widowed,2,145,0
296,2021-02-01,27122,0.17110095332317532,24,522,64512,0.3163006629784636,8,Rent,Credit Card Refinancing,137,6,17,23.0,0.6119138918086923,0,0,FL,65,PhD,Widowed,2,104,0
297,2023-07-24,10160,0.09942631093227838,24,582,123565,0.3516319504504072,12,Mortgage,Business,553,11,22,4.0,0.17136436529548615,0,0,MI,40,Master's,Widowed,2,152,0
298,2022-03-26,28213,0.12117095185184229,12,728,165763,0.41883202307429535,17,Own,Home Improvement,841,5,2,41.0,0.9957803944681345,0,0,NC,60,High School,Single,4,155,0
299,2023-11-16,40420,0.06678390716428588,24,843,125156,0.24803192035629293,16,Own,Debt Consolidation,265,6,4,37.0,0.5283235815583782,0,0,NY,25,PhD,Single,4,136,0
300,2023-03-04,8421,0.11669251871920211,12,579,185334,0.45521235819339,0,Mortgage,Credit Card Refinancing,793,4,13,27.0,0.8400590182762472,0,0,CA,44,PhD,Divorced,3,172,0
301,2023-05-03,22400,0.18550818910070682,60,789,45595,0.1846659287034708,14,Own,Debt Consolidation,304,3,29,41.0,0.14936144743043134,0,0,OH,67,High School,Married,2,62,0
302,2021-02-04,34537,0.06442221858588704,48,830,184512,0.5159950265551737,1,Rent,Debt Consolidation,977,13,29,42.0,0.6660962177579214,0,0,GA,40,High School,Single,0,29,0
303,2021-10-01,18727,0.09108028169560588,36,658,28630,0.3859241644452228,15,Mortgage,Debt Consolidation,344,1,8,57.0,0.9126176982038638,0,0,TX,47,Associate's,Married,2,83,1
304,2022-11-22,47882,0.1262882082826623,48,627,182322,0.3919449116860242,19,Own,Credit Card Refinancing,1994,1,6,31.0,0.5320178191119393,0,0,NY,47,Master's,Divorced,3,74,0
305,2021-11-18,5358,0.24640990740319252,48,689,127461,0.20488770688955407,4,Mortgage,Credit Card Refinancing,1456,6,29,23.0,0.2886600605848044,0,0,FL,28,High School,Single,2,152,0
306,2021-04-04,29482,0.20697236459177604,60,530,94191,0.13705437465019413,18,Mortgage,Other,1042,14,27,5.0,0.1274218279575865,0,0,NY,53,Associate's,Divorced,1,34,0
307,2022-08-12,33117,0.19669734929842078,24,514,120591,0.3323624015403357,4,Own,Other,1519,9,2,9.0,0.2959446652383303,0,0,NY,68,High School,Single,2,60,0
308,2021-04-14,24164,0.0732381913050892,36,812,83753,0.4078059759611795,1,Own,Other,920,8,2,45.0,0.35488420292685796,0,0,IL,54,Bachelor's,Single,0,104,0
309,2023-10-30,32910,0.2061991787229983,24,574,80520,0.1475232293308428,6,Mortgage,Debt Consolidation,606,12,16,51.0,0.7099551052298295,0,0,MI,65,Bachelor's,Widowed,3,159,1
310,2022-11-11,33496,0.20705376230320305,48,533,24008,0.5752672372640834,2,Mortgage,Business,1023,2,9,2.0,0.17862140702960194,1,0,IL,47,Bachelor's,Married,3,238,1
311,2022-01-19,45311,0.17022053912486568,12,695,195536,0.5902071801164034,16,Own,Credit Card Refinancing,1244,9,12,6.0,0.10610485571540762,0,0,GA,45,High School,Divorced,0,115,0
312,2020-02-07,30371,0.2480723563996744,48,830,127408,0.37272834769624597,2,Mortgage,Other,1382,8,15,28.0,0.3869395410337545,0,0,NC,44,PhD,Widowed,3,132,0
313,2020-08-17,39467,0.1150507811849104,24,528,20496,0.5750345776367031,12,Own,Business,1845,14,26,33.0,0.4586536164091378,1,0,NY,59,PhD,Single,2,233,1
314,2023-10-20,18625,0.23825448964837034,48,693,119767,0.18972261879042654,6,Mortgage,Other,509,14,24,6.0,0.628385052217505,1,0,CA,47,Bachelor's,Single,3,237,0
315,2021-07-16,34893,0.23294622299130074,12,515,43212,0.11271034258976245,2,Mortgage,Other,409,12,14,16.0,0.7075313013009391,0,0,TX,66,Master's,Divorced,2,223,0
316,2021-03-13,11793,0.05229613194987557,60,576,40637,0.11970476764519497,14,Mortgage,Business,1931,9,20,12.0,0.8892777088335996,0,0,PA,52,Associate's,Married,3,137,0
317,2023-07-30,32007,0.1400233052949622,24,792,65227,0.3937562397133896,17,Own,Other,1829,4,13,57.0,0.2889535655280361,0,0,IL,27,Bachelor's,Divorced,2,90,0
318,2020-01-27,26766,0.24542084661031469,48,580,139753,0.13082094171841177,9,Rent,Debt Consolidation,167,9,23,20.0,0.528607822691929,0,0,GA,66,Associate's,Single,2,77,1
319,2020-08-13,40532,0.07062427248161517,24,623,140118,0.5792728034120436,6,Own,Debt Consolidation,213,2,20,30.0,0.3660407068030652,0,0,GA,52,Associate's,Widowed,0,121,0
320,2023-07-24,13323,0.1595569388766639,60,518,29884,0.1709666053796993,8,Mortgage,Debt Consolidation,319,13,27,8.0,0.0014216720309900843,0,0,NY,68,Bachelor's,Divorced,0,218,0
321,2022-03-08,46799,0.2457915014082208,48,601,136481,0.25236140302648935,4,Rent,Home Improvement,319,1,5,44.0,0.5794318227199275,0,0,NC,69,PhD,Widowed,4,182,0
322,2020-10-10,47820,0.16109908482117205,48,576,88259,0.5112589009991743,19,Rent,Other,1596,13,29,46.0,0.8157960756711387,0,0,FL,61,Master's,Married,0,1,0
323,2022-05-28,46408,0.08796306059443121,24,728,69810,0.20937016155204655,7,Mortgage,Home Improvement,829,9,5,12.0,0.03643948610339409,0,1,CA,66,Bachelor's,Married,2,232,0
324,2022-08-17,8843,0.16643664601851796,24,796,149926,0.2214842292272853,13,Own,Credit Card Refinancing,848,10,4,16.0,0.0034917586029702408,0,0,NY,66,Associate's,Widowed,2,189,0
325,2021-03-28,15210,0.09088811478990938,12,702,24761,0.4211544778955091,3,Rent,Business,1042,8,27,7.0,0.727818406510738,0,0,PA,33,High School,Married,3,73,0
326,2022-10-16,17456,0.15394085257889686,60,560,36375,0.23804304424463116,19,Rent,Credit Card Refinancing,485,7,7,8.0,0.6838597250088332,0,0,IL,38,High School,Widowed,3,159,0
327,2022-03-26,32367,0.06480844358246961,12,525,176290,0.20872381700385015,13,Own,Home Improvement,1421,14,6,8.0,0.4058521053350209,1,0,OH,47,Associate's,Widowed,4,88,0
328,2021-10-20,11106,0.17109653384288093,48,570,181637,0.22708885715282875,11,Own,Debt Consolidation,1029,13,12,39.0,0.6616048816209097,0,0,NC,24,Bachelor's,Widowed,2,45,0
329,2021-06-30,38957,0.15335798782563165,24,602,122654,0.3453237496703634,1,Rent,Other,1729,8,26,47.0,0.9533860725310008,0,0,PA,36,PhD,Married,4,60,0
330,2023-04-30,3472,0.19803227375229263,48,825,52975,0.5830499363657411,12,Own,Other,1376,12,10,51.0,0.24786279655530363,0,0,PA,59,Bachelor's,Widowed,2,86,1
331,2022-12-08,7704,0.17614009423175703,48,656,178145,0.5161189707806142,0,Rent,Debt Consolidation,504,1,4,29.0,0.24592659453158383,1,0,NY,45,Master's,Married,0,201,1
332,2020-01-17,4713,0.15992125370615135,36,693,152955,0.24230513228008857,19,Mortgage,Other,591,14,10,6.0,0.18623220476421387,0,0,OH,51,High School,Widowed,3,103,0
333,2023-04-10,6051,0.18795576984962425,36,774,94489,0.2816866042490489,6,Own,Business,456,9,13,16.0,0.7239867499737503,0,0,NY,65,Associate's,Widowed,4,87,0
334,2023-05-28,11756,0.07878838271444617,48,823,28381,0.33225612525203874,8,Rent,Business,1551,12,4,38.0,0.35318923817134007,0,0,OH,57,PhD,Married,1,212,1
335,2020-06-06,3475,0.16907193225172082,24,685,174310,0.5894648235084952,16,Own,Business,314,10,21,37.0,0.9886931339871307,0,0,GA,65,Bachelor's,Widowed,2,119,0
336,2021-04-21,37378,0.08442212056455554,48,825,164867,0.18619523416785785,12,Own,Credit Card Refinancing,1503,11,18,4.0,0.7146489034571513,0,0,CA,48,Master's,Widowed,0,42,0
337,2022-12-05,5255,0.2351044415703762,36,612,82999,0.2787415517459414,9,Rent,Debt Consolidation,1893,9,22,16.0,0.36737688664738455,0,0,NC,43,Bachelor's,Married,1,213,0
338,2023-10-28,15484,0.06366682096912084,24,812,69907,0.4647130469913575,15,Mortgage,Business,1982,12,13,39.0,0.14918603406346476,0,0,GA,23,Master's,Single,0,155,0
339,2021-06-01,35503,0.13607494993815866,48,664,160710,0.5819718671344717,5,Rent,Home Improvement,851,11,26,57.0,0.5920248165277222,0,0,NC,28,Bachelor's,Divorced,0,186,0
340,2020-04-08,9258,0.189159495531089,60,560,90467,0.17783760638211885,15,Own,Business,926,9,19,,0.2949032530964255,0,0,IL,37,PhD,Married,2,197,0
341,2022-11-26,41747,0.14160444233365174,60,591,62623,0.21368997709717288,10,Rent,Credit Card Refinancing,1337,13,5,15.0,0.9055090812962866,0,0,FL,45,PhD,Widowed,0,81,0
342,2020-10-06,36196,0.06841905064658048,48,785,189564,0.21284733719521512,19,Own,Home Improvement,1221,14,11,16.0,0.44140439987647473,0,0,CA,51,Associate's,Divorced,4,226,1
343,2023-10-04,46113,0.16067580322534147,24,652,177483,0.11046601474603676,2,Rent,Debt Consolidation,627,6,19,29.0,0.2926499645385542,0,0,NC,65,PhD,Divorced,1,201,0
344,2021-05-11,41194,0.17832638176547091,48,724,130724,0.4020578124904748,8,Mortgage,Debt Consolidation,1015,4,9,30.0,0.5885518145706807,0,0,FL,69,Master's,Widowed,0,162,0
345,2020-10-28,9533,0.19075846219810155,48,626,171606,0.43535153707294694,14,Mortgage,Business,765,13,10,34.0,0.13697450097106467,0,0,FL,67,Associate's,Widowed,0,10,0
346,2020-06-29,33581,0.12465196289255179,36,692,180253,0.4012629450626267,12,Mortgage,Home Improvement,1651,2,20,44.0,0.5615490728028784,0,0,FL,22,PhD,Single,3,123,0
347,2021-08-29,6249,0.16273199420575246,60,614,123069,0.13566149470640718,9,Mortgage,Home Improvement,809,11,14,7.0,0.05611147851974019,0,0,NY,48,High School,Widowed,3,236,0
348,2023-01-27,20201,0.14013729498778263,36,761,39996,0.13461506287281585,19,Rent,Business,1743,4,26,47.0,0.6068886817472076,0,0,FL,30,Master's,Divorced,4,194,0
349,2021-11-30,10686,0.1844112077504507,36,517,125682,0.20519327724706202,12,Mortgage,Business,634,7,7,55.0,0.5301638439014289,0,0,NY,28,Associate's,Widowed,3,111,0
350,2022-09-19,47877,0.16671139346496372,48,509,103609,0.24514725784945732,16,Rent,Other,653,1,23,29.0,0.5207659821389716,0,0,GA,26,Master's,Divorced,0,25,0
351,2023-02-13,33007,0.155151243911827,36,591,180477,0.49327182795502367,6,Own,Other,1672,14,8,38.0,0.6841643870577806,0,0,OH,51,Associate's,Married,0,3,0
352,2020-07-09,1661,0.09990487336764974,60,638,121490,0.17969513287446057,5,Own,Business,427,9,29,20.0,0.04445661442668469,0,0,MI,63,Master's,Married,1,162,0
353,2020-09-09,45843,0.05040370354964679,36,832,91325,0.12204610819876607,12,Own,Credit Card Refinancing,1001,3,22,14.0,0.4597314646302961,0,0,NY,48,High School,Divorced,3,71,0
354,2022-09-07,31137,0.08481633506228586,60,839,48930,0.2969937538565276,16,Mortgage,Other,1288,13,7,55.0,0.44403866304037454,0,0,NY,31,PhD,Married,2,28,0
355,2022-07-16,48556,0.07341320828483373,36,551,134426,0.3081960850709602,14,Mortgage,Business,1239,13,12,33.0,0.4597824418424993,0,0,NY,46,Bachelor's,Single,3,137,0
356,2023-03-30,43828,0.13981694900218936,60,694,37529,0.32545366909447715,3,Mortgage,Home Improvement,249,4,18,55.0,0.9798909710653433,0,0,CA,39,Bachelor's,Divorced,0,11,0
357,2023-07-03,49604,0.17245163015236895,36,705,73546,0.5134517720134842,14,Own,Other,1641,12,20,59.0,0.13927847314426034,0,0,PA,28,Bachelor's,Divorced,1,93,0
358,2023-09-08,11526,0.09261700173696163,36,786,27942,0.14900270743547087,13,Own,Credit Card Refinancing,1155,5,29,26.0,0.6904297570595925,0,0,PA,52,Associate's,Widowed,3,118,0
359,2020-05-07,4374,0.23781141919343743,24,592,27548,0.4519710412109811,10,Own,Debt Consolidation,756,12,26,1.0,0.40199613737855644,0,0,CA,53,PhD,Single,1,124,0
360,2020-01-18,26592,0.05133642584477756,60,808,135248,0.26897278552264536,3,Own,Home Improvement,905,13,13,9.0,0.5117265243245136,0,0,CA,66,Associate's,Widowed,3,208,0
361,2021-07-19,29982,0.20446020303306858,60,644,169368,0.25499006821773496,2,Rent,Credit Card Refinancing,392,3,22,4.0,0.7623939058561962,0,0,PA,32,Associate's,Single,4,167,0
362,2021-07-23,1207,0.17504095390608845,60,585,117780,0.56627156304299,1,Rent,Credit Card Refinancing,1018,4,22,26.0,0.15737544257348102,0,0,PA,31,Associate's,Single,0,93,0
363,2023-09-08,36433,0.12471096020953638,12,652,20296,0.22423426220837103,19,Mortgage,Credit Card Refinancing,788,5,25,3.0,0.7635852126364923,0,1,FL,43,Associate's,Single,0,141,0
364,2021-11-16,24197,0.06009778888248159,36,501,87945,0.42126591766968313,9,Mortgage,Home Improvement,1056,12,28,46.0,0.0703307826844396,0,0,TX,52,PhD,Divorced,2,99,0
365,2021-09-17,34400,0.1754973143568559,60,841,79980,0.23756387868804604,12,Own,Credit Card Refinancing,1300,1,28,12.0,0.483309511209833,0,0,NC,62,Bachelor's,Married,0,11,1
366,2023-08-04,4083,0.1271227025731296,12,759,76782,0.35357194132019254,19,Rent,Debt Consolidation,1184,14,14,16.0,0.7420708576995805,0,0,PA,68,Master's,Married,2,35,1
367,2022-05-03,30328,0.23725342788264384,24,663,185301,0.493146446298139,17,Rent,Other,1712,9,19,20.0,0.19255145535469942,0,0,CA,35,Associate's,Widowed,0,239,0
368,2022-08-19,47479,0.1583980149779532,60,505,116382,0.5408612617581303,15,Mortgage,Home Improvement,515,10,8,22.0,0.7709156460354234,0,0,TX,24,PhD,Widowed,3,8,0
369,2020-06-03,43891,0.23793030225870165,60,648,73444,0.5193486201475251,10,Rent,Credit Card Refinancing,1506,13,26,32.0,0.16681250692574323,0,0,CA,45,High School,Married,3,7,0
370,2021-05-04,21103,0.09409673869466083,12,704,55036,0.3910903680723199,9,Mortgage,Business,697,10,24,49.0,0.7992387569371213,0,0,TX,35,Master's,Married,4,69,0
371,2023-11-10,40891,0.19514518207282067,36,617,59322,0.22440815766911107,8,Own,Other,1826,13,29,59.0,0.4689355729418375,0,0,NY,37,Associate's,Single,3,70,0
372,2022-02-23,11754,0.17344980416974515,24,588,178239,0.43061669163093286,11,Own,Home Improvement,106,14,6,14.0,0.6846383318631067,0,0,IL,49,Associate's,Widowed,1,185,0
373,2023-02-01,35447,0.19788164596626237,60,653,71667,0.45495252288980403,18,Mortgage,Business,1017,4,17,13.0,0.9174064583691884,0,0,TX,56,Master's,Widowed,3,115,0
374,2023-11-17,16901,0.09293357279450737,36,666,114527,0.10534599505675071,0,Own,Business,184,13,23,8.0,0.40842152361373374,1,0,OH,61,Master's,Widowed,2,124,0
375,2020-09-02,34004,0.18299890324755475,24,660,103337,0.3196052554659373,17,Own,Credit Card Refinancing,873,9,5,43.0,0.23295752682277282,0,0,GA,23,Associate's,Widowed,4,163,0
376,2023-04-14,8446,0.1496080786113738,48,769,71468,0.5216310214108821,13,Rent,Home Improvement,1056,4,29,36.0,0.8671640966176769,0,0,OH,55,PhD,Married,1,222,0
377,2022-11-28,38211,0.19856499498126326,48,555,92894,0.34479379812152366,0,Rent,Credit Card Refinancing,1521,14,24,29.0,0.16161664810477816,0,0,NY,39,High School,Married,1,11,0
378,2022-01-28,49231,0.11540892883036356,24,727,83138,0.2556877210816606,16,Rent,Debt Consolidation,1894,1,2,28.0,0.6314760518374166,0,0,MI,28,PhD,Divorced,0,166,0
379,2021-06-21,30301,0.2280114050930505,12,836,42588,0.5358988855123313,10,Rent,Business,1516,12,5,22.0,0.9232532880406146,1,0,MI,59,Bachelor's,Divorced,2,91,0
380,2022-07-09,27116,0.06686026292227008,24,648,82901,0.17794034876490286,19,Rent,Debt Consolidation,1170,5,4,33.0,0.6743967115353057,0,0,OH,63,Bachelor's,Married,3,85,0
381,2021-02-11,42323,0.21143786375823762,24,545,168743,0.2032226162081002,14,Mortgage,Credit Card Refinancing,1464,13,5,54.0,0.19568108545001528,0,0,MI,28,Bachelor's,Single,3,206,0
382,2021-06-08,19752,0.22226392516301818,12,643,103038,0.44368618346806665,3,Mortgage,Other,1621,9,2,54.0,0.15228395176323295,0,0,TX,25,Associate's,Married,0,49,0
383,2022-04-07,33376,0.21345046227336426,12,737,182717,0.27621797076328747,14,Rent,Business,705,3,13,6.0,0.25230553110059106,0,0,OH,64,High School,Single,3,35,0
384,2022-06-21,17669,0.15254527885235522,36,771,158709,0.45650841786688945,13,Own,Other,1601,5,14,52.0,0.3914068328565784,0,0,CA,37,High School,Widowed,1,157,0
385,2020-02-05,33916,0.13767699600615227,36,619,151732,0.17885181062974595,0,Own,Home Improvement,525,3,3,8.0,0.1591590318499031,0,0,NY,27,Associate's,Divorced,3,88,0
386,2021-11-15,14395,0.24925245730497536,12,839,127211,0.22613454480042297,8,Mortgage,Business,525,12,29,49.0,0.7978140664413176,0,0,MI,41,Associate's,Single,3,228,1
387,2020-01-20,21421,0.09583439024283243,48,719,26922,0.17832368918181676,6,Mortgage,Debt Consolidation,835,3,28,3.0,0.3570353426088887,0,0,CA,52,Associate's,Widowed,1,169,0
388,2020-11-16,27342,0.15937519317520893,48,507,113697,0.5764551567817549,10,Mortgage,Other,890,1,10,1.0,0.9360867359127264,0,0,NC,40,High School,Married,2,109,0
389,2021-05-26,5895,0.18413510507646513,24,843,195793,0.30270198042546204,1,Own,Home Improvement,614,2,8,55.0,0.842490864035324,0,0,NY,43,Associate's,Divorced,2,224,0
390,2021-02-03,12023,0.19017352717228642,60,774,137217,0.268609954955113,1,Mortgage,Business,1252,2,14,59.0,0.9088182628016865,0,0,NY,42,Master's,Married,1,134,0
391,2021-10-15,11699,0.09080493314771575,24,565,89506,0.10710107808538236,5,Own,Home Improvement,1958,9,23,26.0,0.29449271500354,0,0,PA,39,Master's,Widowed,1,10,1
392,2022-08-29,10715,0.18079881846796025,24,578,144338,0.1767087897054437,18,Mortgage,Debt Consolidation,1372,7,3,32.0,0.5737315438221902,0,0,OH,53,Master's,Widowed,4,84,0
393,2021-04-15,20169,0.21367391329626748,60,585,47843,0.3105679281212498,19,Own,Business,840,8,2,31.0,0.32144951804235744,0,0,NY,68,Associate's,Married,4,212,0
394,2023-03-12,17163,0.06000371536422244,12,623,160118,0.13425139628594704,13,Mortgage,Home Improvement,1962,2,19,56.0,0.25694851158084764,0,0,FL,55,Master's,Widowed,3,218,0
395,2023-01-20,6782,0.23230425866506332,48,701,123064,0.3553696647531085,2,Mortgage,Credit Card Refinancing,230,9,8,43.0,0.6070867812025507,0,0,TX,48,Associate's,Widowed,3,85,0
396,2023-10-09,23641,0.05590081102904119,24,649,146417,0.3275077192322239,6,Own,Business,1863,13,19,44.0,0.817995380599782,0,0,IL,59,Master's,Single,4,237,0
397,2022-04-13,19792,0.12119420649767887,60,545,136585,0.483584070172176,6,Mortgage,Business,1812,3,20,45.0,0.09359780612665425,0,0,NC,65,Associate's,Married,3,151,1
398,2021-12-27,36585,0.05316263924659242,36,612,50346,0.42990135070015834,3,Rent,Business,422,10,9,36.0,0.2757687613660714,0,0,NY,51,PhD,Married,2,174,0
399,2022-05-03,31682,0.06542903370791638,24,590,143152,0.3229736526602869,4,Own,Business,922,13,24,26.0,0.20513418088612723,0,0,IL,54,Bachelor's,Divorced,2,140,0
400,2020-02-20,48864,0.23223365703601584,48,640,131769,0.21233035005253573,16,Mortgage,Credit Card Refinancing,642,2,13,27.0,0.7983501731560643,0,0,GA,48,PhD,Single,0,55,0
401,2021-07-28,19880,0.12097216614922957,12,788,122391,0.4634317830089032,3,Own,Debt Consolidation,165,12,12,2.0,0.9333720730922194,0,0,PA,44,Bachelor's,Single,4,141,0
402,2023-04-28,39067,0.13495430608501058,24,717,93143,0.45393105172710213,12,Mortgage,Credit Card Refinancing,817,1,28,59.0,0.07994271018335897,0,0,FL,64,Bachelor's,Widowed,2,74,0
403,2023-02-22,43685,0.09306887627651053,24,576,56787,0.1766480802576937,15,Rent,Credit Card Refinancing,1224,9,28,58.0,0.379213414707241,0,0,MI,40,Master's,Divorced,0,135,0
404,2020-05-29,19073,0.16941915403734398,60,833,53583,0.5573759157127014,15,Mortgage,Home Improvement,1955,8,10,35.0,0.9145090427186567,0,0,GA,52,Bachelor's,Divorced,1,229,0
405,2020-11-09,37035,0.16896064293555793,36,651,163635,0.1322025580075216,1,Mortgage,Other,130,13,29,48.0,0.34463822054629834,0,1,TX,25,Bachelor's,Single,2,140,1
406,2021-07-23,38174,0.12444007836504385,36,822,197132,0.1275188544463581,17,Rent,Other,984,12,5,50.0,0.7126614363137032,0,0,FL,40,PhD,Divorced,0,61,0
407,2023-09-27,25837,0.11660697436107968,12,738,141943,0.1936752088312135,0,Own,Home Improvement,290,11,8,42.0,0.10066638651934301,0,0,NC,59,Bachelor's,Single,3,153,0
408,2020-10-31,18826,0.22699286163611757,48,614,184762,0.5547303990243856,17,Mortgage,Credit Card Refinancing,1701,4,18,7.0,0.4443875316121423,0,0,IL,61,Associate's,Divorced,0,130,1
409,2021-11-12,25981,0.12665684792844029,12,818,131233,0.3599990620184609,7,Mortgage,Home Improvement,514,7,12,43.0,0.5033007755916284,0,0,PA,43,Associate's,Single,2,232,1
410,2022-04-17,11382,0.14870019843088164,24,593,34925,0.4939704603364501,10,Rent,Business,1938,12,28,49.0,0.7576640779850603,0,0,NY,30,Master's,Single,3,26,0
411,2022-12-13,5437,0.10666095248498614,24,547,103184,0.2139215940382503,14,Own,Home Improvement,846,14,3,49.0,0.2888246505798262,0,0,NC,52,PhD,Widowed,3,232,0
412,2022-09-29,6435,0.20735390067142548,36,690,171180,0.3451109873268704,15,Own,Home Improvement,1913,3,24,40.0,0.2641885725505271,0,0,GA,31,High School,Widowed,0,179,0
413,2021-03-19,25819,0.12948963137981834,48,511,96515,0.2791447318119411,16,Rent,Business,1837,3,19,36.0,0.3029676701958314,1,0,OH,31,PhD,Divorced,0,69,0
414,2021-09-04,37875,0.15272220930886493,60,655,156427,0.5139143035330963,16,Rent,Other,1623,4,23,52.0,0.5556965087937408,0,0,NC,51,High School,Widowed,2,62,0
415,2022-09-19,32982,0.10067143401193229,48,671,66069,0.11130221967961332,11,Mortgage,Business,1985,2,27,48.0,0.8760044134647508,1,0,IL,31,Bachelor's,Married,3,200,0
416,2020-09-20,34328,0.24753191846825037,24,795,120854,0.22192136498305268,9,Rent,Debt Consolidation,1860,14,13,44.0,0.8309413964613068,0,0,IL,57,High School,Married,4,234,0
417,2022-12-12,13329,0.10829914818474458,60,676,74471,0.1762871121511894,19,Rent,Home Improvement,1718,10,10,37.0,0.05794565641100191,0,0,NC,39,Bachelor's,Divorced,0,237,0
418,2022-09-30,26169,0.20414850618111036,48,840,52705,0.5295945193607847,5,Rent,Home Improvement,1169,4,12,55.0,0.8789551112920235,0,0,IL,65,PhD,Single,4,201,0
419,2020-01-05,22932,0.13549913007135184,48,556,194981,0.3337719248468829,7,Own,Other,1212,10,6,21.0,0.09510937421839183,0,0,NC,64,PhD,Widowed,4,167,0
420,2023-01-31,35594,0.09124348101682798,60,842,148501,0.3021100219466081,12,Rent,Credit Card Refinancing,1821,3,27,13.0,0.4153480693188697,0,0,CA,69,Master's,Divorced,3,212,0
421,2023-05-04,12421,0.20994375279297225,24,839,136361,0.32474138105053996,1,Mortgage,Business,474,8,8,14.0,0.7654044392542212,0,0,MI,40,Master's,Married,2,116,0
422,2022-02-12,46033,0.11672135780580864,48,702,107273,0.5859622753511676,18,Mortgage,Credit Card Refinancing,1824,11,2,54.0,0.08151103603394316,0,0,MI,64,Bachelor's,Single,4,115,0
423,2022-05-26,8629,0.22303866947956222,60,684,43241,0.5251336971679621,9,Mortgage,Debt Consolidation,1369,2,25,45.0,0.04039968027696683,0,0,GA,44,Bachelor's,Widowed,2,139,0
424,2022-09-18,9325,0.23305143698356462,24,620,178486,0.45318438592515375,3,Rent,Business,657,11,26,3.0,0.32999580361079417,0,0,TX,25,Associate's,Single,0,232,1
425,2022-06-02,29495,0.2219647670782552,60,725,70818,0.24523947961162731,11,Own,Debt Consolidation,1380,9,6,17.0,0.7299256078573148,1,1,GA,33,Associate's,Single,3,192,0
426,2023-10-05,32750,0.05700158296136113,60,701,171967,0.1825864997592239,17,Rent,Debt Consolidation,1475,3,7,,0.5217564375721148,0,0,IL,45,Associate's,Widowed,1,214,0
427,2020-02-16,30619,0.20747466900102113,48,829,112307,0.5607168145122267,6,Rent,Debt Consolidation,1696,4,14,11.0,0.41700187060968763,1,0,NY,34,PhD,Widowed,3,208,0
428,2022-05-16,41461,0.13226789329982877,24,715,86920,0.3115377613982414,19,Mortgage,Business,1228,13,12,53.0,0.8130733175157218,0,0,NC,25,High School,Married,1,234,0
429,2022-04-02,9264,0.22474458403644504,48,542,138642,0.2393778997343146,3,Rent,Business,1460,10,9,40.0,0.7667092621942446,0,0,FL,48,Bachelor's,Married,0,102,0
430,2022-07-24,13686,0.17759085253694776,12,522,85453,0.3354604132088177,6,Own,Other,1649,14,21,41.0,0.7860432097339646,0,0,OH,59,Master's,Single,2,42,0
431,2021-10-17,47484,0.21672862682879168,12,654,42689,0.558923711410176,9,Mortgage,Home Improvement,1424,10,3,52.0,0.45972682394920195,0,0,GA,60,Bachelor's,Single,0,10,0
432,2020-09-25,25226,0.14988635397336708,24,685,159324,0.29353365669564657,14,Own,Credit Card Refinancing,1200,3,16,59.0,0.019449242492031282,1,0,OH,29,High School,Married,3,217,0
433,2021-01-04,7721,0.1570051009197866,60,748,50844,0.3813204986240497,11,Own,Credit Card Refinancing,1634,3,11,49.0,0.17213697349153023,0,0,PA,47,Bachelor's,Married,1,123,0
434,2021-09-27,21609,0.07887752642673346,48,736,115687,0.5014831505542834,0,Own,Debt Consolidation,1353,8,9,16.0,0.7413004282766258,0,0,OH,55,Master's,Single,1,19,0
435,2023-02-03,8373,0.2067974717378711,48,792,43365,0.31356626552419564,19,Rent,Business,1802,8,3,18.0,0.753173471749625,0,0,FL,30,Master's,Divorced,3,4,0
436,2021-10-18,39675,0.13387792233339432,24,633,157098,0.21677090096318416,17,Rent,Business,677,13,22,35.0,0.9722986127013363,0,0,MI,31,High School,Divorced,3,211,0
437,2020-04-29,49895,0.15001602365431654,24,820,118303,0.5972628741915167,15,Rent,Debt Consolidation,131,13,16,47.0,0.19018652691019278,0,0,CA,22,Master's,Divorced,0,3,0
438,2022-04-10,29937,0.20701954281914153,12,521,48523,0.5782854287260798,4,Rent,Home Improvement,1731,6,7,6.0,0.12292678815264502,0,0,IL,69,PhD,Widowed,4,209,0
439,2022-12-17,6656,0.1697690800158878,36,587,161554,0.521739584562757,18,Mortgage,Credit Card Refinancing,157,4,6,8.0,0.13878963373601438,0,0,GA,29,Master's,Married,1,142,0
440,2023-10-01,9984,0.0902197454885335,24,652,132105,0.4441869396929613,3,Rent,Other,1227,1,23,7.0,0.18478811507414028,0,0,MI,31,High School,Divorced,3,10,0
441,2022-01-10,30984,0.16804653183017856,36,624,68888,0.2474328140348485,5,Mortgage,Home Improvement,411,4,23,24.0,0.5284683395078745,0,0,PA,64,High School,Divorced,0,6,1
442,2020-04-26,9286,0.13152657159593115,24,578,133884,0.556706469082016,16,Own,Business,1769,8,4,6.0,0.9752114629741515,0,0,IL,46,Bachelor's,Married,4,31,0
443,2022-03-01,6901,0.14390510840877255,60,845,126968,0.23777833506061438,6,Mortgage,Debt Consolidation,1852,6,12,41.0,0.589431483000607,0,0,NY,52,Master's,Widowed,2,31,0
444,2023-02-24,32552,0.05566225488053356,60,550,70110,0.5004047473384162,6,Rent,Credit Card Refinancing,1190,2,12,7.0,0.5226880656466428,0,0,MI,60,Master's,Divorced,3,176,0
445,2023-11-17,26709,0.09200586990325632,12,715,151565,0.5591290839706532,8,Mortgage,Debt Consolidation,789,3,17,23.0,0.673356230383871,0,0,IL,24,High School,Widowed,4,9,0
446,2022-10-09,32055,0.10620761627620566,12,675,102001,0.4015019202149558,12,Rent,Business,1497,12,4,16.0,0.07393039075815655,0,0,MI,60,Bachelor's,Widowed,2,204,0
447,2022-12-17,38685,0.19259200157176115,36,752,59767,0.5015281089455894,19,Rent,Debt Consolidation,1882,7,10,11.0,0.8153541341503657,0,0,TX,59,Bachelor's,Single,2,108,0
448,2021-09-25,9429,0.052298494659623065,24,745,49550,0.4958475496008733,13,Mortgage,Credit Card Refinancing,1929,11,4,45.0,0.6468795433192011,0,0,NY,56,PhD,Married,0,124,0
449,2021-05-27,15716,0.1317554522458264,48,726,164905,0.19657887556048995,15,Mortgage,Debt Consolidation,334,11,20,30.0,0.17119167959052517,0,0,TX,29,PhD,Single,1,238,0
450,2022-03-12,49563,0.23480537408514657,12,605,154042,0.43396223679804236,8,Own,Credit Card Refinancing,742,4,12,11.0,0.6307154211994302,0,0,FL,22,High School,Divorced,3,154,0
451,2023-01-24,12138,0.07237612330982478,48,692,118315,0.14673396845222178,14,Own,Debt Consolidation,1235,4,15,56.0,0.5962079625658703,0,0,NY,26,Bachelor's,Single,4,130,0
452,2023-02-15,36298,0.15328487764372223,48,815,115494,0.35392507156874065,4,Own,Debt Consolidation,1512,5,3,1.0,0.06485298549480056,0,0,FL,48,Bachelor's,Married,2,234,0
453,2021-07-13,24429,0.2073044764781694,24,801,147424,0.18111777407028876,17,Own,Credit Card Refinancing,1531,8,8,11.0,0.2669321978457563,0,0,FL,66,PhD,Widowed,1,4,0
454,2021-05-02,6772,0.23850626150402335,36,535,133855,0.3081747493982159,19,Own,Debt Consolidation,1177,14,11,26.0,0.39094162288928125,0,0,PA,47,PhD,Widowed,2,224,0
455,2023-06-14,49244,0.1993553279067436,24,703,102681,0.5164910373492189,7,Mortgage,Home Improvement,901,14,11,45.0,0.24488852947698014,0,1,IL,64,High School,Divorced,3,220,0
456,2022-06-15,49519,0.19411310972888124,12,766,121489,0.5935839198151022,14,Own,Other,338,7,21,6.0,0.24316168779544078,0,0,OH,47,Bachelor's,Married,3,6,0
457,2023-07-19,36732,0.21529761803915248,48,767,150546,0.25897991582980884,8,Mortgage,Home Improvement,1875,9,2,57.0,0.5729484736974183,0,0,OH,32,High School,Widowed,0,30,0
458,2023-04-27,40905,0.13924024419550873,24,669,48900,0.3659778493915883,18,Own,Other,1418,5,7,57.0,0.470859017060439,0,0,TX,55,PhD,Divorced,3,183,0
459,2021-12-04,18347,0.21116890652356662,24,538,34126,0.35564901218524425,5,Rent,Home Improvement,211,1,22,12.0,0.667292181728008,0,1,NC,62,Master's,Married,3,156,0
460,2021-08-03,17920,0.05159288094909023,24,638,131198,0.577200754915533,3,Own,Other,1211,4,15,52.0,0.9564070871099168,0,0,OH,23,PhD,Married,3,61,0
461,2022-02-28,32822,0.23491221107536098,12,791,99303,0.33929186621638674,10,Rent,Debt Consolidation,1863,6,28,35.0,0.6605560446012119,0,0,OH,42,Bachelor's,Single,1,77,0
462,2022-05-10,47659,0.13866130190343506,36,551,199066,0.44955310269984894,9,Mortgage,Credit Card Refinancing,575,6,3,,0.5820959322825418,0,0,NY,47,High School,Widowed,4,183,0
463,2020-09-03,41108,0.16067603757314952,24,786,87061,0.5608946165542631,2,Own,Credit Card Refinancing,403,9,7,48.0,0.8475594916654977,0,0,MI,33,Bachelor's,Married,4,110,0
464,2023-01-04,24563,0.10097644978297647,12,788,36978,0.28668927976842007,0,Mortgage,Business,1428,10,2,34.0,0.6320731105670357,0,0,TX,30,PhD,Widowed,3,36,0
465,2020-06-02,8967,0.19850616656808429,48,640,76344,0.5510611191226938,11,Own,Other,389,13,4,29.0,0.16556127030880097,0,0,TX,62,PhD,Widowed,4,202,0
466,2023-12-29,46183,0.06532716129504977,60,645,66648,0.5587281109455068,14,Mortgage,Business,307,5,5,30.0,0.31474869945846284,0,0,PA,44,Associate's,Married,3,202,0
467,2022-09-23,12871,0.22452716050936705,12,813,21055,0.5653312519835654,14,Own,Business,967,5,14,16.0,0.7333602826844045,1,0,FL,63,PhD,Widowed,4,133,0
468,2023-01-14,29763,0.21562336580126856,60,683,95582,0.2352230927357132,13,Own,Other,1909,6,4,7.0,0.7383823830270201,0,0,FL,26,Bachelor's,Single,4,157,1
469,2021-11-27,12916,0.09321202324895328,24,651,101214,0.3001777971349793,6,Rent,Credit Card Refinancing,681,11,16,2.0,0.9870087503089592,0,0,CA,30,High School,Divorced,2,100,1
470,2023-08-01,9734,0.21186487965705247,24,700,195948,0.535197954112851,16,Mortgage,Other,469,6,14,58.0,0.6269748784023066,0,0,PA,31,High School,Divorced,1,140,1
471,2023-05-28,34613,0.2072715466122963,12,627,127954,0.2795809121402094,18,Mortgage,Debt Consolidation,319,3,23,9.0,0.8995451880859054,0,0,GA,31,Associate's,Married,2,122,0
472,2022-12-28,29179,0.17644331955078982,60,786,58725,0.40012651646675257,6,Mortgage,Business,1354,6,12,33.0,0.05458031058952706,0,0,GA,35,Bachelor's,Single,2,150,0
473,2022-12-06,36262,0.12470403537993752,24,810,156327,0.15902725363002598,2,Mortgage,Business,901,8,5,21.0,0.5662223448106485,0,0,GA,57,PhD,Divorced,4,59,0
474,2022-10-05,13677,0.10429975083637358,48,752,73380,0.1281374940556204,2,Mortgage,Other,918,12,18,3.0,0.9198480247021956,0,0,IL,31,Master's,Single,0,110,0
475,2020-04-03,19268,0.09635671805787001,36,765,73333,0.3059969947460863,17,Rent,Business,1996,6,6,31.0,0.28724423517819553,0,0,MI,58,High School,Married,0,167,1
476,2022-08-15,13330,0.11372179255272144,36,687,62459,0.3894582662963587,19,Own,Credit Card Refinancing,448,12,22,28.0,0.1548766037942092,0,0,PA,62,Bachelor's,Single,1,130,0
477,2022-10-08,21733,0.23071168868650607,24,729,136518,0.2963495566794707,13,Rent,Business,354,11,26,45.0,0.3505101600967603,0,0,IL,59,Associate's,Married,3,14,0
478,2021-03-28,38947,0.06552815519775626,60,770,56163,0.388867885080421,2,Mortgage,Other,551,5,25,10.0,0.7922361672442688,0,0,FL,69,Master's,Divorced,4,138,0
479,2023-05-12,28286,0.21577425525059174,24,758,185043,0.35754218808589255,6,Mortgage,Credit Card Refinancing,241,3,9,45.0,0.08470081468131563,0,0,FL,43,Bachelor's,Divorced,1,176,0
480,2022-06-30,7610,0.11977801500836471,60,798,104730,0.44285361464303796,6,Own,Credit Card Refinancing,1192,1,22,12.0,0.6003386583690844,0,0,FL,44,PhD,Divorced,2,64,0
481,2020-08-05,7430,0.15431987920227164,48,697,39476,0.4247662155326949,4,Rent,Business,188,5,25,58.0,0.13563160584427647,0,0,FL,37,High School,Divorced,4,131,0
482,2021-04-18,40922,0.20889712672969815,60,822,88580,0.31212285160329,2,Own,Other,970,6,11,3.0,0.43553244154724624,0,0,PA,32,PhD,Widowed,2,72,0
483,2021-03-07,14828,0.22687530940459427,24,555,125576,0.31249762020993166,17,Own,Business,1259,14,8,1.0,0.9659770015516557,0,0,PA,68,Associate's,Single,1,188,0
484,2020-12-06,43913,0.1189562840145294,48,818,106593,0.170389170006116,14,Rent,Debt Consolidation,1778,6,18,33.0,0.1951442698468865,0,0,IL,56,High School,Single,0,209,1
485,2021-07-04,32497,0.14236869625502208,12,702,129071,0.35661928604822957,19,Own,Debt Consolidation,1974,14,29,42.0,0.034016548846032335,0,0,NC,69,Master's,Single,1,196,0
486,2023-08-05,40256,0.13290321296335847,36,770,134832,0.3935895640678484,13,Rent,Credit Card Refinancing,1822,6,8,21.0,0.42720333897804263,0,0,GA,41,High School,Married,4,21,0
487,2023-07-01,37618,0.05265020670078211,24,608,158579,0.3382446986769131,3,Rent,Business,622,3,28,4.0,0.5776955876901549,0,0,MI,58,PhD,Divorced,4,94,0
488,2020-12-22,47332,0.10918857777173133,24,615,163190,0.2628536675434995,7,Mortgage,Debt Consolidation,759,4,25,8.0,0.29751773503139467,0,0,PA,62,Bachelor's,Divorced,3,147,0
489,2020-01-23,27526,0.14183784674651237,24,591,88682,0.46082427212586796,12,Own,Home Improvement,1050,3,20,19.0,0.5417680033766924,0,0,NC,26,Bachelor's,Widowed,0,79,0
490,2021-06-05,31158,0.13221872177608796,48,637,111713,0.13733082232261204,7,Mortgage,Debt Consolidation,1927,2,10,20.0,0.9534019462519872,0,0,IL,57,Bachelor's,Widowed,4,20,0
491,2023-01-28,26032,0.1943858455031359,12,802,124060,0.5572201848770236,14,Own,Business,1973,8,25,16.0,0.3117707874161204,0,0,MI,34,Associate's,Divorced,0,58,0
492,2022-03-12,38846,0.12696072344422066,60,556,155486,0.11032171977289665,16,Own,Business,1009,7,3,11.0,0.3094270311992908,0,0,FL,38,Associate's,Single,4,42,0
493,2023-04-18,45936,0.14787528979413406,12,549,103030,0.581175066719139,4,Mortgage,Debt Consolidation,541,11,23,27.0,0.4827678978809543,0,0,PA,47,Bachelor's,Single,0,94,0
494,2023-05-31,30794,0.1359217184264727,48,570,140360,0.33117780046733125,19,Mortgage,Business,137,8,21,17.0,0.5153163358913544,0,0,FL,65,Master's,Divorced,1,138,0
495,2022-01-31,6448,0.19812522977887412,24,581,105973,0.3063349720017706,3,Mortgage,Business,1980,13,20,2.0,0.0013659258750852166,0,0,GA,41,PhD,Married,0,151,0
496,2021-03-17,29861,0.22259447979739252,36,604,155009,0.22822200873159407,10,Rent,Home Improvement,1331,6,28,4.0,0.6158751312048398,0,0,OH,60,Master's,Single,2,88,0
497,2022-02-07,29141,0.15637781580150284,24,587,56731,0.10503556741614159,17,Own,Credit Card Refinancing,309,11,7,59.0,0.9973573486647108,0,0,IL,54,Bachelor's,Divorced,1,140,0
498,2022-10-12,10074,0.20788643883903823,60,501,189737,0.2373951322108999,9,Rent,Business,612,12,11,52.0,0.29200804947045655,1,0,MI,51,PhD,Divorced,4,9,0
499,2023-09-10,7406,0.10935733640397012,36,583,168572,0.15469996273016698,16,Own,Other,1483,14,14,51.0,0.6308100462665291,0,0,PA,37,Associate's,Widowed,4,79,0
500,2021-05-30,32823,0.15827392203145374,24,542,134360,0.4299104213466973,14,Own,Credit Card Refinancing,1700,7,26,13.0,0.004621655034006689,0,0,OH,28,High School,Widowed,3,157,0
501,2022-11-05,24291,0.1190459907339945,36,653,21750,0.2595374861603631,5,Rent,Credit Card Refinancing,1124,1,3,47.0,0.6043266122968982,0,0,NY,51,High School,Divorced,2,82,0
502,2022-03-02,42568,0.13284018511436607,12,826,85018,0.4835896642018308,15,Rent,Other,1878,10,11,25.0,0.44706830942781794,0,0,NC,23,PhD,Married,3,148,0
503,2020-12-01,33003,0.19648277296253372,48,593,155099,0.20345809367305848,14,Own,Debt Consolidation,1080,5,11,18.0,0.5302931534646736,0,0,OH,33,Master's,Divorced,1,193,1
504,2020-09-14,47851,0.22633249646654255,24,797,156817,0.5501174287160547,7,Mortgage,Home Improvement,480,4,27,40.0,0.5439049674923837,0,0,GA,64,PhD,Single,3,3,1
505,2021-05-11,35406,0.07429907821755309,60,632,106984,0.36149075755291626,8,Mortgage,Business,927,10,6,16.0,0.1769529692998537,0,0,IL,61,Master's,Married,1,136,0
506,2022-06-14,24312,0.17692785129747612,12,564,127983,0.1572530982344907,10,Mortgage,Debt Consolidation,1660,3,23,53.0,0.7699681218792903,0,0,TX,22,Master's,Married,3,39,0
507,2020-06-08,44108,0.16642876151555971,24,789,48451,0.3004226178267395,1,Mortgage,Other,958,2,5,38.0,0.555469621010339,0,0,NY,24,High School,Widowed,0,64,0
508,2022-05-01,2382,0.07368300783518637,12,756,113743,0.20338026203488083,12,Own,Home Improvement,493,14,24,41.0,0.27019445949699417,0,0,NY,29,Associate's,Divorced,1,31,0
509,2021-11-20,35171,0.09237886608802182,60,712,91474,0.1998427130840896,3,Mortgage,Home Improvement,1173,14,3,3.0,0.9373815465654324,0,0,TX,47,Bachelor's,Widowed,1,111,0
510,2021-01-14,42779,0.11220049894653605,24,647,32150,0.35318486882610445,8,Mortgage,Home Improvement,495,9,8,41.0,0.012773710004056027,0,0,CA,61,Associate's,Single,0,200,0
511,2022-08-14,4292,0.0833862141635003,60,560,33406,0.43594600781818627,4,Mortgage,Other,1983,8,19,34.0,0.7259372139997892,0,0,CA,32,Bachelor's,Widowed,0,207,0
512,2021-11-21,42779,0.09874589650486837,36,648,170853,0.5558091027517141,18,Own,Debt Consolidation,1876,10,18,23.0,0.3812351856571038,0,0,OH,42,High School,Single,2,123,1
513,2023-12-21,34187,0.10352015977234151,60,587,136047,0.35108100538182674,2,Rent,Business,131,2,12,40.0,0.5225448313113069,0,0,MI,26,Bachelor's,Divorced,0,150,0
514,2023-07-15,13411,0.11713476660781193,36,823,143971,0.5829193875291651,2,Mortgage,Home Improvement,644,6,22,12.0,0.2915097494455816,0,0,GA,61,Master's,Divorced,3,96,0
515,2023-12-11,38285,0.1998780905602318,24,777,123157,0.5708174260366844,5,Own,Home Improvement,811,3,19,32.0,0.32125217626335323,0,0,PA,47,PhD,Widowed,0,5,0
516,2023-04-06,16422,0.16438244077012015,36,581,38325,0.5325312649921802,9,Own,Debt Consolidation,1357,3,9,14.0,0.015166214610901396,1,0,OH,42,Bachelor's,Widowed,0,236,0
517,2022-12-02,43468,0.2472493343902803,24,628,114415,0.34998863248120926,4,Mortgage,Home Improvement,1149,5,29,14.0,0.7298450887119022,1,0,CA,30,Associate's,Widowed,1,236,1
518,2020-10-11,33371,0.13294716539349422,24,785,160508,0.17045197184399177,2,Rent,Home Improvement,1677,7,29,30.0,0.7107984108007185,0,0,CA,38,High School,Single,1,58,0
519,2021-01-31,6693,0.20077301476738502,48,779,37669,0.20895223490769246,6,Rent,Other,1557,7,13,42.0,0.6543582004072221,0,0,NC,58,High School,Married,0,201,0
520,2020-01-12,34535,0.22429368427530677,24,769,147385,0.42383500135598784,17,Rent,Credit Card Refinancing,1184,11,25,27.0,0.8779506805840079,0,0,IL,23,PhD,Married,2,105,0
521,2023-08-18,15818,0.1857956986076084,36,791,92010,0.3108774901420981,7,Own,Debt Consolidation,652,10,2,9.0,0.901267580558434,0,1,OH,68,Master's,Widowed,1,207,0
522,2023-06-30,32238,0.1323729480834992,48,702,152915,0.1734008158769982,0,Mortgage,Debt Consolidation,1564,1,21,56.0,0.5564443194252554,0,0,PA,61,Master's,Widowed,3,239,0
523,2021-05-13,31874,0.2007189261491506,48,523,70812,0.33949696681965524,3,Mortgage,Debt Consolidation,1253,11,26,6.0,0.6848234920670627,0,0,FL,49,High School,Divorced,3,63,0
524,2022-01-23,27715,0.09073342755453698,24,810,36059,0.10871527275102297,6,Own,Other,1990,7,22,32.0,0.010998401070459796,0,0,CA,48,Master's,Widowed,0,61,0
525,2020-02-04,28605,0.11551043303602648,60,707,106269,0.4669476854497966,13,Mortgage,Other,1477,7,13,6.0,0.8463430588751987,0,0,FL,61,PhD,Divorced,0,52,0
526,2021-12-27,35317,0.15933705101985776,60,779,191840,0.13679064724484544,12,Mortgage,Business,297,6,28,4.0,0.8164134241294976,1,0,MI,22,High School,Single,2,108,0
527,2022-04-28,32174,0.1650818774572297,48,704,45395,0.4145568099560595,9,Rent,Other,898,6,27,25.0,0.020248618423494902,0,0,MI,67,Master's,Single,0,101,0
528,2020-03-30,10956,0.054428295094525896,24,651,40202,0.4965051538127997,17,Mortgage,Debt Consolidation,1786,13,7,54.0,0.5428252167417182,0,0,GA,32,Bachelor's,Single,4,33,0
529,2022-02-14,39908,0.23902283775120176,60,525,164345,0.16632193722698277,0,Mortgage,Business,1839,13,4,15.0,0.9066555704372695,0,0,CA,60,Bachelor's,Single,4,22,0
530,2021-08-27,11837,0.18932545424347802,24,693,199961,0.35931934533300625,3,Own,Credit Card Refinancing,793,2,6,59.0,0.18138798703128045,0,0,NY,39,Master's,Widowed,0,51,1
531,2022-08-27,4716,0.14914075004637822,24,835,123235,0.4895337571797348,15,Own,Home Improvement,1494,3,15,56.0,0.35264492155709815,0,0,GA,48,Bachelor's,Widowed,4,11,0
532,2022-10-18,5481,0.23662544688166168,48,737,65510,0.2303167273785007,15,Rent,Home Improvement,1842,3,13,7.0,0.33105367851868106,0,0,NY,68,PhD,Divorced,3,127,0
533,2021-02-21,25282,0.1378191130501657,48,820,107945,0.18145829650080955,17,Own,Business,246,13,14,21.0,0.3559404753997515,0,0,MI,31,Associate's,Widowed,0,186,1
534,2020-04-24,7548,0.24608711405407435,12,574,90649,0.26840955548372847,7,Rent,Credit Card Refinancing,1839,3,14,33.0,0.041886030455102086,1,0,NC,57,PhD,Divorced,3,50,1
535,2021-09-08,38605,0.15245695144869703,60,662,126723,0.3773495882916579,9,Rent,Home Improvement,597,2,18,39.0,0.2790176837653664,0,0,TX,42,PhD,Single,3,198,0
536,2023-05-04,8758,0.0728571539995959,60,798,22881,0.387639797427375,15,Mortgage,Business,147,9,25,27.0,0.2948563127002356,0,0,TX,49,Master's,Divorced,4,17,0
537,2022-04-05,44668,0.20296019449185546,60,528,65913,0.1654381667288435,10,Rent,Other,869,6,28,45.0,0.8658720484895911,0,0,PA,22,PhD,Divorced,2,174,0
538,2023-01-03,24177,0.18577954501556812,36,664,131860,0.3287844238369858,5,Mortgage,Debt Consolidation,750,2,16,35.0,0.35211600713170255,0,0,TX,35,Master's,Widowed,3,44,0
539,2021-02-16,25022,0.20459734426111736,24,836,104785,0.23414109776974393,0,Rent,Credit Card Refinancing,1295,3,7,55.0,0.4472167398935514,0,0,NC,41,High School,Single,4,185,0
540,2023-10-31,41761,0.2402884057451362,48,685,82457,0.5210121090324754,11,Own,Home Improvement,712,10,13,46.0,0.38073805988038867,0,0,GA,30,Master's,Married,2,133,0
541,2023-12-14,6542,0.20529786053020363,60,553,186415,0.25678756603201536,5,Own,Debt Consolidation,798,6,3,6.0,0.12067344960158177,0,0,FL,66,Master's,Widowed,4,39,0
542,2021-12-29,26476,0.17226732044332937,12,794,159728,0.5193522622669298,12,Own,Business,1438,4,5,51.0,0.990356757725624,0,0,PA,48,High School,Widowed,4,186,0
543,2023-07-24,31784,0.2214617804721682,60,541,25741,0.31428230630089604,16,Rent,Home Improvement,475,7,21,39.0,0.8258251907047308,0,0,GA,25,Associate's,Married,0,137,0
544,2022-10-17,23740,0.18464928787090631,24,784,167733,0.4632928829132267,0,Rent,Debt Consolidation,905,6,26,58.0,0.5409203070273668,0,0,FL,58,High School,Single,1,221,0
545,2022-01-30,25817,0.1316238113651846,24,637,117091,0.3550301142720719,7,Mortgage,Other,1020,6,26,42.0,0.4763644943891714,0,0,IL,39,Master's,Married,2,23,0
546,2021-11-06,48596,0.22712395284835465,48,686,48690,0.41098131206548827,7,Mortgage,Credit Card Refinancing,974,12,22,27.0,0.6492547254630091,1,0,OH,52,Bachelor's,Divorced,4,175,0
547,2023-11-18,17052,0.09438009215687458,36,703,52833,0.2976782554306916,10,Mortgage,Business,1656,3,13,58.0,0.3264311485232382,0,0,GA,60,Master's,Married,3,164,0
548,2021-04-01,36153,0.19292825498174485,48,541,122566,0.4841033839037454,13,Mortgage,Home Improvement,909,11,4,1.0,0.05028287035447854,0,0,OH,31,High School,Single,3,31,0
549,2022-07-08,48076,0.2263126909881514,60,849,91240,0.3125946917868292,9,Rent,Other,1543,8,18,8.0,0.4043168136146872,0,0,GA,30,Master's,Single,1,84,0
550,2020-07-10,1671,0.19626330394065927,12,787,126898,0.3287308232929109,14,Rent,Credit Card Refinancing,1004,9,7,5.0,0.9839775774078607,0,0,FL,49,High School,Married,2,23,0
551,2022-01-08,1163,0.1894550838107714,48,525,97711,0.35883933411547864,6,Mortgage,Credit Card Refinancing,1519,6,25,54.0,0.18234680587772278,0,0,CA,49,PhD,Widowed,0,184,0
552,2023-01-27,42424,0.2005276588143672,36,555,59023,0.5159120591929918,6,Rent,Other,1645,2,18,57.0,0.5277052921529723,0,0,PA,34,Associate's,Married,2,199,0
553,2022-09-04,45002,0.14301104966012887,48,752,60209,0.4296894643007324,9,Rent,Home Improvement,1310,1,28,,0.008521396321578667,0,0,IL,39,Associate's,Divorced,3,174,0
554,2022-10-05,5795,0.2248341364314052,24,621,113590,0.27458019328287486,3,Rent,Credit Card Refinancing,1105,3,18,2.0,0.12203151517858479,0,0,FL,33,High School,Married,3,58,0
555,2020-04-05,11634,0.09068729502721824,60,605,106612,0.43515981699077144,17,Rent,Business,1768,3,12,9.0,0.5871917004671171,0,0,NY,29,Associate's,Married,0,164,1
556,2021-10-24,5798,0.07547728320006786,60,629,100522,0.4212132865042887,9,Mortgage,Debt Consolidation,132,8,24,36.0,0.29741392950783496,0,0,CA,44,Bachelor's,Married,0,196,1
557,2023-04-28,23420,0.10710175602370231,60,836,131654,0.5655096379398522,18,Mortgage,Business,168,5,8,43.0,0.9056844864606248,0,0,NC,26,Bachelor's,Divorced,3,88,0
558,2020-02-06,30300,0.15631547935499865,60,657,165512,0.520708218012675,13,Rent,Credit Card Refinancing,691,1,3,22.0,0.40616976595723475,0,0,NY,28,Associate's,Married,4,188,0
559,2023-10-24,25345,0.15211235908186763,60,730,139107,0.42372346187562404,12,Own,Debt Consolidation,1314,11,20,32.0,0.20803359713105252,0,0,NC,36,High School,Widowed,4,142,0
560,2020-10-05,11749,0.21411975153531734,60,807,159032,0.27075355534202183,14,Mortgage,Other,200,4,3,8.0,0.5455917692847035,0,0,PA,24,Bachelor's,Divorced,0,25,0
561,2020-08-04,39595,0.1309137312808035,12,590,42462,0.48978822443063474,15,Mortgage,Debt Consolidation,1608,7,23,52.0,0.7949736351759626,0,0,PA,39,Associate's,Widowed,4,199,0
562,2022-05-16,26121,0.14686888525830175,36,521,37821,0.3876041465314005,1,Own,Debt Consolidation,1408,5,14,12.0,0.01941969619739481,0,0,NY,59,Master's,Divorced,0,207,0
563,2022-05-22,38487,0.05267353665187913,60,789,178330,0.5926349940504508,3,Mortgage,Debt Consolidation,1013,10,25,27.0,0.5055201186300413,0,0,PA,47,Bachelor's,Single,2,172,0
564,2023-07-20,29411,0.13194784728858783,36,609,112889,0.22375306428490202,17,Own,Credit Card Refinancing,832,13,25,50.0,0.7734265567271462,0,0,TX,59,PhD,Single,2,46,0
565,2020-03-02,34361,0.17955484659006843,60,548,108952,0.13982792046544348,16,Own,Home Improvement,489,6,17,6.0,0.10358865463202915,0,0,OH,54,Bachelor's,Divorced,2,141,0
566,2021-08-18,22223,0.05310166612531844,48,628,173187,0.13494590594397385,9,Rent,Credit Card Refinancing,1688,14,18,25.0,0.9027985189331454,0,0,MI,42,Associate's,Divorced,0,62,0
567,2021-12-29,8394,0.10617639303724875,60,572,138066,0.4200151941758402,8,Mortgage,Home Improvement,259,10,12,15.0,0.26451740996684936,0,0,FL,38,Associate's,Divorced,0,19,0
568,2023-09-27,15056,0.09159127185787799,24,839,197505,0.569630114455762,14,Own,Other,991,4,10,39.0,0.1706036077128268,0,0,NC,64,Associate's,Single,4,140,0
569,2021-01-31,29380,0.05839708578191765,12,552,99364,0.1009659571457526,11,Rent,Other,1677,2,28,57.0,0.5892560729026746,0,0,IL,23,High School,Divorced,4,112,0
570,2021-11-29,27035,0.1458520179829075,48,667,90077,0.46288552347888867,8,Mortgage,Other,1170,9,25,25.0,0.17503114581802892,0,0,MI,46,High School,Single,4,90,1
571,2022-11-08,31620,0.0863446586456313,48,544,60644,0.4285325912664727,13,Rent,Other,1282,2,10,50.0,0.6797015203711821,0,0,TX,62,Master's,Single,1,48,0
572,2020-06-25,20877,0.19861630792627605,24,604,82643,0.46615209610973296,12,Rent,Other,1569,2,15,38.0,0.49010208199843,0,0,CA,40,Master's,Divorced,0,161,0
573,2021-01-30,44404,0.2195855767526697,60,649,33311,0.27770270338116776,5,Own,Business,795,13,14,54.0,0.10995596176217992,0,0,CA,59,Bachelor's,Divorced,2,207,0
574,2021-03-20,31911,0.15911703653382958,12,645,149466,0.5102482223289275,18,Mortgage,Credit Card Refinancing,857,12,26,31.0,0.9124901345820481,0,0,FL,46,Associate's,Divorced,2,165,0
575,2023-06-10,33784,0.24634146850422833,48,703,50531,0.12235346570943098,3,Rent,Home Improvement,622,2,12,35.0,0.6732054099635502,0,0,MI,60,Master's,Single,1,134,0
576,2020-03-16,4191,0.14009571429411907,12,798,34588,0.47771555031101376,19,Own,Other,1789,1,13,41.0,0.545993026533768,0,0,MI,25,Associate's,Married,1,123,0
577,2020-09-21,34160,0.15267364204498313,48,666,69416,0.23353597067454387,16,Own,Business,831,13,23,56.0,0.37434061535013075,0,0,FL,24,Bachelor's,Divorced,2,217,0
578,2021-03-30,26000,0.24784355079155004,60,700,163452,0.3384188874290358,18,Rent,Business,254,12,4,,0.1348599046704717,0,0,NC,55,High School,Married,0,117,0
579,2021-12-18,40040,0.09630968719300977,48,633,193717,0.5113181357786103,2,Rent,Business,438,12,2,48.0,0.7075183710613221,0,0,GA,63,Master's,Married,2,81,0
580,2022-01-04,4631,0.23850918793538106,48,710,168890,0.23567951759556852,13,Own,Credit Card Refinancing,1488,3,28,20.0,0.8136558200290593,0,0,FL,31,PhD,Married,2,171,0
581,2023-11-08,7172,0.058567511023822655,36,547,181929,0.19260375582194675,16,Rent,Other,894,6,9,12.0,0.1258188499383126,0,0,PA,48,PhD,Widowed,1,100,0
582,2022-04-30,43080,0.13927737805263896,60,625,41711,0.4406565926739421,12,Rent,Business,1822,7,27,50.0,0.4945676245381424,0,0,OH,69,PhD,Married,1,178,0
583,2023-10-22,24561,0.06400070242661315,24,738,156169,0.36669744575340224,8,Mortgage,Business,1697,1,20,25.0,0.4848461869924896,0,0,MI,47,PhD,Married,4,174,0
584,2020-05-23,25817,0.1958469485827286,24,506,136348,0.3572019343730922,0,Own,Other,1271,14,14,44.0,0.34991170821996764,0,0,GA,48,PhD,Single,1,73,0
585,2022-06-03,21281,0.17168178717600358,60,771,179465,0.2283847577689566,16,Rent,Credit Card Refinancing,998,5,8,8.0,0.7893418953918051,0,0,FL,22,PhD,Widowed,2,28,0
586,2022-12-28,29671,0.1913268526935193,24,536,42076,0.11744015291001383,15,Own,Business,1267,5,14,36.0,0.09952978380684696,0,0,CA,65,PhD,Single,4,227,0
587,2023-01-27,26364,0.1248960799936034,60,710,104274,0.30513456916585846,17,Mortgage,Home Improvement,202,1,27,22.0,0.20501922487209,0,0,IL,41,Master's,Single,2,195,0
588,2021-01-30,42674,0.12389638680627607,24,664,77609,0.153279740233884,1,Own,Debt Consolidation,911,4,7,,0.0016027689185067473,0,0,CA,46,PhD,Married,0,11,0
589,2022-11-14,28425,0.059063855792178925,36,624,180389,0.5529945753246011,13,Own,Debt Consolidation,192,10,4,1.0,0.37298538808301485,0,0,FL,31,PhD,Single,0,148,0
590,2022-08-05,29602,0.11998898790592796,24,836,78480,0.12062516173586527,16,Own,Debt Consolidation,1074,1,7,42.0,0.291178167900372,0,0,OH,22,Bachelor's,Divorced,1,87,0
591,2022-06-09,24253,0.2358576804524119,48,691,27044,0.31582542709219075,2,Mortgage,Credit Card Refinancing,1409,13,29,27.0,0.8669939837581565,0,0,OH,37,Master's,Married,4,158,1
592,2023-03-20,24472,0.1258453074360898,60,717,75486,0.12612279185041395,1,Mortgage,Business,1547,14,4,35.0,0.7458102440761548,0,0,CA,32,Bachelor's,Divorced,3,101,0
593,2023-03-13,9080,0.21627354124439402,12,713,75162,0.14777193728238316,7,Own,Debt Consolidation,218,1,14,30.0,0.0844721965622719,0,0,NC,25,Associate's,Married,0,36,1
594,2021-07-22,8099,0.21846510094998683,12,561,49882,0.429433333461011,1,Own,Debt Consolidation,128,12,14,40.0,0.7409559150623704,0,0,NY,56,PhD,Married,0,236,0
595,2022-11-28,26431,0.12464823127584677,60,827,74078,0.42355563048704725,1,Mortgage,Other,1112,7,26,4.0,0.675400221419557,0,0,IL,34,High School,Married,0,204,0
596,2020-04-18,32186,0.1763977360792378,36,660,78734,0.1165260974397199,8,Rent,Business,1634,7,14,36.0,0.2817242736003297,0,0,PA,42,PhD,Widowed,0,100,0
597,2022-12-01,48684,0.06907432045461173,24,565,128730,0.1005657375604351,19,Mortgage,Business,1153,3,2,24.0,0.015460774704610047,0,0,CA,36,PhD,Married,1,227,0
598,2023-04-24,31111,0.0707357161468553,36,785,194898,0.139409038621392,5,Own,Other,971,7,9,7.0,0.11516240138871248,0,0,NY,31,Bachelor's,Divorced,4,119,0
599,2022-07-23,40851,0.05973153273234266,12,738,107985,0.48149944885597107,11,Rent,Business,1489,3,6,33.0,0.24994108461855935,0,0,OH,59,Associate's,Married,0,98,0
600,2021-02-01,23614,0.1662030186750219,60,519,64028,0.3922882363757536,8,Rent,Home Improvement,899,2,21,38.0,0.8166223661523051,0,0,PA,32,Bachelor's,Married,1,196,0
601,2023-05-31,27724,0.1352141955252194,60,687,118938,0.11905912259424581,6,Rent,Credit Card Refinancing,1261,10,18,48.0,0.46531282590780865,0,0,PA,53,Master's,Single,4,88,0
602,2021-09-25,42991,0.15960647133284803,36,581,138319,0.3440485079364136,11,Mortgage,Other,574,4,10,31.0,0.9183955264590502,1,0,PA,54,Associate's,Married,4,36,0
603,2023-03-02,5940,0.15421463810167757,36,701,52543,0.45601467852722566,4,Mortgage,Debt Consolidation,662,14,14,57.0,0.7891484594482999,0,0,OH,41,Associate's,Married,3,58,0
604,2023-04-01,29758,0.12004059821814606,24,631,144279,0.5344756973004031,15,Mortgage,Business,1515,10,26,58.0,0.28710817984400683,0,0,MI,57,Associate's,Married,2,28,0
605,2023-05-23,37224,0.1854946829646946,48,536,49362,0.5670182453295053,4,Mortgage,Home Improvement,534,3,14,10.0,0.845362156580513,0,0,NC,51,Bachelor's,Married,0,39,0
606,2022-01-02,8788,0.20170037618327816,48,631,178387,0.2637202814770333,11,Own,Home Improvement,903,12,6,46.0,0.11672484041075704,0,0,NC,31,PhD,Married,1,66,0
607,2020-08-22,29082,0.05292565177553515,24,576,178818,0.16791621420663286,19,Rent,Credit Card Refinancing,1357,7,15,24.0,0.03611752045400307,0,0,NY,36,PhD,Married,4,171,0
608,2021-10-19,25034,0.09144845995377567,48,588,161129,0.21846296036572374,8,Own,Home Improvement,154,12,12,2.0,0.6085381209133157,0,0,NY,50,PhD,Widowed,3,5,0
609,2022-01-20,36479,0.1926471736166674,12,752,62915,0.4880857460201119,6,Mortgage,Business,1030,12,26,44.0,0.34174303487963864,0,0,IL,22,PhD,Divorced,2,220,0
610,2021-08-10,12280,0.12732403452676685,48,843,172133,0.5857421075211553,18,Mortgage,Business,1415,1,27,49.0,0.32942568666264715,0,0,MI,42,PhD,Widowed,4,141,0
611,2022-10-29,19052,0.18249678938832165,24,693,71370,0.3331968086801903,19,Own,Home Improvement,851,6,15,51.0,0.6872081861316874,0,0,OH,36,Master's,Divorced,4,228,1
612,2023-01-02,17531,0.11939253194691168,48,675,185229,0.2526766067738949,10,Rent,Business,411,14,26,31.0,0.8501038278229037,0,0,TX,24,High School,Widowed,0,9,0
613,2022-08-11,23804,0.12815103046592743,60,532,131375,0.31459529098001726,11,Rent,Business,1671,2,8,51.0,0.32217550534020145,0,0,TX,54,Associate's,Married,2,103,0
614,2021-05-06,29903,0.08173577473793699,36,557,162394,0.25240657232256625,2,Mortgage,Debt Consolidation,1212,8,25,34.0,0.32501382202250084,0,0,FL,59,High School,Widowed,2,222,0
615,2022-07-01,45857,0.10164620393323201,12,700,89812,0.22824376160357715,16,Mortgage,Other,1335,14,18,31.0,0.5338510392923871,0,0,TX,40,Master's,Divorced,1,57,0
616,2023-06-30,11142,0.17108235150151746,60,527,54017,0.3968753762035898,6,Mortgage,Business,1056,5,5,33.0,0.6531836020804398,0,0,TX,25,PhD,Single,3,27,0
617,2023-06-07,49355,0.13663262226303327,60,534,76792,0.1078679901867722,9,Mortgage,Business,417,3,11,36.0,0.20290579555517785,0,0,GA,33,Master's,Single,1,189,0
618,2023-04-12,10866,0.20486053658891903,24,624,178814,0.22977612433249409,14,Rent,Credit Card Refinancing,856,10,11,51.0,0.9126791529118726,0,0,OH,46,Master's,Married,3,205,0
619,2023-04-06,5531,0.22051699098766855,36,820,149198,0.4306910389224945,1,Own,Other,564,7,16,4.0,0.6544165238520121,0,0,OH,55,High School,Married,1,234,0
620,2020-06-18,46454,0.15832928364335197,36,541,37629,0.11603134815340252,12,Rent,Other,1210,14,21,44.0,0.6251618113680982,0,0,MI,38,Associate's,Divorced,3,103,0
621,2023-11-17,39098,0.20165345841121185,12,584,148614,0.1416009082544675,3,Own,Other,1532,11,13,27.0,0.9041956360677682,0,0,NY,27,Bachelor's,Single,0,178,0
622,2022-08-03,39278,0.11138090263891401,24,687,159317,0.2466980723928924,17,Mortgage,Home Improvement,1363,2,10,27.0,0.9072650805944771,0,0,NC,33,Bachelor's,Married,3,220,0
623,2022-03-05,29138,0.13299424308001564,12,610,116950,0.5389023993044925,0,Mortgage,Debt Consolidation,1955,5,4,7.0,0.1355501206264893,0,0,PA,36,Associate's,Widowed,1,82,0
624,2021-09-25,28065,0.19255553524336622,48,770,194942,0.48244308008264813,1,Own,Debt Consolidation,799,11,16,26.0,0.14507550397986724,0,0,TX,38,PhD,Widowed,2,162,0
625,2023-05-02,30956,0.12724239856340613,60,824,84829,0.11107831470812177,1,Mortgage,Credit Card Refinancing,1180,8,13,15.0,0.7619486989401476,0,0,NC,22,Master's,Single,4,85,0
626,2020-01-29,42732,0.16770098703179778,12,604,30588,0.3508564083442459,3,Rent,Other,1236,13,27,17.0,0.9568799455439705,0,0,NC,35,PhD,Divorced,3,65,0
627,2023-04-03,40261,0.08707455581650231,60,819,151514,0.2373437469937084,2,Mortgage,Other,834,11,16,24.0,0.6665136785131079,0,0,PA,23,Master's,Married,3,173,0
628,2023-12-16,11759,0.1699542629940996,24,540,125280,0.4243228295310315,16,Mortgage,Business,1193,1,27,57.0,0.4113169986071701,0,0,MI,25,Bachelor's,Married,2,87,0
629,2020-12-04,6439,0.22230274144537873,48,714,60721,0.46077694129673064,13,Mortgage,Home Improvement,838,1,2,47.0,0.6834731397737456,0,0,PA,23,Associate's,Married,0,34,0
630,2023-10-20,48241,0.22372792796468513,24,570,188217,0.5314312885646413,1,Mortgage,Home Improvement,867,3,16,,0.22881157635653881,0,0,GA,47,High School,Single,1,100,0
631,2023-09-27,43533,0.19486888126590796,48,555,30599,0.3377081185520071,15,Rent,Credit Card Refinancing,1815,3,12,7.0,0.9979662998077837,0,0,GA,67,High School,Widowed,0,201,0
632,2021-05-14,29270,0.19915067581522522,48,735,92594,0.5972250442727922,10,Own,Debt Consolidation,1307,13,6,59.0,0.4310852178590181,0,0,PA,61,Associate's,Divorced,3,136,0
633,2021-05-25,14279,0.16158548903014014,60,780,154011,0.5899930536435547,12,Mortgage,Other,1826,7,8,20.0,0.9316860025086955,0,0,OH,54,Bachelor's,Single,3,94,0
634,2023-09-12,40279,0.16693361803316498,24,604,42149,0.5410833622355166,0,Mortgage,Credit Card Refinancing,843,6,13,33.0,0.4307980528637749,0,0,FL,69,Master's,Single,0,48,0
635,2020-08-04,45251,0.0767301162821036,24,661,147616,0.3874347475790354,1,Rent,Home Improvement,375,7,21,23.0,0.9281397811219235,0,0,CA,60,High School,Married,1,164,0
636,2023-08-17,24888,0.13877183768426024,12,690,161280,0.2990032187519075,1,Rent,Home Improvement,332,4,26,36.0,0.33568544147991564,0,0,FL,27,Bachelor's,Widowed,3,100,0
637,2023-03-01,18630,0.14015525677727278,24,508,129034,0.2821931550698925,4,Rent,Home Improvement,153,11,7,25.0,0.7605429846558067,0,0,GA,51,Associate's,Divorced,3,82,0
638,2022-12-29,36144,0.24169956713354804,12,559,40951,0.10606237504387242,3,Mortgage,Other,356,2,23,46.0,0.9510020124090163,0,0,GA,43,PhD,Divorced,0,194,1
639,2023-06-29,32182,0.1362173725246579,36,804,199992,0.22458724862118326,11,Own,Other,189,2,4,13.0,0.6459806781957683,0,0,NY,48,Bachelor's,Married,4,117,0
640,2023-12-09,26538,0.15986852898055154,36,724,66766,0.4594041174745823,2,Rent,Other,1861,10,11,57.0,0.6775652257748761,0,0,OH,40,Bachelor's,Divorced,2,11,0
641,2021-03-20,12824,0.1566502798558205,36,806,77014,0.4018160499465333,19,Rent,Business,1882,1,27,28.0,0.10288624532205115,0,0,CA,31,PhD,Widowed,3,52,1
642,2022-05-25,33125,0.17735234340886544,24,687,179423,0.5582110945837668,9,Rent,Debt Consolidation,1786,14,22,29.0,0.4742199471639009,1,0,NY,27,Bachelor's,Married,1,164,0
643,2023-04-20,7979,0.1996465662663792,24,569,107122,0.12501113345827894,19,Own,Home Improvement,1558,13,27,2.0,0.8867554060867875,0,0,GA,47,High School,Married,4,223,0
644,2020-06-15,27189,0.09500837523417444,12,792,29308,0.1776383015886653,17,Mortgage,Home Improvement,1748,14,23,6.0,0.24090983623071816,0,0,MI,63,High School,Widowed,0,31,0
645,2020-03-31,43600,0.15574488381968715,48,786,79252,0.4946218946760651,9,Mortgage,Business,507,9,5,35.0,0.7883630134983131,0,0,FL,24,High School,Divorced,0,24,0
646,2021-12-14,13504,0.2151835414632061,12,668,103211,0.27925381559766693,0,Mortgage,Home Improvement,1392,14,14,10.0,0.6757098858039411,0,0,TX,24,Bachelor's,Widowed,1,238,0
647,2020-02-08,21669,0.1426229427675023,36,561,179136,0.15917266685893897,5,Rent,Home Improvement,1792,14,20,31.0,0.22298596474053745,0,0,NY,27,Bachelor's,Divorced,4,149,0
648,2023-02-23,7910,0.1056915092747146,12,848,146534,0.5982252525500446,10,Mortgage,Other,465,7,6,58.0,0.2827912052679644,0,0,PA,31,Bachelor's,Divorced,1,96,0
649,2020-06-21,47857,0.18094181507125984,48,513,28720,0.49362515133468143,1,Rent,Other,1982,10,24,57.0,0.42756090012069714,0,0,FL,59,Associate's,Divorced,3,158,0
650,2021-10-14,35964,0.2147534791598246,24,663,146204,0.30437051837906126,6,Own,Debt Consolidation,450,3,28,11.0,0.12512921552072565,0,0,TX,34,PhD,Widowed,4,121,0
651,2022-01-23,21131,0.06262805858547826,12,744,194012,0.5116737384730702,19,Own,Home Improvement,1422,2,23,14.0,0.913371297158207,0,0,TX,59,Bachelor's,Widowed,2,72,0
652,2023-05-28,26227,0.20535809668144545,36,834,99993,0.4403019350595767,17,Mortgage,Credit Card Refinancing,1282,14,19,37.0,0.7393576050720555,0,0,MI,33,PhD,Single,2,97,0
653,2022-12-17,6978,0.21432958659235424,36,507,67113,0.4949873797849167,18,Rent,Home Improvement,586,3,2,57.0,0.3649641000035797,0,0,TX,67,Master's,Widowed,1,115,0
654,2021-04-20,22991,0.14230458551772138,24,653,68926,0.507603188782825,3,Rent,Home Improvement,941,7,22,23.0,0.2996654953049618,0,0,GA,48,High School,Married,2,64,0
655,2021-03-31,18153,0.2466611313636935,12,535,189275,0.14236434164515896,12,Mortgage,Debt Consolidation,1083,5,22,,0.6895788703123774,0,0,NC,29,Associate's,Married,1,127,0
656,2022-04-08,34548,0.20734166814146182,48,547,156464,0.41148644384404787,17,Own,Credit Card Refinancing,1860,12,29,17.0,0.4242209219527411,0,0,NC,26,PhD,Married,3,117,0
657,2022-06-13,43676,0.20473251297913317,24,584,45905,0.1033927764884138,19,Own,Home Improvement,1649,3,17,45.0,0.22933657190507273,0,0,IL,57,High School,Married,3,39,0
658,2023-10-16,40071,0.19956771488241437,12,527,70385,0.12172812315058532,12,Own,Credit Card Refinancing,1478,9,17,55.0,0.4301507529737574,0,0,CA,59,Associate's,Single,1,129,0
659,2022-10-21,48454,0.0801216206436548,60,695,50653,0.5519900045279205,18,Own,Other,720,2,17,6.0,0.8712969832225722,0,0,MI,64,High School,Widowed,3,97,0
660,2021-01-21,4983,0.09344617729060217,36,707,111865,0.3637818606784028,16,Own,Other,1029,7,29,41.0,0.06860663653996346,0,0,IL,51,Bachelor's,Widowed,2,170,0
661,2020-12-13,10503,0.14279802629288502,48,703,145813,0.46795099293426246,0,Mortgage,Credit Card Refinancing,500,10,23,40.0,0.368358247281912,0,0,CA,58,Bachelor's,Divorced,3,77,0
662,2020-07-08,30921,0.10280086999189318,48,806,165871,0.519250495221573,5,Mortgage,Home Improvement,1528,6,20,1.0,0.9623394230171654,0,0,NC,50,High School,Widowed,2,214,0
663,2021-05-19,17905,0.1330481944668081,48,603,35052,0.5747933837822925,18,Mortgage,Credit Card Refinancing,1219,6,17,39.0,0.014831842454580912,0,0,MI,43,Associate's,Divorced,2,5,0
664,2023-04-29,46838,0.22769282198458415,36,729,157116,0.5346764239613979,19,Own,Credit Card Refinancing,1830,14,2,53.0,0.8906403175312186,0,0,GA,35,High School,Divorced,0,140,0
665,2023-10-24,24953,0.21486537837585384,12,600,170943,0.341655724348647,0,Own,Other,669,7,21,30.0,0.3748336985771594,0,0,OH,31,Master's,Married,3,157,0
666,2023-12-03,27806,0.17600797569599647,24,528,171306,0.2679851536902558,7,Mortgage,Credit Card Refinancing,1074,6,21,32.0,0.1895182045754571,0,0,NY,32,Associate's,Single,3,3,0
667,2022-04-03,46000,0.22162407885022073,12,626,41381,0.1772466181030191,16,Mortgage,Business,491,2,11,51.0,0.014979747471701721,0,0,NY,56,Associate's,Single,1,61,0
668,2022-07-17,23168,0.20675447780344985,24,837,168346,0.30016074124364,14,Own,Business,451,11,3,29.0,0.07052280139879608,0,0,FL,44,High School,Widowed,1,179,0
669,2022-07-22,5583,0.1357969863681781,48,509,103108,0.2832467895805817,17,Rent,Other,905,5,15,30.0,0.17184336422419222,0,0,NC,29,PhD,Divorced,4,164,0
670,2023-02-14,39714,0.09021303040998903,12,605,69892,0.3797874209779367,6,Mortgage,Home Improvement,1789,3,9,33.0,0.025409238379578203,0,0,NC,42,High School,Married,2,111,0
671,2020-05-13,40896,0.15284020800186784,48,666,111501,0.43275470437860675,15,Own,Home Improvement,675,9,7,6.0,0.3358498680900046,1,0,GA,58,PhD,Divorced,0,237,0
672,2020-02-27,12889,0.19724577650571004,60,756,103391,0.5891627382225237,6,Own,Other,1793,8,29,24.0,0.04489311437442067,1,0,IL,49,Associate's,Married,2,75,0
673,2021-11-15,28413,0.1372839197459186,48,794,37920,0.46419309305036627,16,Mortgage,Home Improvement,876,10,4,15.0,0.6922160618444774,0,0,OH,52,Bachelor's,Divorced,3,218,0
674,2021-11-02,13275,0.18335438195677944,48,776,36702,0.4218742662214616,3,Rent,Debt Consolidation,732,11,17,21.0,0.8189071135374598,0,0,NC,49,Bachelor's,Widowed,4,130,1
675,2020-06-21,3461,0.06886548525820872,24,564,21894,0.26754621713417126,11,Own,Business,1411,2,18,35.0,0.8874639235710916,0,0,TX,63,High School,Widowed,2,29,0
676,2022-03-25,15291,0.19960094727428068,60,770,50985,0.117251938249163,12,Mortgage,Debt Consolidation,622,1,13,52.0,0.5491281809693352,1,0,FL,48,PhD,Divorced,4,41,0
677,2023-03-18,47804,0.2125427239786124,48,687,179359,0.2440625644273459,3,Own,Debt Consolidation,825,4,28,26.0,0.9465095411798654,1,0,NY,61,High School,Single,2,29,0
678,2020-03-20,12435,0.19136757115610825,48,816,145702,0.4842239502298089,0,Own,Debt Consolidation,261,4,20,16.0,0.00564545055976684,0,0,NC,42,Master's,Married,3,236,0
679,2022-06-04,28935,0.24345271750527311,60,637,93527,0.20263597040190087,0,Own,Other,1740,12,25,3.0,0.13401832216412268,0,0,OH,30,High School,Single,3,100,0
680,2023-05-21,34453,0.2153304114921281,60,842,166511,0.45609409683705726,6,Own,Debt Consolidation,758,10,21,57.0,0.29316598073091515,0,0,PA,50,High School,Single,2,64,0
681,2020-07-21,19544,0.23061874557530768,12,604,148676,0.3898899212847079,8,Rent,Credit Card Refinancing,1305,11,4,34.0,0.7890244419542368,0,0,IL,36,High School,Divorced,0,58,0
682,2022-02-02,13258,0.23671421669152962,24,533,62235,0.18592843487523245,0,Mortgage,Home Improvement,949,2,14,40.0,0.885389140133857,0,0,OH,54,High School,Married,3,211,0
683,2023-06-06,31841,0.21026959837476172,60,609,178731,0.23081240314591497,15,Mortgage,Other,1672,7,17,21.0,0.6181344513060778,0,0,TX,58,PhD,Married,1,138,0
684,2023-06-04,49758,0.18485176840129983,60,532,44976,0.34815180174323823,17,Mortgage,Credit Card Refinancing,181,13,12,46.0,0.38323634440913856,0,0,IL,68,PhD,Widowed,0,11,0
685,2023-11-26,11736,0.05114371627215786,36,730,102643,0.3091873525539237,14,Mortgage,Credit Card Refinancing,623,3,21,51.0,0.6658456035860639,0,0,NY,57,PhD,Divorced,2,135,0
686,2020-02-16,38643,0.14316515064462496,60,816,127631,0.48928192377337976,5,Mortgage,Business,103,7,28,34.0,0.18089937202436612,0,0,IL,49,Master's,Divorced,0,77,0
687,2023-06-10,44950,0.1642324597244722,24,765,76697,0.46720232127162353,1,Rent,Business,594,7,17,43.0,0.45787405217243204,0,0,OH,31,Master's,Divorced,1,233,0
688,2023-08-21,35964,0.11080605448959993,48,681,90382,0.3872872517365086,8,Own,Credit Card Refinancing,1678,1,21,14.0,0.50754409832329,0,0,MI,44,High School,Widowed,3,108,0
689,2023-03-12,29044,0.11362088938069442,48,839,36651,0.5111373557364626,3,Own,Business,1174,6,3,51.0,0.1048712210112146,0,0,OH,49,PhD,Widowed,3,189,0
690,2023-12-09,40933,0.24223188314203303,48,564,34633,0.38133477034215435,12,Mortgage,Home Improvement,1384,4,5,39.0,0.03387266022160629,0,0,NC,55,Master's,Married,3,194,0
691,2023-10-28,16997,0.22834217304054918,48,832,99164,0.5821946283286301,10,Own,Home Improvement,1257,11,28,43.0,0.7501054973501461,0,0,TX,26,Bachelor's,Widowed,1,94,0
692,2023-07-06,15215,0.21983580110034084,36,500,20569,0.20861204957554072,12,Own,Business,1722,8,29,20.0,0.5347063592797086,0,0,GA,39,High School,Divorced,0,86,0
693,2021-10-17,34069,0.13120236034122212,60,632,87509,0.4570659968010764,10,Own,Debt Consolidation,1485,8,26,12.0,0.33223870187793547,0,0,IL,27,Associate's,Divorced,2,181,0
694,2021-04-15,24911,0.05273971008178291,48,579,143425,0.284972066027234,18,Mortgage,Credit Card Refinancing,667,3,5,46.0,0.4372286316611501,0,0,OH,63,PhD,Single,2,65,0
695,2022-08-28,18030,0.06604444929114282,12,770,121126,0.23948309721009695,7,Mortgage,Home Improvement,1340,4,29,10.0,0.9577034132432962,0,0,CA,68,High School,Widowed,0,27,0
696,2022-11-01,30334,0.11243927364352074,48,740,147522,0.19019373798385644,6,Rent,Business,977,1,18,48.0,0.3849137719139506,0,0,CA,44,High School,Divorced,3,135,0
697,2023-09-15,15571,0.0531485825991354,60,527,53038,0.37625173813077195,15,Mortgage,Business,1191,10,2,52.0,0.10347922665377307,0,0,FL,49,Associate's,Divorced,2,65,0
698,2022-01-05,43719,0.05342995638303963,48,722,58138,0.20773471637460564,2,Rent,Home Improvement,1111,2,2,55.0,0.4636021795633437,0,0,IL,62,Bachelor's,Married,3,58,0
699,2022-02-22,29927,0.2333206603284822,36,522,179829,0.20017542572420297,16,Mortgage,Home Improvement,1114,7,6,26.0,0.6480483734780687,0,0,MI,34,Master's,Widowed,4,25,0
700,2022-08-25,21714,0.19123170042381082,24,608,130740,0.595265952541909,17,Own,Debt Consolidation,963,14,23,30.0,0.012113116099891519,0,0,TX,46,Master's,Divorced,4,48,0
701,2020-12-23,44541,0.11179119801363054,24,606,131174,0.5008737084228804,14,Rent,Business,1679,11,13,43.0,0.33234056001518053,0,0,PA,28,Associate's,Married,2,4,0
702,2022-08-29,24387,0.07652891552019064,60,644,69272,0.4741384101271877,16,Rent,Business,1266,12,7,31.0,0.3935144201304498,0,0,TX,23,Associate's,Single,0,222,0
703,2023-12-02,29444,0.15232714357901544,24,638,157980,0.49703031294137745,10,Rent,Other,1469,7,7,51.0,0.4637148457639457,0,0,IL,37,Master's,Single,0,136,0
704,2021-10-29,49908,0.05106923217087289,24,783,161916,0.5844614368593712,4,Mortgage,Debt Consolidation,1677,13,26,29.0,0.3016841936744553,0,0,CA,23,Bachelor's,Married,0,213,0
705,2021-01-07,20921,0.23768274877162882,12,797,71455,0.3866383443766017,15,Rent,Home Improvement,1774,9,18,17.0,0.6669222584658733,0,0,TX,57,Bachelor's,Widowed,3,115,0
706,2022-10-28,14057,0.13296302387778944,60,598,88447,0.21012193870143028,14,Mortgage,Home Improvement,1708,10,27,15.0,0.9447092237258122,0,0,OH,23,High School,Divorced,4,196,1
707,2023-02-19,46268,0.13046699104746656,60,816,97108,0.5311048203766195,9,Rent,Credit Card Refinancing,878,9,23,34.0,0.9139981760397153,0,0,TX,59,Associate's,Widowed,3,188,0
708,2023-10-03,25858,0.12811872151635645,24,622,194138,0.47136536472704504,13,Mortgage,Home Improvement,1317,9,14,58.0,0.6643934148090167,0,0,IL,31,Associate's,Married,1,4,0
709,2021-11-06,49689,0.06386566607755295,24,819,191076,0.3071541561670865,1,Rent,Business,1104,6,9,8.0,0.5068840661442501,0,0,OH,35,Associate's,Divorced,1,136,0
710,2020-03-30,45638,0.17766444795836533,24,786,58333,0.33678474928732316,15,Own,Home Improvement,1790,8,25,38.0,0.8258151264416593,0,0,NY,48,Master's,Divorced,2,234,0
711,2021-11-28,27062,0.19660072392567068,36,580,141219,0.30562619923943457,18,Own,Business,1369,9,13,50.0,0.8359371878585635,0,0,TX,36,Master's,Divorced,1,90,0
712,2023-09-01,37850,0.18522507951765807,48,509,103029,0.564971080114502,7,Rent,Business,413,12,16,36.0,0.829573052819695,0,0,FL,42,Master's,Widowed,0,221,0
713,2023-04-16,47486,0.07768709866587886,36,507,59697,0.2717658057491471,14,Mortgage,Debt Consolidation,829,14,20,50.0,0.1578459378693997,0,0,IL,33,Bachelor's,Widowed,2,16,0
714,2021-06-23,21567,0.16576803360711853,60,704,37634,0.5817421393280863,9,Mortgage,Home Improvement,483,7,22,9.0,0.02543234136194017,0,0,NC,64,Master's,Married,4,147,0
715,2022-01-01,30739,0.16389689683445077,12,814,145520,0.5551358856269749,4,Mortgage,Debt Consolidation,1888,4,27,51.0,0.9831934097481101,0,0,NC,54,High School,Single,4,129,0
716,2022-05-18,44285,0.22368215758827642,48,696,44561,0.41526057112408665,19,Own,Business,1912,14,21,11.0,0.9596541957209741,0,0,FL,61,Master's,Married,1,101,0
717,2020-02-10,4754,0.12582553167512942,12,697,169105,0.38991088655003736,15,Own,Home Improvement,376,4,29,7.0,0.5643784608887631,1,0,NC,43,Bachelor's,Divorced,1,162,0
718,2022-01-09,28044,0.12429718873188685,60,529,75063,0.2850446400349854,11,Own,Home Improvement,1195,6,18,2.0,0.9930637167173607,0,0,FL,59,Associate's,Married,4,221,0
719,2021-05-16,2724,0.17370541174363713,60,519,45921,0.10916919450532495,12,Mortgage,Debt Consolidation,1252,14,10,18.0,0.7705470447678606,0,0,NY,65,High School,Single,1,219,0
720,2022-08-16,2376,0.17661453069990263,12,547,39340,0.16381159311887664,8,Mortgage,Debt Consolidation,1481,11,22,58.0,0.5173801834534505,0,0,MI,69,Bachelor's,Married,1,112,1
721,2023-03-14,9706,0.14385704546515807,12,629,82781,0.47711566167477437,16,Mortgage,Business,797,4,19,10.0,0.3893310671432224,0,0,CA,39,PhD,Single,3,45,0
722,2023-05-09,9894,0.13861187246608422,12,792,34901,0.33577006329408265,19,Rent,Business,1648,11,29,7.0,0.5928632094935181,0,0,OH,65,Associate's,Single,4,63,0
723,2022-07-17,19037,0.14882953412757655,60,631,30638,0.17491906709398405,11,Rent,Home Improvement,1964,7,3,25.0,0.5158021016654792,0,0,FL,23,Master's,Divorced,4,94,0
724,2021-04-05,19450,0.2222090599006624,24,553,189668,0.2319804270659355,4,Rent,Home Improvement,1343,8,12,44.0,0.9938025267011961,0,0,GA,50,Bachelor's,Single,1,134,0
725,2022-01-01,17406,0.142233380250782,12,780,64324,0.5739184499234998,11,Own,Other,1129,8,24,57.0,0.490460316009237,0,0,GA,28,PhD,Widowed,0,36,0
726,2022-01-21,30725,0.2379863583939645,48,764,108356,0.2835664176551326,0,Own,Other,850,14,21,22.0,0.8359210861871572,0,0,GA,52,Bachelor's,Married,3,121,0
727,2022-07-13,6926,0.1508007527192652,60,714,52642,0.5538409726095768,19,Mortgage,Credit Card Refinancing,1082,8,18,54.0,0.8136238231382413,1,0,PA,62,Master's,Married,0,103,1
728,2022-06-27,40019,0.23984013863617828,36,789,45378,0.25231791614678833,15,Rent,Business,723,2,22,9.0,0.0714062735057901,0,0,NC,39,Bachelor's,Widowed,1,66,0
729,2023-06-30,10496,0.21656638037381515,36,542,70867,0.3716100471835805,11,Mortgage,Credit Card Refinancing,327,14,19,17.0,0.08700676731063117,0,0,FL,30,PhD,Widowed,4,119,0
730,2021-01-24,37068,0.12248626452316583,48,573,93686,0.11023854168109895,8,Rent,Credit Card Refinancing,116,10,16,11.0,0.6598101148013962,0,0,IL,29,Bachelor's,Divorced,0,234,0
731,2022-06-01,30806,0.22272828425932323,24,849,62875,0.3609375551867885,12,Rent,Debt Consolidation,1708,2,8,38.0,0.2591080067353013,0,0,FL,54,High School,Married,2,206,1
732,2020-09-12,23663,0.07201265684022305,12,777,138171,0.4184710053053151,16,Mortgage,Debt Consolidation,111,2,17,25.0,0.6575270346971065,0,0,IL,26,High School,Widowed,0,8,0
733,2021-12-09,42321,0.23500943506860292,60,825,120061,0.21715254966858896,16,Mortgage,Other,1721,2,26,10.0,0.14462589431353,0,0,NY,69,Master's,Divorced,4,195,0
734,2021-03-25,37495,0.17632870301657833,12,741,84377,0.3894685881026785,3,Rent,Credit Card Refinancing,1622,4,2,9.0,0.3970682272058039,0,0,IL,35,PhD,Married,1,227,0
735,2020-01-10,23656,0.06087814970446224,60,629,74691,0.4235838860254928,13,Rent,Other,791,5,29,2.0,0.10247026632558398,0,0,MI,34,PhD,Married,0,27,0
736,2022-04-03,26860,0.17885134473016231,36,849,69063,0.44344303919087824,18,Own,Business,1757,4,19,6.0,0.28209307681563933,0,0,GA,32,PhD,Widowed,1,34,0
737,2022-03-08,17832,0.24484953082895122,12,693,111782,0.48820166101105156,6,Mortgage,Home Improvement,1839,5,28,3.0,0.08829859010767127,0,0,NC,41,PhD,Single,3,28,0
738,2023-06-19,39787,0.06396013092292578,48,531,98343,0.2556696214647083,2,Mortgage,Debt Consolidation,1625,4,23,39.0,0.9705786551976789,0,0,OH,44,PhD,Single,2,159,0
739,2023-06-28,49231,0.16093754195601728,24,605,103071,0.3838884782159391,0,Mortgage,Business,169,7,9,7.0,0.39505843451227507,0,0,OH,66,Associate's,Widowed,4,145,0
740,2022-05-26,22727,0.1995588699518745,48,703,156564,0.5907895148822973,11,Mortgage,Business,207,10,8,37.0,0.901188767898186,0,0,PA,48,Bachelor's,Single,4,211,0
741,2022-10-25,43815,0.21205171733990627,24,500,141399,0.5490720853325786,14,Rent,Debt Consolidation,300,1,26,12.0,0.9711717690288483,0,0,NY,36,PhD,Married,1,234,0
742,2023-02-16,30545,0.13276549306415916,12,744,51357,0.5763327140491833,10,Own,Debt Consolidation,1175,14,3,11.0,0.9095626601275719,1,0,MI,51,High School,Divorced,2,108,0
743,2022-10-12,45522,0.09083331183364861,12,571,52314,0.29306819926428573,9,Mortgage,Credit Card Refinancing,1672,13,13,34.0,0.4549596643662088,0,0,MI,37,Bachelor's,Divorced,4,123,0
744,2021-01-08,3520,0.05846845575447677,24,805,199769,0.49346405294833084,1,Rent,Other,728,1,17,37.0,0.7788972975820573,0,0,NC,66,Master's,Widowed,0,183,0
745,2022-12-24,4081,0.16594523141944495,36,514,90283,0.40994897588017387,3,Rent,Business,1382,2,10,53.0,0.15369948375502596,0,0,IL,61,Master's,Divorced,4,203,0
746,2020-05-25,35196,0.14058221405352217,60,552,79567,0.14136754153112055,16,Rent,Credit Card Refinancing,1605,13,21,50.0,0.09483261381920882,0,0,PA,39,PhD,Widowed,0,9,0
747,2020-08-11,37735,0.2397488790299422,48,507,67006,0.5119901945785327,16,Rent,Credit Card Refinancing,1387,1,12,42.0,0.876901467830728,0,0,CA,68,Associate's,Single,4,222,0
748,2023-06-16,40213,0.06212098154298196,48,829,161758,0.43855063817868234,7,Rent,Business,1005,12,16,35.0,0.031120145703248392,0,0,IL,63,Associate's,Married,0,57,0
749,2020-06-25,15566,0.18707906868920116,48,545,188521,0.1994586797576334,13,Mortgage,Business,402,10,4,46.0,0.9723273508971699,0,0,PA,44,Bachelor's,Single,3,45,0
750,2022-05-02,15042,0.054993244424011434,12,824,81606,0.13986927871473068,3,Mortgage,Home Improvement,1036,12,24,1.0,0.6721338800641129,0,0,MI,57,Associate's,Widowed,1,134,0
751,2023-07-29,26498,0.08428683534210855,48,613,38891,0.5185110653241654,5,Own,Other,675,12,22,14.0,0.41961302140060885,0,0,NY,59,Master's,Married,3,142,0
752,2020-03-03,12329,0.14071579998456682,60,646,121732,0.13945091474560053,18,Mortgage,Business,1677,10,14,48.0,0.1413753263810552,0,0,OH,29,PhD,Married,0,159,0
753,2023-05-25,32656,0.14097448856057365,60,665,187795,0.14567693268321832,3,Rent,Debt Consolidation,654,13,22,33.0,0.7232311509547122,0,0,FL,60,High School,Married,1,182,0
754,2022-04-06,3159,0.1871401085867288,24,638,49877,0.3137041439521576,2,Own,Home Improvement,224,14,29,38.0,0.5631117544033528,0,0,IL,50,Master's,Single,2,11,0
755,2022-03-05,38900,0.23204260697355134,12,616,34026,0.16739891420973854,19,Rent,Other,1393,11,14,25.0,0.7111270074465693,0,0,TX,33,Master's,Married,0,69,0
756,2021-11-19,20363,0.17780643178298416,60,798,40422,0.5568347987213597,5,Rent,Debt Consolidation,958,3,3,47.0,0.417922205628921,0,0,IL,39,Bachelor's,Single,4,95,0
757,2020-04-14,48701,0.24070701957030177,36,775,160316,0.33514196813161834,6,Mortgage,Debt Consolidation,844,6,7,4.0,0.06626008306091169,0,0,FL,40,Associate's,Single,4,130,0
758,2023-01-27,44241,0.22632312797559953,12,776,53481,0.3845754903272858,13,Rent,Other,579,10,7,47.0,0.31497220055072694,0,0,MI,57,High School,Married,2,103,0
759,2021-05-25,20033,0.16689995910615807,12,837,109180,0.5640530447390437,11,Mortgage,Home Improvement,231,11,13,24.0,0.3150207532146908,0,0,PA,54,High School,Widowed,3,17,0
760,2021-01-19,11805,0.21675839018376547,60,812,129384,0.3651316128191743,15,Rent,Debt Consolidation,1125,6,5,50.0,0.008679158337660864,0,0,NY,26,Associate's,Married,0,230,0
761,2021-02-08,36851,0.17851552206472682,36,677,78031,0.2767955729786593,19,Own,Credit Card Refinancing,214,1,6,33.0,0.009581015098923507,1,0,TX,60,PhD,Married,4,110,0
762,2022-04-02,27832,0.06571156618474543,24,829,159593,0.49857755290791594,7,Rent,Other,580,6,24,46.0,0.3307582872004433,0,0,MI,49,Associate's,Single,1,36,0
763,2021-06-01,14944,0.198112944651902,60,653,152818,0.3214250987376054,1,Mortgage,Other,1080,5,9,3.0,0.7276233847992125,0,0,CA,47,PhD,Married,2,131,0
764,2021-04-20,20873,0.06898168825346924,36,700,103127,0.25923471280115273,12,Rent,Business,1124,7,7,33.0,0.6240437304168749,0,0,OH,64,High School,Widowed,3,191,0
765,2021-12-09,41372,0.1688165561139425,12,614,112254,0.46161472930276726,7,Mortgage,Home Improvement,430,6,22,26.0,0.23901764670650905,0,0,NC,42,Bachelor's,Married,3,43,1
766,2022-02-09,24928,0.1905280411716458,36,658,88232,0.5008028383065215,19,Mortgage,Credit Card Refinancing,1700,12,29,54.0,0.6027626521721712,0,0,NY,44,Master's,Widowed,1,93,0
767,2022-11-12,16379,0.06330552164217106,12,541,163084,0.4958580837921357,15,Own,Credit Card Refinancing,1041,12,4,41.0,0.6473775955594916,0,0,OH,42,High School,Divorced,1,33,0
768,2022-09-23,37751,0.09615893078530635,60,746,100224,0.5888372070643538,3,Mortgage,Business,1054,7,24,53.0,0.522569922824999,0,0,TX,32,High School,Divorced,2,206,0
769,2021-11-07,35546,0.23313444645232997,60,567,174529,0.4933334744374813,15,Own,Debt Consolidation,1760,2,9,55.0,0.5213539751868225,0,0,IL,63,High School,Divorced,1,102,0
770,2021-12-14,25286,0.17326289844657927,48,825,49960,0.4849667179743431,19,Own,Debt Consolidation,867,12,20,28.0,0.36974787306263923,0,0,PA,60,Master's,Married,4,29,0
771,2020-03-23,6110,0.09925720376210632,48,833,107695,0.5287426268681101,5,Rent,Credit Card Refinancing,490,1,22,4.0,0.12339436375323676,0,0,GA,37,PhD,Single,3,151,1
772,2023-03-14,13087,0.18813595422960133,48,695,150066,0.10009259764772141,3,Own,Home Improvement,933,14,12,17.0,0.3854838000504246,0,0,FL,54,Bachelor's,Widowed,1,187,0
773,2023-01-13,24762,0.16935528399233793,60,589,158982,0.2812157055938853,15,Mortgage,Debt Consolidation,242,7,19,3.0,0.3453343161468275,0,0,NY,48,Bachelor's,Divorced,0,81,0
774,2023-01-06,18081,0.1503151399835897,24,610,22693,0.4688015480172111,12,Mortgage,Other,427,9,11,,0.5919725928760583,0,0,TX,22,Bachelor's,Widowed,1,177,0
775,2021-04-01,35947,0.24523739499761676,60,644,135313,0.3998595055551387,4,Own,Business,1881,2,27,49.0,0.8562601687666084,0,0,GA,65,PhD,Single,3,183,0
776,2020-01-01,10596,0.1866907554815018,36,774,166930,0.18878600131580883,14,Rent,Home Improvement,727,12,29,19.0,0.375375164840385,0,0,OH,37,Associate's,Widowed,4,75,0
777,2020-02-20,39019,0.12508822193358254,60,678,48810,0.2518665445442727,7,Own,Debt Consolidation,476,7,21,5.0,0.7097352778996852,0,0,PA,26,Associate's,Widowed,1,156,0
778,2021-11-15,43003,0.2100146864153736,60,740,40092,0.2683963055410534,6,Own,Credit Card Refinancing,1938,3,13,19.0,0.8118303774964685,0,0,IL,67,Bachelor's,Divorced,4,199,0
779,2021-12-17,19313,0.22691665858423757,12,825,199772,0.383914055586158,13,Mortgage,Business,189,6,21,19.0,0.21175151373079615,0,0,IL,39,High School,Widowed,0,109,0
780,2021-03-24,48639,0.0750441119033663,12,818,78105,0.5157991482205382,6,Rent,Debt Consolidation,907,3,29,45.0,0.9016501768797186,1,0,CA,62,High School,Divorced,3,104,0
781,2022-05-30,2013,0.0901105955690533,12,830,181577,0.56624588988884,6,Rent,Credit Card Refinancing,1120,13,9,26.0,0.0704449381793606,0,0,PA,55,Master's,Single,2,72,0
782,2021-05-02,24705,0.09324540182555595,60,652,48555,0.4750462064268195,17,Rent,Debt Consolidation,1165,10,20,25.0,0.9017193387976908,0,0,NC,65,Associate's,Divorced,3,233,1
783,2020-02-03,2828,0.18824236187730808,24,603,91934,0.5214751950884049,9,Rent,Business,1158,13,22,31.0,0.16363289262919012,0,0,GA,46,High School,Widowed,2,221,1
784,2023-10-03,8909,0.17060791101065667,36,574,92788,0.335047979225758,17,Mortgage,Other,1111,11,17,9.0,0.33716960283431563,0,0,MI,63,Bachelor's,Single,2,25,0
785,2020-04-04,39356,0.17379831293971765,36,627,97257,0.29488765981114373,13,Rent,Other,1617,11,28,17.0,0.6052352201681633,0,0,CA,55,Master's,Married,3,135,0
786,2022-12-31,14109,0.2381546599379002,24,698,37939,0.29635426607210846,9,Rent,Credit Card Refinancing,652,11,22,40.0,0.9056833657708252,0,0,PA,36,Associate's,Married,2,121,0
787,2020-06-02,3023,0.2051823065614612,24,653,162897,0.4080192641699786,6,Rent,Other,1976,5,19,11.0,0.25570144056523525,0,0,TX,25,Master's,Single,4,214,0
788,2020-09-06,15537,0.07558738490235664,36,555,175223,0.1621183527779045,6,Mortgage,Business,223,2,10,9.0,0.7635739134665755,0,0,PA,25,High School,Single,0,201,1
789,2021-11-04,27661,0.1195014164850362,48,777,148068,0.38974709139513064,6,Mortgage,Credit Card Refinancing,156,8,5,23.0,0.7104358082408693,0,0,NC,46,Bachelor's,Widowed,1,75,0
790,2021-03-13,39659,0.13707872923514713,12,844,20036,0.4325664300918628,4,Rent,Debt Consolidation,905,14,10,23.0,0.15970876214216712,0,0,PA,62,Bachelor's,Married,2,162,0
791,2020-04-27,34848,0.12919231774952097,12,518,113948,0.3194543701031194,0,Mortgage,Home Improvement,1579,8,26,52.0,0.47946394458432795,1,0,GA,34,Bachelor's,Single,2,219,0
792,2022-02-09,38804,0.18386172183237584,36,658,103707,0.5765835883855837,13,Own,Debt Consolidation,334,7,3,50.0,0.4815050931776321,0,0,PA,63,High School,Married,3,150,0
793,2023-08-22,16379,0.22837862065131254,24,525,59051,0.4041066361897876,17,Rent,Business,707,6,10,37.0,0.3046118146566501,0,0,PA,67,PhD,Married,4,67,0
794,2020-09-24,28766,0.11121029270455761,48,668,100738,0.2099997361183126,12,Mortgage,Credit Card Refinancing,491,1,10,45.0,0.7799213165357953,0,0,OH,46,Bachelor's,Widowed,1,178,0
795,2022-12-13,44590,0.16037542728423715,36,522,93596,0.33960812871675816,7,Rent,Debt Consolidation,1615,8,19,24.0,0.9259338523730986,0,0,MI,24,PhD,Single,2,176,0
796,2020-08-23,3563,0.20788188438271715,12,546,80071,0.437702218567647,7,Rent,Credit Card Refinancing,1069,1,12,7.0,0.7165724586028168,0,0,FL,56,Bachelor's,Divorced,4,104,0
797,2021-01-23,37060,0.13324361176906988,60,512,150613,0.26181456229023947,9,Mortgage,Other,1954,8,14,54.0,0.9729547330228147,0,0,GA,69,PhD,Single,1,119,0
798,2022-09-16,30197,0.08362362567985918,24,716,93601,0.1398208031445116,16,Own,Home Improvement,1466,11,7,13.0,0.05046847108161234,0,0,FL,30,Associate's,Married,3,200,0
799,2022-02-01,4586,0.14499019305274966,60,821,49873,0.39171781735544253,5,Rent,Business,1767,2,10,42.0,0.03722268508939519,0,0,OH,35,Associate's,Divorced,2,70,1
800,2021-02-04,17087,0.0610445041486057,36,693,187720,0.57393508430984,14,Own,Debt Consolidation,1299,8,17,30.0,0.8938586774932468,0,0,CA,43,Bachelor's,Divorced,3,57,0
801,2021-09-15,49868,0.2384766908004554,12,643,91468,0.34253599278158686,14,Mortgage,Home Improvement,151,10,5,23.0,0.8978003696966024,0,0,NC,69,Master's,Married,3,153,1
802,2022-02-05,24225,0.0649642410389946,48,572,46470,0.553054540323519,15,Rent,Business,1673,12,3,15.0,0.10712078508788236,0,0,MI,30,Master's,Divorced,2,66,1
803,2023-08-19,30750,0.13769134305011563,60,655,28328,0.517511794185847,7,Mortgage,Business,1601,4,8,19.0,0.35744604906892463,0,0,NC,45,High School,Divorced,4,144,0
804,2022-07-07,7643,0.15597625221770525,48,576,157405,0.17370639181699168,18,Mortgage,Other,588,7,16,37.0,0.8353945781128532,1,0,OH,44,Associate's,Single,4,58,0
805,2023-05-15,28523,0.24706076645745711,12,668,141173,0.4540849609177854,19,Mortgage,Credit Card Refinancing,1978,5,26,46.0,0.12854067750164588,0,0,GA,58,Associate's,Married,3,117,0
806,2023-06-06,37727,0.08320436472857216,60,786,66638,0.31773276253598925,14,Mortgage,Credit Card Refinancing,104,8,7,14.0,0.2674280726092071,0,0,NY,66,Master's,Widowed,3,169,0
807,2022-05-02,12005,0.07288630372247172,48,584,31268,0.22512316263146845,2,Rent,Home Improvement,1848,12,12,13.0,0.6809960368579531,0,0,MI,36,Bachelor's,Divorced,0,51,0
808,2021-07-31,44543,0.05174122941250872,48,681,133920,0.4434691778333515,5,Own,Other,731,6,28,52.0,0.9818990544779979,0,0,MI,57,High School,Married,1,21,1
809,2020-03-15,1161,0.08111428737386046,60,814,130379,0.47133035932821066,7,Own,Business,1961,14,21,11.0,0.7971388400703923,0,0,OH,35,Associate's,Single,3,79,0
810,2021-03-10,17029,0.09145459581353353,12,796,168117,0.1899481593674194,15,Rent,Other,1332,5,18,33.0,0.7773176228143873,0,0,CA,41,High School,Single,3,56,0
811,2020-04-12,15226,0.17611618831661846,48,611,191813,0.5572223410281042,14,Rent,Other,316,1,5,7.0,0.34266266369113685,0,0,TX,60,Associate's,Single,1,98,1
812,2023-12-16,29731,0.09394135807828008,36,729,193842,0.4755736219757205,12,Own,Home Improvement,635,3,20,18.0,0.6613430716714742,0,0,PA,57,PhD,Divorced,2,47,0
813,2022-02-02,44922,0.05410416294586504,60,595,27887,0.5666877495709843,19,Own,Credit Card Refinancing,1465,10,8,45.0,0.11308828893082801,0,0,IL,48,PhD,Widowed,4,118,0
814,2022-01-07,45848,0.21532366910049774,24,667,44918,0.25853660938184553,14,Rent,Other,1840,9,12,4.0,0.9922670331834992,0,0,IL,38,High School,Single,2,171,0
815,2022-03-16,4390,0.12311914020079336,24,655,55497,0.5696675078714935,17,Mortgage,Other,1524,14,14,55.0,0.48058431775399024,0,0,NC,47,Master's,Widowed,1,84,0
816,2023-08-22,6997,0.12073933731614679,12,604,113562,0.2842588289191904,12,Rent,Other,1585,9,28,26.0,0.6388078682643784,0,0,PA,62,Master's,Married,1,108,0
817,2020-04-07,13693,0.11049580583358531,36,692,31929,0.12698488071369587,7,Own,Debt Consolidation,837,5,27,40.0,0.8761718986814537,0,0,TX,25,Associate's,Single,0,31,0
818,2022-03-08,43092,0.2450746554292842,48,829,122201,0.4814846943545117,13,Mortgage,Other,829,3,22,12.0,0.0009649618435639828,0,0,NY,24,PhD,Divorced,0,15,0
819,2023-09-20,1541,0.0840230834618563,24,631,136566,0.4517540720441704,10,Own,Other,1334,6,29,31.0,0.975982427596308,0,0,NC,40,PhD,Single,4,176,0
820,2022-05-08,22817,0.22964761279064705,12,637,48546,0.39895549613166625,5,Mortgage,Business,1149,5,4,30.0,0.35915931217019315,0,0,MI,62,High School,Divorced,3,62,0
821,2021-03-10,38861,0.2053606664279776,36,830,188410,0.344946872192087,0,Own,Debt Consolidation,1375,1,15,40.0,0.33959074139582635,0,0,FL,61,High School,Married,1,220,0
822,2021-03-22,14428,0.06529599109986262,36,769,185355,0.1160826351613157,1,Mortgage,Other,102,2,3,45.0,0.14506333609265387,0,0,IL,60,Master's,Widowed,0,70,0
823,2023-08-24,44934,0.24734582030016974,12,537,102494,0.41229862576007714,12,Rent,Other,1125,12,19,36.0,0.8581844102835411,0,0,NC,28,Master's,Widowed,2,131,0
824,2020-09-05,49831,0.10427319270780211,12,544,66566,0.30841730761139685,0,Rent,Home Improvement,1727,5,6,1.0,0.8708395358672405,0,0,IL,57,Master's,Widowed,0,166,0
825,2020-06-14,11258,0.06971658540448247,48,662,105464,0.3801047013704725,3,Mortgage,Home Improvement,1125,14,14,6.0,0.019988998944890257,0,0,OH,40,Bachelor's,Single,2,87,0
826,2022-09-10,17044,0.2158628468251519,12,830,148279,0.3146606709838181,1,Mortgage,Debt Consolidation,249,9,14,47.0,0.05572522087331633,0,0,NY,33,PhD,Single,0,58,0
827,2023-09-20,30411,0.19133510673554,48,752,101991,0.5830280663825995,19,Rent,Business,1706,12,25,10.0,0.9183416606336705,0,0,NY,41,PhD,Married,2,195,0
828,2022-10-16,6469,0.17344376117558016,48,668,112680,0.40205445057542355,15,Rent,Debt Consolidation,103,4,25,10.0,0.12286813227740156,0,0,FL,59,High School,Widowed,0,45,1
829,2021-06-25,29854,0.08119617273978663,60,784,48013,0.4746181653012336,2,Mortgage,Debt Consolidation,1620,9,15,22.0,0.6209274639669589,0,0,GA,33,PhD,Married,0,172,0
830,2022-01-28,7256,0.1456992232511924,36,773,72132,0.5681734737355416,16,Mortgage,Home Improvement,1673,3,13,30.0,0.6196504501683159,0,0,NY,50,High School,Divorced,4,8,0
831,2023-02-03,11720,0.20611120537744276,36,519,179156,0.39579966145836987,4,Rent,Home Improvement,1994,1,22,43.0,0.8697303351086543,0,0,MI,51,Bachelor's,Single,3,127,0
832,2020-03-21,34937,0.11072478762876806,36,738,127855,0.10603125891120038,7,Own,Business,567,6,14,44.0,0.5726541054256784,0,0,OH,41,Master's,Widowed,1,66,0
833,2020-05-12,34598,0.1123379657030083,60,769,172215,0.11714583915527119,11,Rent,Other,169,10,19,7.0,0.4340114113106288,1,0,CA,25,Bachelor's,Single,3,71,0
834,2022-03-07,2651,0.05062818120962442,48,809,111627,0.45116921705093094,11,Mortgage,Business,300,14,14,55.0,0.9743807825910455,0,0,NC,23,Master's,Widowed,4,189,0
835,2022-06-18,20194,0.08484868032907592,48,530,142772,0.23954256807564175,0,Mortgage,Other,407,7,5,31.0,0.22881547599897,0,0,MI,68,Master's,Widowed,2,17,0
836,2020-05-17,26051,0.22508112502436686,12,813,165251,0.3896898636739744,0,Own,Credit Card Refinancing,1375,4,24,47.0,0.26271801768318326,0,0,PA,51,High School,Single,3,71,0
837,2020-07-02,28386,0.13834929832754142,60,603,161294,0.20113859054533448,14,Rent,Home Improvement,1410,10,23,20.0,0.08476965479860799,0,0,CA,44,Master's,Single,1,97,0
838,2023-11-25,10518,0.2468468998468868,12,669,84068,0.23512443753085707,16,Mortgage,Credit Card Refinancing,1021,5,11,30.0,0.9753168171549442,0,0,MI,27,Bachelor's,Married,1,36,0
839,2023-09-15,47026,0.12914159271475853,60,685,175021,0.3523205279740377,1,Rent,Credit Card Refinancing,391,4,24,,0.7063602088376154,0,0,PA,39,Associate's,Single,2,239,0
840,2022-02-23,17184,0.19303729095604827,12,627,36116,0.587784731678041,16,Mortgage,Home Improvement,1277,3,6,12.0,0.012097087491401037,0,0,IL,43,High School,Single,1,68,0
841,2022-09-10,34787,0.10638380858094583,24,709,71369,0.4081352446045958,19,Own,Credit Card Refinancing,1023,1,19,10.0,0.7043140275790375,0,1,IL,58,Master's,Single,4,108,0
842,2020-03-09,22621,0.12276192822818671,36,780,199889,0.5680740522565116,8,Rent,Debt Consolidation,1256,13,9,28.0,0.4041361111136923,0,0,IL,25,Master's,Divorced,3,208,0
843,2021-06-29,11028,0.08814519751817894,36,752,123100,0.5796899271934738,11,Rent,Other,982,6,15,3.0,0.9675496917353414,0,0,FL,64,PhD,Divorced,1,21,0
844,2020-02-22,13448,0.11941247369987901,48,518,49655,0.20405499821025372,3,Own,Business,685,10,29,35.0,0.27738750216239305,1,0,OH,32,High School,Divorced,3,210,0
845,2020-07-23,46253,0.15944750408412864,24,699,67632,0.25559680123447226,12,Mortgage,Home Improvement,1397,5,3,14.0,0.7102863387138983,0,0,NC,62,High School,Married,0,46,0
846,2020-05-05,35051,0.24835457619584989,36,719,165265,0.48499614060935203,3,Mortgage,Debt Consolidation,1906,11,29,58.0,0.6274341503743958,0,0,FL,56,Bachelor's,Married,3,174,1
847,2020-02-12,31447,0.18284034261435714,48,635,181848,0.5333820011456719,6,Rent,Business,1820,1,9,2.0,0.012049974896248705,0,0,NY,32,Associate's,Widowed,2,92,0
848,2020-04-20,19394,0.08984919088166282,24,722,194297,0.35961337209476385,13,Own,Business,608,5,17,55.0,0.8852169293323735,0,0,NY,55,Bachelor's,Married,4,107,0
849,2022-01-30,35501,0.05899228831831023,36,502,199884,0.5966130336402746,8,Rent,Business,1476,6,8,50.0,0.1396126603529665,0,0,NY,30,Bachelor's,Single,1,124,0
850,2023-04-21,31254,0.07527129626290213,12,735,38895,0.10578609937763514,0,Rent,Credit Card Refinancing,104,10,4,28.0,0.6635887789978331,0,0,OH,52,Bachelor's,Widowed,4,16,0
851,2022-04-27,19509,0.1625110402546095,60,841,172281,0.24979632779260783,0,Mortgage,Credit Card Refinancing,392,5,5,20.0,0.775548450794289,0,0,FL,63,Associate's,Single,3,239,0
852,2020-04-04,49998,0.20303206576335328,24,727,43086,0.41158087687228995,19,Mortgage,Credit Card Refinancing,459,1,8,1.0,0.630927646498461,0,0,FL,53,Bachelor's,Widowed,1,150,0
853,2023-10-29,15472,0.23808384146014938,48,641,105637,0.3346449554687414,3,Mortgage,Credit Card Refinancing,1721,14,5,5.0,0.09711386751365891,0,0,CA,64,High School,Married,4,134,0
854,2022-06-18,46657,0.05316463439936417,24,508,178279,0.15830148321440038,0,Mortgage,Debt Consolidation,313,5,10,30.0,0.9751791362546911,0,0,FL,56,Associate's,Divorced,2,222,0
855,2020-12-25,4471,0.15455202831237397,48,689,127334,0.2838935427402818,9,Mortgage,Credit Card Refinancing,1529,10,24,53.0,0.23681791452122236,0,0,PA,32,Master's,Single,0,184,0
856,2022-06-18,42796,0.14417347124463537,24,849,171969,0.11272357164751953,1,Own,Home Improvement,1559,1,18,23.0,0.627864769943869,0,0,NY,38,PhD,Widowed,0,45,0
857,2020-10-07,31268,0.18121100439514082,48,664,83083,0.4213730230376397,14,Rent,Business,1138,11,18,39.0,0.7971780582613112,0,0,FL,57,PhD,Divorced,2,186,0
858,2023-05-03,9329,0.1619157708930684,36,638,115028,0.5463712714981777,2,Own,Debt Consolidation,1396,3,21,16.0,0.9392360099065117,0,0,OH,23,High School,Single,0,156,0
859,2023-05-03,35865,0.18740783011649612,12,775,86957,0.5424370618917295,8,Rent,Credit Card Refinancing,662,12,15,4.0,0.6040105292559078,0,0,NC,45,PhD,Single,2,145,0
860,2021-10-28,47850,0.18161651694983807,36,790,117551,0.44977223688277324,16,Mortgage,Business,864,13,15,1.0,0.25905414916311564,0,0,NY,67,PhD,Divorced,3,164,0
861,2020-04-02,47698,0.07340234497158925,12,552,98506,0.3328850977489638,12,Own,Debt Consolidation,144,2,26,57.0,0.8366390174069664,0,0,GA,36,PhD,Married,2,12,0
862,2021-11-02,29272,0.20994358272374392,36,674,158355,0.35601580934574484,2,Rent,Business,802,13,14,11.0,0.1632199659500715,0,0,PA,49,Master's,Divorced,0,50,1
863,2020-03-01,43845,0.07464651514326497,36,609,114024,0.16845941199783146,3,Mortgage,Debt Consolidation,733,1,5,4.0,0.022282428071070615,0,0,GA,24,PhD,Married,3,59,0
864,2021-09-25,7397,0.18970612504182743,24,702,101481,0.27050854655960155,3,Mortgage,Other,1535,4,14,41.0,0.9081488584424017,0,0,NY,50,Bachelor's,Widowed,2,104,0
865,2022-12-10,33373,0.13322907352812136,60,635,20255,0.19386403774913682,10,Own,Debt Consolidation,1310,2,22,59.0,0.575388958054606,0,0,CA,66,High School,Married,2,12,0
866,2023-11-27,36525,0.1527701469153196,48,503,35487,0.5106001016749773,6,Own,Credit Card Refinancing,1849,5,18,40.0,0.06964149081131865,0,0,OH,34,High School,Widowed,3,228,1
867,2022-10-25,25570,0.23065960287514212,48,654,39346,0.5573769506689799,10,Own,Business,760,10,16,19.0,0.5797293871230053,0,0,NC,43,High School,Widowed,1,190,0
868,2021-08-26,19284,0.22797674529469733,48,671,55050,0.36846163071005855,10,Mortgage,Business,1293,1,19,7.0,0.14501416832244862,0,0,NC,52,Master's,Widowed,0,40,0
869,2021-11-12,19994,0.2135712611310059,12,546,28744,0.46388202025647207,9,Rent,Business,820,12,12,,0.03138600639686506,0,1,NY,28,Master's,Widowed,1,93,0
870,2021-06-17,24284,0.15202967609126466,48,593,175828,0.16073238545356375,4,Rent,Home Improvement,693,10,5,55.0,0.11652404749075418,0,0,FL,69,PhD,Single,3,130,0
871,2023-11-29,18833,0.19724796202676664,48,547,81596,0.4042673216386192,12,Own,Home Improvement,1524,1,29,5.0,0.7751074285059703,0,0,CA,69,Bachelor's,Widowed,3,93,0
872,2022-04-17,26122,0.15257941110376189,24,739,176218,0.45139551068892303,11,Rent,Credit Card Refinancing,1831,11,21,55.0,0.7556609048135998,0,0,OH,47,PhD,Single,4,222,0
873,2021-10-06,6017,0.2239212164949555,36,846,139640,0.32638406475570036,9,Mortgage,Other,345,10,12,53.0,0.6043181349152832,0,0,NY,52,High School,Single,4,228,0
874,2020-08-20,17370,0.13055516664657998,48,712,75032,0.22163654223534932,6,Rent,Home Improvement,956,4,11,10.0,0.20932828991280572,0,0,FL,59,Bachelor's,Widowed,3,108,0
875,2021-06-07,30252,0.24404706888297537,60,839,62687,0.5386872602706957,18,Mortgage,Debt Consolidation,1992,7,23,2.0,0.7389670657953086,0,0,NY,59,High School,Married,4,153,0
876,2020-12-11,8999,0.2364645516457755,48,823,197175,0.47145435997686125,18,Own,Credit Card Refinancing,651,14,14,30.0,0.4080452672150676,0,0,CA,25,Bachelor's,Married,2,85,0
877,2022-12-05,23436,0.19832052389035712,12,638,173048,0.5499286409245975,18,Rent,Other,1803,14,23,27.0,0.51075361712634,0,0,OH,56,Associate's,Divorced,1,214,0
878,2021-06-29,43963,0.10588317683521441,12,704,82863,0.5092013237489117,11,Mortgage,Debt Consolidation,142,2,9,46.0,0.8976406933263213,0,0,PA,54,Master's,Single,3,74,0
879,2023-01-06,3096,0.07633071775865169,12,572,151663,0.5951872147894313,19,Own,Business,940,2,29,42.0,0.4578575237381254,0,0,NY,24,Master's,Single,2,127,0
880,2023-01-01,49201,0.2209406900186395,48,503,26277,0.19608636660722448,14,Own,Home Improvement,1846,1,14,55.0,0.6263661538514906,0,0,FL,40,High School,Married,0,31,1
881,2022-03-04,26279,0.08306045722759225,24,575,81860,0.14337388390198705,4,Own,Debt Consolidation,278,5,10,4.0,0.961751491837908,0,0,TX,30,High School,Single,0,175,0
882,2020-09-05,44363,0.22085215779946715,60,828,153332,0.2685013956686293,13,Own,Other,1580,6,2,59.0,0.4513898988339974,0,0,TX,67,Associate's,Married,4,188,0
883,2020-02-16,49709,0.14815300134247208,48,576,44741,0.16450208751162945,11,Rent,Credit Card Refinancing,634,13,2,25.0,0.5607278981926902,0,0,TX,40,PhD,Divorced,4,201,1
884,2023-02-18,27201,0.13131135676162084,24,803,139720,0.3615650564531122,10,Mortgage,Debt Consolidation,706,6,16,15.0,0.584414624883448,0,0,FL,40,Bachelor's,Widowed,2,105,0
885,2020-08-01,20715,0.23063815576688584,24,755,57211,0.4165144527038712,4,Rent,Credit Card Refinancing,771,2,23,52.0,0.2407115588727543,0,0,CA,47,Associate's,Widowed,0,231,0
886,2020-08-26,30309,0.17077019650805558,48,601,192614,0.3891443075867018,15,Mortgage,Business,1367,12,5,30.0,0.7369220622829524,0,0,CA,34,Associate's,Widowed,3,98,0
887,2022-12-15,16078,0.16532280142594358,48,605,26869,0.22962006769513507,17,Own,Other,1026,12,28,27.0,0.7266370282738476,0,0,OH,43,High School,Divorced,1,103,0
888,2020-12-15,6105,0.16175318892487955,24,832,107616,0.5544120154843984,11,Rent,Other,116,7,21,6.0,0.21355674149568205,0,0,IL,69,High School,Single,4,41,0
889,2020-04-16,30312,0.12423390320390629,24,538,114515,0.11058618186768923,4,Own,Home Improvement,1235,6,2,37.0,0.013338044834512619,0,1,TX,29,PhD,Divorced,2,178,1
890,2022-04-10,3839,0.20712862070582547,24,813,170494,0.2740066768817465,15,Mortgage,Other,1738,8,26,8.0,0.998941570568453,0,0,NC,45,PhD,Single,4,151,0
891,2020-02-17,4384,0.1005596888031546,48,774,186685,0.4594962376990305,11,Own,Debt Consolidation,925,6,13,38.0,0.5815877329606897,0,0,IL,47,High School,Single,2,12,0
892,2020-12-02,44619,0.23777899200825503,24,587,80110,0.4834644631745797,1,Rent,Debt Consolidation,1721,9,12,34.0,0.18103204237600135,0,0,MI,69,Master's,Widowed,0,71,0
893,2022-11-15,43821,0.22879704100939216,12,710,54033,0.30805927221593,5,Rent,Debt Consolidation,646,10,20,42.0,0.2835654825146794,0,0,TX,62,PhD,Married,4,96,0
894,2022-03-14,14493,0.11749606513497964,48,576,65213,0.10845490662818355,3,Mortgage,Business,1153,2,16,26.0,0.6177920422090999,0,0,NC,62,Associate's,Married,2,211,0
895,2023-07-04,18069,0.19589275396633277,12,576,32938,0.40902183956186866,12,Mortgage,Other,1315,7,22,11.0,0.13761558104808036,0,0,CA,24,High School,Widowed,2,22,1
896,2020-01-08,47907,0.16464463888991832,36,527,150842,0.13154734059160786,9,Rent,Other,536,5,11,52.0,0.03728063710895646,0,0,NC,28,Bachelor's,Single,4,56,1
897,2021-09-16,8531,0.11752986039984692,48,744,22274,0.15392788807675725,16,Rent,Debt Consolidation,278,1,2,24.0,0.7984798344547435,0,0,IL,23,Bachelor's,Divorced,1,16,1
898,2023-06-30,38051,0.24770432959908936,36,565,104390,0.42512535982309496,13,Rent,Home Improvement,715,3,25,42.0,0.7158462443519168,0,0,PA,54,Master's,Widowed,3,186,0
899,2021-12-19,8736,0.05504746916965284,24,765,182887,0.2562441630714274,14,Rent,Home Improvement,776,4,4,28.0,0.3096016481329835,0,0,NY,33,High School,Widowed,0,200,0
900,2020-10-29,8710,0.10052920612425734,24,704,170033,0.2740150763541265,7,Mortgage,Other,1597,12,15,30.0,0.05849137777456914,0,0,GA,69,Associate's,Divorced,4,222,0
901,2021-09-30,2619,0.1540148122222301,60,557,40044,0.34340353849162175,17,Rent,Other,733,2,16,57.0,0.4862709108480776,0,0,TX,33,Master's,Single,4,179,0
902,2020-02-25,14975,0.15439060069571278,24,700,119372,0.589289197429687,2,Mortgage,Credit Card Refinancing,1257,7,2,33.0,0.27618628992555894,0,0,CA,31,Associate's,Widowed,1,134,0
903,2021-12-26,46603,0.16778661498911285,36,724,173047,0.5827211103693553,16,Rent,Other,901,1,11,32.0,0.39777921731364774,0,0,OH,62,Bachelor's,Widowed,0,2,0
904,2021-06-09,24252,0.20033523440458387,24,641,34706,0.3081304996800376,6,Rent,Debt Consolidation,411,3,23,26.0,0.2739693463756029,0,0,TX,48,Associate's,Single,4,62,1
905,2021-04-18,16261,0.17469556610385928,48,583,157046,0.2327496086091411,12,Own,Business,1859,12,2,55.0,0.17526761992592432,0,0,FL,39,Bachelor's,Divorced,1,226,0
906,2020-01-28,2431,0.1700562921056074,24,642,96464,0.25129607633205786,15,Own,Other,124,9,16,55.0,0.38698978683638885,0,0,IL,25,PhD,Divorced,3,221,0
907,2020-03-18,10067,0.060702892582608664,60,532,41213,0.23439064908080207,4,Rent,Other,470,11,4,1.0,0.9648941234778153,0,0,CA,61,Bachelor's,Married,2,232,0
908,2023-05-24,38481,0.12530605755785967,24,651,21950,0.3661229035708904,3,Mortgage,Debt Consolidation,624,14,22,13.0,0.26622786700996703,0,0,NC,44,Bachelor's,Married,3,123,0
909,2023-11-10,28037,0.0964111479402312,36,657,30411,0.4034299039004643,9,Rent,Credit Card Refinancing,1442,2,21,12.0,0.3359666440469845,0,0,OH,42,Master's,Divorced,3,42,0
910,2020-12-30,10557,0.10307402232039509,36,640,148603,0.344389694114833,12,Own,Other,329,5,24,23.0,0.32924203352463066,0,0,NY,57,Master's,Married,3,117,0
911,2021-10-27,10435,0.16086749486806898,24,750,197228,0.30399718112407614,9,Rent,Home Improvement,1225,4,23,4.0,0.4802888197905403,0,0,CA,51,High School,Married,3,117,0
912,2021-06-09,38766,0.0899010629859217,36,802,82744,0.2056425187849689,13,Own,Home Improvement,1573,12,13,33.0,0.8435055387927836,0,0,NY,69,High School,Single,2,43,1
913,2021-11-29,1162,0.10878982020337952,36,611,168843,0.3412527956910567,11,Rent,Home Improvement,477,3,20,54.0,0.402122591549645,0,0,TX,42,Bachelor's,Widowed,0,52,0
914,2023-08-28,35742,0.09741694170346803,60,643,55053,0.270551356901229,0,Rent,Business,987,5,17,22.0,0.8061479640330419,0,0,TX,44,PhD,Married,0,123,0
915,2022-06-01,20675,0.23970058864363897,48,708,158117,0.3707977313991715,19,Mortgage,Business,1326,6,28,18.0,0.11501210943253715,0,0,GA,42,High School,Married,1,186,0
916,2022-10-27,9461,0.23893314643421903,60,723,77623,0.437594707755812,19,Own,Other,1390,1,9,29.0,0.8949072046821132,0,0,IL,29,Bachelor's,Single,1,148,0
917,2022-10-23,18015,0.17198831171921036,12,542,49714,0.41665608721830527,6,Own,Other,561,2,25,48.0,0.18530408352393457,0,0,NC,60,Master's,Divorced,4,56,0
918,2022-07-07,33591,0.23490449374638,60,763,185458,0.3312451052027967,8,Own,Other,464,1,15,42.0,0.03920149908252746,0,0,TX,34,High School,Married,3,67,0
919,2022-01-19,29047,0.20716252909367464,24,743,129283,0.37802621213998044,7,Mortgage,Business,1857,3,19,15.0,0.15835448037706334,0,0,PA,61,High School,Widowed,3,59,0
920,2020-12-28,35782,0.16798957656036176,48,502,28562,0.24242806548037985,12,Rent,Other,203,8,24,51.0,0.19074979129065195,0,0,FL,43,Bachelor's,Married,2,48,0
921,2023-07-21,10833,0.05128704229935915,24,624,75048,0.11212012951119485,13,Mortgage,Debt Consolidation,1234,8,2,49.0,0.5085041276133591,0,0,GA,28,Bachelor's,Widowed,3,35,0
922,2022-03-16,8896,0.2045032572158808,12,767,113295,0.4125097270840521,11,Rent,Credit Card Refinancing,527,4,3,51.0,0.44993829275305575,0,0,CA,45,Associate's,Divorced,2,136,0
923,2022-01-08,33972,0.19049766831769377,48,583,32026,0.22628427956884348,7,Mortgage,Home Improvement,568,6,25,39.0,0.7158744169317086,0,0,FL,26,Associate's,Married,4,76,0
924,2022-11-04,42800,0.1730507306564828,36,515,126147,0.43447685503413724,17,Mortgage,Home Improvement,1114,12,13,33.0,0.050951085793663475,0,0,OH,47,PhD,Widowed,1,237,0
925,2023-04-30,31508,0.20208486233649436,60,833,51589,0.4735042497984797,15,Own,Debt Consolidation,1704,9,18,48.0,0.4977062513760845,0,0,NC,31,High School,Widowed,1,235,0
926,2021-04-29,6347,0.15258443295495316,24,558,128199,0.5579638730518905,10,Mortgage,Other,969,14,3,10.0,0.3324712269233808,0,0,CA,32,Associate's,Widowed,4,32,0
927,2020-01-28,31314,0.19081665426426783,12,676,117274,0.5790613977398065,15,Rent,Business,869,7,29,13.0,0.6307063320910085,0,0,GA,61,Bachelor's,Divorced,4,221,0
928,2021-12-14,3643,0.23703441734529868,36,562,46844,0.10526302315485073,13,Mortgage,Other,779,2,18,47.0,0.043699724125018435,0,0,NY,59,High School,Widowed,3,45,0
929,2022-11-28,41785,0.12516100316921727,60,548,174519,0.5951871046773187,2,Mortgage,Other,904,11,22,46.0,0.034934808918159366,0,0,FL,32,Associate's,Single,1,85,1
930,2023-07-20,19681,0.19162436698012508,36,806,110415,0.44150915924708045,1,Rent,Home Improvement,985,2,8,14.0,0.4272516013962966,0,0,FL,69,PhD,Divorced,0,123,0
931,2023-06-08,39328,0.14513756360219174,60,745,74708,0.4217620801870946,2,Own,Home Improvement,660,3,7,34.0,0.811339479201512,0,0,GA,51,PhD,Widowed,4,195,0
932,2020-03-26,16892,0.18487993036279632,48,788,90825,0.10760654759767771,3,Rent,Business,1373,8,7,57.0,0.6710940641352746,0,0,NY,25,PhD,Divorced,1,102,0
933,2020-05-05,48299,0.20257866711087283,36,785,71574,0.5306167059433687,4,Rent,Home Improvement,1605,10,23,6.0,0.016706091911565912,0,0,OH,23,PhD,Divorced,1,27,0
934,2022-03-22,18073,0.059090500087159194,36,831,105548,0.1727457236239132,9,Rent,Other,430,9,9,28.0,0.17847209421412236,0,0,TX,34,Bachelor's,Single,2,119,0
935,2021-06-20,37768,0.17932008878973238,36,514,169884,0.5186650769665205,19,Mortgage,Debt Consolidation,686,13,6,43.0,0.22673146451744297,0,0,NC,60,PhD,Widowed,1,3,1
936,2020-05-24,31682,0.09534823688138892,48,837,84230,0.10778127312935801,1,Mortgage,Business,300,14,16,53.0,0.4230589275451947,0,0,IL,38,Master's,Divorced,4,57,0
937,2023-05-20,33262,0.18400650756151338,12,754,192700,0.4229821312495806,11,Rent,Debt Consolidation,553,3,27,21.0,0.5867156839217995,0,0,GA,44,PhD,Divorced,3,193,0
938,2020-01-25,32358,0.1436660371867627,60,591,60581,0.3174007668849139,4,Rent,Other,1627,9,8,22.0,0.21646017389728966,0,0,IL,66,Associate's,Widowed,1,238,0
939,2023-11-18,15289,0.20471054837297745,36,778,197700,0.20038336452966757,4,Own,Business,1669,12,4,23.0,0.38251422447229766,0,0,CA,31,High School,Single,0,148,0
940,2020-03-07,8927,0.07468016304111928,48,705,45105,0.15378069588521706,0,Mortgage,Debt Consolidation,925,12,26,34.0,0.5839433939937642,0,0,NC,34,Associate's,Married,4,199,1
941,2020-08-20,49330,0.17526447033123904,12,593,99830,0.32006384827316325,3,Mortgage,Business,210,10,11,50.0,0.38343530390164904,0,0,MI,63,High School,Widowed,3,121,0
942,2020-04-18,2171,0.10569414578551047,60,724,89157,0.1616529026607124,11,Mortgage,Other,963,12,4,9.0,0.14316942138463218,0,0,OH,60,Bachelor's,Married,3,169,0
943,2023-03-15,12918,0.2205963990661183,48,800,183514,0.34322330584552374,11,Mortgage,Business,1951,8,15,7.0,0.4916611255382236,0,0,FL,63,High School,Widowed,4,1,1
944,2020-04-20,42903,0.2356767011272615,60,817,107235,0.4126085293264261,15,Rent,Other,1007,5,23,47.0,0.3239941959538054,0,0,OH,50,Master's,Widowed,3,74,1
945,2020-08-15,40110,0.2492796587358111,36,698,22347,0.5136920968036791,16,Rent,Business,1872,11,4,47.0,0.8641883625548357,0,0,IL,37,PhD,Divorced,0,109,0
946,2020-04-20,12929,0.20920148048545667,12,770,67650,0.4393247185914333,9,Own,Business,1667,10,2,11.0,0.7756249080938343,0,0,MI,24,Associate's,Widowed,1,204,0
947,2020-02-03,3539,0.2007468140856009,48,733,168182,0.13259988335307524,16,Mortgage,Home Improvement,1332,3,2,28.0,0.19027509223368944,0,0,NC,57,High School,Single,4,132,0
948,2021-09-14,37727,0.09310015177351022,12,545,155995,0.25371626627391863,16,Mortgage,Other,1767,11,20,28.0,0.15263579133084437,0,0,NY,25,Associate's,Single,1,71,0
949,2023-10-24,46951,0.11720141179802175,36,563,144926,0.2439893039662502,17,Rent,Credit Card Refinancing,1741,7,5,22.0,0.34767667331450003,0,0,FL,57,PhD,Widowed,1,10,0
950,2022-01-17,23669,0.14313650835245592,12,729,101147,0.5575162117355421,1,Own,Business,132,9,3,25.0,0.4121745004435924,0,0,PA,37,Bachelor's,Divorced,3,214,1
951,2021-08-17,6432,0.20467620955644994,12,748,68135,0.5338910221963817,3,Rent,Debt Consolidation,654,12,26,36.0,0.9320181513247281,1,0,IL,62,PhD,Divorced,4,127,0
952,2021-02-28,21644,0.23299317301559375,24,745,39199,0.2850739591752085,18,Mortgage,Home Improvement,206,6,12,31.0,0.301620737085333,0,0,CA,27,Bachelor's,Married,1,217,0
953,2021-09-04,19745,0.08782782000459693,12,574,160138,0.13557762794129055,10,Mortgage,Home Improvement,1388,3,25,51.0,0.8675843529684916,0,0,NC,63,Associate's,Widowed,2,157,0
954,2021-11-22,29228,0.2344734969340206,60,656,121583,0.5470536589023667,16,Own,Business,325,5,13,37.0,0.5053092793537157,0,0,NC,49,Bachelor's,Married,0,231,0
955,2023-07-29,35521,0.1891249304708116,48,722,112290,0.5440949764820936,11,Rent,Credit Card Refinancing,586,7,14,56.0,0.8856237255573897,0,0,TX,57,Bachelor's,Divorced,3,15,0
956,2023-09-05,32703,0.17215414613700775,24,689,187647,0.5273730660153625,1,Mortgage,Home Improvement,278,8,17,5.0,0.7019537773285864,0,0,FL,44,Bachelor's,Single,4,19,0
957,2020-11-10,27928,0.08996825425638791,48,551,140787,0.5225408188677508,5,Mortgage,Other,1345,13,17,7.0,0.7083889681093689,0,0,FL,33,Bachelor's,Divorced,4,231,0
958,2022-05-26,19322,0.061105006561830114,48,587,197805,0.3401270005430773,8,Own,Business,1493,14,20,16.0,0.5187974874961478,0,0,MI,63,Bachelor's,Single,3,186,0
959,2023-11-01,23360,0.163692979701588,36,812,134427,0.18871582612479912,4,Mortgage,Business,736,12,24,11.0,0.8403040415781398,0,0,GA,52,High School,Married,1,110,0
960,2023-08-05,30055,0.1803031366657785,36,838,168063,0.33874402523121383,19,Mortgage,Credit Card Refinancing,887,4,21,21.0,0.25442480524169564,1,1,PA,33,Bachelor's,Divorced,3,181,0
961,2021-10-23,43891,0.09215628987093766,24,565,173625,0.3472988853347324,8,Rent,Other,266,2,22,13.0,0.907351271516869,0,0,NY,53,Bachelor's,Single,4,46,0
962,2020-10-03,17376,0.1612912411650913,36,649,107493,0.3449658766224304,7,Own,Other,762,10,21,33.0,0.6367758550359672,0,0,FL,46,PhD,Married,2,18,0
963,2021-09-15,7588,0.22129868055251473,36,519,151706,0.3693862930575581,19,Own,Credit Card Refinancing,1676,2,10,18.0,0.4387089014925257,0,0,CA,50,PhD,Divorced,1,106,0
964,2021-05-30,26000,0.217013189091004,36,532,32771,0.22882851149557756,7,Own,Debt Consolidation,399,12,17,5.0,0.982189903415557,0,0,TX,40,PhD,Widowed,3,3,0
965,2023-10-05,7304,0.23547103611725945,48,827,145607,0.2831205905668075,5,Rent,Other,1504,3,28,17.0,0.8620141069116402,0,0,FL,43,Bachelor's,Divorced,4,70,0
966,2022-04-22,8345,0.12317716191137609,24,780,169370,0.31709329598173475,2,Own,Debt Consolidation,134,8,8,35.0,0.7720210128316995,0,0,GA,45,PhD,Married,4,22,0
967,2020-12-15,30300,0.11360991451018375,48,545,99876,0.16556060475824994,4,Mortgage,Debt Consolidation,506,1,14,53.0,0.27390247106894383,0,0,TX,54,High School,Divorced,4,55,1
968,2022-04-02,25259,0.19988520119616174,60,572,187071,0.3276820672807502,8,Own,Business,1625,14,5,36.0,0.9737407004323977,0,0,IL,57,Associate's,Married,2,118,0
969,2023-03-06,26470,0.13622248101940101,48,812,79648,0.5052348085347965,6,Mortgage,Business,413,7,14,37.0,0.7429875028259558,0,0,CA,66,PhD,Single,1,192,0
970,2022-01-28,24017,0.06750973280555612,60,842,95783,0.5140297713664381,3,Own,Home Improvement,915,6,9,14.0,0.6052172840290415,0,0,FL,61,PhD,Divorced,3,41,0
971,2022-06-17,16352,0.10656022613409995,12,632,64440,0.30578188595051514,6,Own,Business,842,14,3,37.0,0.9217992290133329,0,0,NY,67,High School,Married,1,110,0
972,2020-08-30,34365,0.13371645710629784,12,554,51655,0.3594041560421768,4,Rent,Other,826,2,8,39.0,0.16218168192912918,0,1,FL,37,Master's,Married,4,117,0
973,2021-06-26,20446,0.10850328509525041,60,560,63039,0.11682516606752832,10,Own,Other,925,9,12,8.0,0.13901605276427675,0,0,IL,23,Master's,Widowed,2,223,0
974,2022-11-29,3336,0.11644111418946433,60,844,75255,0.4372162782342984,14,Own,Debt Consolidation,1224,13,18,52.0,0.5637134143907602,0,0,TX,29,High School,Single,2,213,0
975,2020-08-16,10879,0.10875518123487815,48,507,92219,0.3023029414734315,1,Rent,Other,668,12,25,53.0,0.05671359663311071,0,0,PA,34,PhD,Widowed,4,136,0
976,2021-07-01,33316,0.05829983343661589,60,771,31244,0.32273884154167287,12,Mortgage,Business,1338,5,15,5.0,0.6639868618670157,0,0,NY,51,Associate's,Widowed,1,65,0
977,2022-07-08,34340,0.17741894016488852,24,745,114594,0.5368363635898824,15,Own,Business,1791,2,29,53.0,0.2407411381156198,0,0,IL,22,PhD,Divorced,1,131,0
978,2023-05-31,8521,0.16945848407069386,12,675,78595,0.3309172172803042,6,Own,Business,675,3,14,1.0,0.11902657794307137,0,0,FL,33,High School,Married,2,157,0
979,2020-01-06,7171,0.18067669969573613,12,615,190623,0.11059612311392639,7,Mortgage,Credit Card Refinancing,161,7,16,15.0,0.409495849791478,0,0,IL,28,High School,Married,0,70,0
980,2023-09-07,24481,0.0884619792067255,60,816,123898,0.2137454454345312,5,Rent,Other,1974,7,23,51.0,0.4659496263655637,0,0,NC,69,Bachelor's,Married,2,225,0
981,2021-04-12,19474,0.10913090832249706,36,770,48371,0.3378103071541295,6,Own,Home Improvement,468,10,29,,0.1704848638960711,0,0,PA,35,High School,Divorced,2,18,0
982,2020-03-15,47760,0.17392318538898446,36,692,179950,0.3121981463742679,17,Rent,Other,1491,1,22,29.0,0.041535270956132186,0,0,OH,63,Bachelor's,Divorced,3,234,1
983,2020-01-04,45629,0.16992551369198428,60,649,187229,0.5301850686402403,19,Mortgage,Other,1697,10,26,59.0,0.41405559123881364,0,0,GA,56,High School,Single,2,186,0
984,2021-10-07,46232,0.15126606187085356,24,630,25914,0.3710687546530833,6,Mortgage,Credit Card Refinancing,193,14,10,47.0,0.7595263359884299,0,0,NC,49,Bachelor's,Widowed,0,117,0
985,2020-04-27,22008,0.12008265000203949,36,601,47180,0.44481787095756053,2,Rent,Other,1592,11,4,32.0,0.8741997706010216,0,0,IL,33,Bachelor's,Single,2,1,0
986,2022-05-30,2633,0.23258620095493798,60,809,154760,0.3346616485217351,4,Mortgage,Debt Consolidation,1083,11,26,,0.09754829412909971,0,0,GA,61,PhD,Single,1,22,0
987,2021-05-18,13485,0.11795404845976876,24,769,100219,0.31982786702958244,0,Mortgage,Business,1976,12,14,38.0,0.5246754630112551,0,0,NY,69,Bachelor's,Divorced,3,95,0
988,2022-08-04,44617,0.14112383128745032,24,791,98616,0.3231433342371757,14,Own,Business,1149,4,14,15.0,0.2634029888063848,0,0,MI,45,Master's,Married,3,151,0
989,2021-07-27,4648,0.18562276619084175,48,709,160988,0.3054607848469194,2,Rent,Credit Card Refinancing,1558,6,10,16.0,0.3746338696028665,0,0,NC,22,High School,Divorced,2,136,0
990,2020-07-12,48945,0.15860428617335284,24,837,115213,0.36929169292710173,7,Own,Business,1244,8,19,47.0,0.9334418297599064,0,0,NY,38,Associate's,Divorced,3,157,0
991,2022-04-26,14140,0.11937719527287712,36,566,178432,0.22522170087680185,8,Rent,Debt Consolidation,149,3,6,47.0,0.35207477294564693,0,0,IL,59,High School,Divorced,3,172,0
992,2021-12-15,18921,0.13712895809130196,36,509,57805,0.5455275969209105,14,Own,Credit Card Refinancing,982,14,12,37.0,0.36534593017832684,0,0,PA,49,PhD,Single,2,115,0
993,2023-11-16,15357,0.20889616357070123,60,548,164525,0.2665427740469365,9,Mortgage,Home Improvement,863,3,3,17.0,0.20939582574499127,0,0,FL,54,PhD,Married,0,238,1
994,2022-11-15,47136,0.10562583109732249,60,610,146599,0.17376191708867342,1,Rent,Business,135,8,18,21.0,0.9600184180258555,0,0,GA,45,Bachelor's,Divorced,2,62,0
995,2023-12-29,4137,0.07845104795536309,24,820,173775,0.14827523929887257,19,Rent,Other,1533,8,24,21.0,0.4564873566602834,0,0,MI,68,PhD,Single,1,19,0
996,2020-06-21,1097,0.11263264036595542,12,718,94176,0.10671145756006381,4,Rent,Debt Consolidation,1412,8,21,59.0,0.5703921340567629,1,0,TX,66,PhD,Divorced,4,59,0
997,2023-08-16,12407,0.21990684309758027,48,556,114799,0.31142803928343077,18,Rent,Debt Consolidation,1502,1,22,58.0,0.45316809230139976,0,0,IL,27,High School,Widowed,0,124,0
998,2020-11-21,31575,0.06779794297126933,12,782,118385,0.19380549427271235,12,Mortgage,Business,199,8,5,34.0,0.25291907676386416,0,0,NY,42,Master's,Married,2,80,0
999,2023-12-04,13722,0.24833921467449038,24,612,108919,0.11082395129362396,10,Mortgage,Home Improvement,1447,8,23,30.0,0.8104126131409869,0,0,TX,66,Master's,Single,0,147,0
1000,2023-02-15,13924,0.1582005797855325,24,632,158482,0.3600097731447619,0,Mortgage,Other,428,2,28,39.0,0.02847122587682116,0,0,GA,25,Bachelor's,Widowed,4,229,1
1001,2022-04-15,4750,0.2469691487934188,12,570,101462,0.4399892743253807,14,Own,Home Improvement,1771,12,19,26.0,0.6902434300916938,0,0,IL,54,PhD,Divorced,3,22,0
1002,2021-12-24,28733,0.23779928441719553,48,582,199340,0.14287552545555218,17,Mortgage,Home Improvement,805,9,25,35.0,0.5942728105993524,0,0,TX,31,PhD,Widowed,3,83,0
1003,2020-08-12,9535,0.14056274284218337,12,556,185320,0.3304603864598298,15,Own,Business,320,7,21,54.0,0.14428065068874918,0,0,IL,57,Master's,Widowed,4,68,0
1004,2021-06-15,25487,0.08969821492106983,60,848,51159,0.4718143393003733,8,Own,Other,1914,8,9,3.0,0.16590504430068942,0,0,NC,34,Bachelor's,Single,3,5,0
1005,2020-04-22,31651,0.08297695531302769,36,770,62039,0.5929034105042126,0,Mortgage,Business,1961,2,20,48.0,0.6592255879008694,0,0,TX,57,PhD,Married,0,5,0
1006,2020-05-19,5666,0.09799787277399151,60,610,67800,0.4335951723212804,10,Mortgage,Business,666,4,13,53.0,0.3121387916632715,0,0,MI,69,Bachelor's,Married,3,153,0
1007,2021-07-12,49777,0.19202652811290746,36,575,60761,0.2224197754047603,8,Mortgage,Debt Consolidation,1095,7,29,4.0,0.2657380781656792,0,0,OH,30,High School,Single,4,24,1
1008,2020-01-01,17994,0.10458999894629757,24,657,114626,0.45827681988949975,10,Own,Business,1121,6,12,24.0,0.059156095537279296,0,0,GA,52,PhD,Divorced,4,129,0
1009,2020-03-30,2727,0.11828505392085967,48,519,138368,0.398964713409915,12,Rent,Credit Card Refinancing,209,7,17,30.0,0.7664830893227842,0,0,IL,25,PhD,Widowed,4,114,0
1010,2021-10-15,35622,0.13975576079892296,12,630,194735,0.20589964429077387,1,Mortgage,Other,248,1,6,13.0,0.8826719353006454,0,0,TX,41,PhD,Married,1,28,0
1011,2020-11-15,11800,0.23264653608429128,48,828,100903,0.5255554129237774,13,Own,Debt Consolidation,505,8,29,29.0,0.8198443517257338,0,0,PA,29,Master's,Married,0,47,0
1012,2020-05-18,38823,0.08787868357696922,12,621,191484,0.31370221361380046,5,Own,Other,1900,13,4,46.0,0.4660341195000369,1,0,TX,48,Master's,Widowed,4,85,0
1013,2022-04-24,44039,0.051005310521960626,60,540,138998,0.5809888273670629,7,Mortgage,Debt Consolidation,1797,7,13,56.0,0.5339564085805625,0,0,NC,57,PhD,Divorced,0,188,0
1014,2020-09-15,19708,0.062019282075634036,60,666,186439,0.46145050372388896,17,Own,Credit Card Refinancing,798,13,16,11.0,0.24227619398468836,0,0,NY,30,PhD,Widowed,1,19,0
1015,2022-06-20,13819,0.2309532683360236,12,629,156885,0.4222815773159111,15,Mortgage,Business,1116,4,17,26.0,0.17285473941878615,0,0,TX,64,High School,Single,0,87,0
1016,2021-11-20,10369,0.17950329296867262,48,522,79894,0.46417641873828097,11,Own,Debt Consolidation,1533,1,14,44.0,0.8230011748913447,0,0,OH,45,High School,Single,2,142,0
1017,2020-01-10,10283,0.10460812386556136,12,778,71444,0.3390485094091108,10,Rent,Debt Consolidation,1252,8,8,23.0,0.7983441605448303,0,0,MI,58,Bachelor's,Divorced,1,70,0
1018,2020-09-17,31573,0.08543850020223823,24,750,185341,0.35261323890083696,5,Own,Debt Consolidation,1607,10,16,54.0,0.777359828436892,1,0,GA,62,Bachelor's,Married,1,224,0
1019,2020-06-20,14171,0.10885334732742287,60,508,81748,0.525603692722372,2,Mortgage,Credit Card Refinancing,207,7,4,29.0,0.4633593063976348,0,0,IL,61,Master's,Married,3,114,0
1020,2022-06-16,31933,0.07295938545025603,24,512,61190,0.44046426832175145,13,Rent,Other,488,8,13,17.0,0.8645077608445592,0,1,IL,51,Associate's,Divorced,4,224,0
1021,2020-01-13,6774,0.23830658205688823,60,806,60318,0.5486216625958209,1,Mortgage,Credit Card Refinancing,524,10,9,13.0,0.9262320693508147,0,0,IL,47,High School,Divorced,1,8,0
1022,2023-04-06,7519,0.2068412348730534,60,819,188090,0.5454133767871343,10,Own,Debt Consolidation,546,1,26,55.0,0.32834434465344475,0,0,FL,25,Bachelor's,Single,0,37,1
1023,2020-11-16,11983,0.14247823538250814,36,551,144078,0.5882450170221246,2,Rent,Debt Consolidation,1017,5,13,18.0,0.22469449178035583,0,0,NC,22,High School,Single,2,86,0
1024,2023-09-04,31932,0.2229925210230404,24,708,59759,0.45010732942266707,17,Rent,Business,1191,9,19,21.0,0.4642630307759832,1,0,PA,41,High School,Divorced,0,72,0
1025,2020-11-24,31798,0.09989164085864646,24,537,36498,0.35115085883087105,0,Own,Credit Card Refinancing,1189,5,4,25.0,0.1793263566745925,0,0,GA,49,Associate's,Married,0,125,0
1026,2022-02-23,19133,0.1934241136944387,36,599,45989,0.1831558501045412,0,Rent,Credit Card Refinancing,755,13,13,6.0,0.8840028851398969,0,0,GA,66,High School,Widowed,2,230,0
1027,2022-02-15,15939,0.2212264998027487,48,692,176640,0.4526902798237087,11,Rent,Home Improvement,1688,14,24,27.0,0.33799050007776943,0,0,IL,45,Associate's,Widowed,3,10,0
1028,2022-06-29,1781,0.12135374232465453,24,690,137035,0.24578885837996536,14,Rent,Other,1763,14,22,37.0,0.5761717865405768,0,0,NC,49,Associate's,Widowed,4,67,0
1029,2023-12-13,28624,0.20149288909014354,12,550,86577,0.24147378401866562,4,Mortgage,Home Improvement,1627,10,27,4.0,0.594719495907125,0,0,NY,49,High School,Single,1,141,0
1030,2023-01-23,7823,0.10901446985286188,36,640,125231,0.21914388822403405,5,Mortgage,Home Improvement,1627,12,24,35.0,0.5149878803458964,0,0,GA,26,High School,Divorced,4,39,0
1031,2020-11-13,19489,0.10977142705180616,24,667,181171,0.5375610286757251,15,Rent,Other,420,3,3,17.0,0.1565257094230983,0,0,TX,53,Bachelor's,Married,3,64,0
1032,2020-08-23,40961,0.07141143571083722,48,810,109900,0.5339822233410791,11,Own,Business,818,9,15,56.0,0.9910006400933713,0,0,OH,51,High School,Single,2,30,0
1033,2020-11-29,30118,0.13801160930187975,24,608,191711,0.41548522243502906,11,Own,Business,1955,13,15,13.0,0.1726032292411297,0,0,NC,42,High School,Divorced,4,132,0
1034,2021-01-10,35881,0.19594238129948446,60,706,124679,0.33649049068536796,2,Mortgage,Other,827,9,5,47.0,0.7515073605709098,0,0,IL,63,High School,Divorced,0,45,0
1035,2023-03-06,17280,0.238044161114257,12,799,43482,0.43605723004939956,1,Own,Other,679,4,18,22.0,0.791362874055159,0,0,GA,37,Bachelor's,Widowed,1,134,1
1036,2021-08-10,23263,0.17075939838581922,36,609,89212,0.4036147251491954,6,Rent,Credit Card Refinancing,546,4,16,54.0,0.14516370836127268,0,0,FL,29,Associate's,Widowed,1,16,0
1037,2021-05-27,14565,0.22262710754714782,60,695,50048,0.3078671241616937,1,Own,Credit Card Refinancing,1697,11,17,51.0,0.9331635115498803,0,0,CA,33,Bachelor's,Married,3,22,0
1038,2023-08-12,21354,0.21449892985804542,48,651,154137,0.28981543374281715,6,Mortgage,Credit Card Refinancing,309,8,6,13.0,0.4877587626277283,0,0,CA,53,High School,Married,3,219,0
1039,2023-09-05,43951,0.08466861059505618,60,742,153108,0.2913971540726751,10,Mortgage,Credit Card Refinancing,948,7,25,31.0,0.6288829585676866,0,0,PA,46,PhD,Widowed,2,21,0
1040,2022-07-06,26643,0.1471634857825263,60,627,55814,0.3945667015780191,10,Rent,Debt Consolidation,1962,11,18,4.0,0.6421860560347962,0,0,GA,24,High School,Widowed,3,221,0
1041,2023-10-04,24648,0.0733847071050783,48,604,167996,0.423834678060413,13,Mortgage,Debt Consolidation,469,5,24,21.0,0.5049551255923007,0,0,MI,47,Bachelor's,Divorced,4,193,0
1042,2022-05-22,42971,0.186430632312327,60,509,149493,0.325870876757721,2,Mortgage,Business,1687,6,8,27.0,0.1420220441211537,0,0,NY,57,Bachelor's,Married,1,158,0
1043,2023-06-06,19658,0.23997993364921522,36,647,80204,0.5843457251065215,13,Mortgage,Debt Consolidation,1751,3,24,42.0,0.7517533578912992,0,0,FL,38,Master's,Divorced,2,24,0
1044,2020-09-26,22253,0.0774178916157513,24,639,52844,0.14192285900224053,10,Own,Debt Consolidation,1581,14,16,11.0,0.5817858351234922,0,0,TX,48,PhD,Married,3,64,0
1045,2022-03-08,49563,0.19677662616050828,60,689,101943,0.2735235129768885,3,Mortgage,Credit Card Refinancing,676,6,18,17.0,0.11868061525738349,0,0,NC,43,Bachelor's,Married,0,141,0
1046,2023-08-07,27390,0.1764476301735722,36,593,41518,0.3095373415627205,16,Own,Credit Card Refinancing,1765,13,13,35.0,0.7003219686336086,1,0,TX,66,Associate's,Single,1,222,0
1047,2021-12-25,24128,0.16672100740161996,24,728,168131,0.10846067173247156,15,Mortgage,Other,788,8,12,30.0,0.7027632608064905,0,0,GA,59,High School,Widowed,2,26,0
1048,2023-04-03,14489,0.12802404693766786,24,562,43052,0.28247859383411256,2,Mortgage,Credit Card Refinancing,889,10,20,12.0,0.5484864460959151,0,0,OH,56,Associate's,Single,1,98,0
1049,2020-01-05,39314,0.12102632955076252,60,839,89803,0.23685495858642128,9,Own,Other,1091,14,12,19.0,0.09054881029156803,0,0,CA,67,Bachelor's,Married,4,20,0
1050,2022-04-30,33658,0.05904983780377757,36,524,91524,0.35301813511374036,14,Own,Other,262,13,3,59.0,0.35264403113672926,0,0,GA,28,Bachelor's,Divorced,3,61,0
1051,2023-11-03,7852,0.0935817416504027,60,767,109572,0.2682052735916346,7,Rent,Debt Consolidation,1076,11,16,44.0,0.050924107626700965,0,0,NC,24,Associate's,Married,3,124,1
1052,2020-03-18,30450,0.053035376457365384,48,780,159752,0.4630910674732306,17,Rent,Credit Card Refinancing,1455,9,6,35.0,0.47759601882639136,1,0,GA,27,Associate's,Single,3,134,0
1053,2023-12-04,3551,0.16628342111640412,24,510,87021,0.35496624770382423,2,Own,Debt Consolidation,1787,3,19,54.0,0.9064471318940434,0,0,MI,34,Master's,Widowed,0,171,1
1054,2021-07-27,7411,0.07117064717558177,60,819,40043,0.1648811167481322,6,Mortgage,Credit Card Refinancing,449,8,22,54.0,0.0022529826129237263,0,0,MI,67,High School,Divorced,4,177,0
1055,2020-05-11,34243,0.22460387880594324,24,700,22419,0.4750306620721736,9,Rent,Debt Consolidation,1871,12,22,6.0,0.2666386530424122,0,0,CA,36,Associate's,Married,0,9,0
1056,2021-08-23,22800,0.15462860413943305,36,625,141831,0.1496144480413383,19,Own,Debt Consolidation,769,3,17,22.0,0.799859101148085,0,0,OH,47,High School,Married,4,128,0
1057,2022-12-01,11403,0.1899379818117417,12,805,121799,0.5195245840396787,8,Own,Debt Consolidation,1591,2,5,33.0,0.009860833821606518,0,0,NC,69,PhD,Widowed,4,101,0
1058,2020-03-29,8239,0.13217141836809929,60,689,168212,0.5657110970431097,13,Mortgage,Business,525,5,28,52.0,0.010173437046006706,1,0,IL,54,Bachelor's,Married,4,165,0
1059,2021-02-05,7710,0.16211596180020973,60,588,194556,0.261222645092427,13,Own,Debt Consolidation,426,14,24,57.0,0.6108185860943991,0,0,NY,36,Associate's,Married,3,16,0
1060,2020-10-22,22384,0.23853183539332612,24,615,196282,0.5630713166314655,10,Rent,Home Improvement,1229,4,11,49.0,0.7891997567985845,0,0,GA,60,PhD,Widowed,3,4,0
1061,2023-08-11,22038,0.06654680792473415,36,676,77600,0.4965040795612692,0,Mortgage,Home Improvement,1941,13,23,31.0,0.7765054174666707,0,0,NC,62,Bachelor's,Single,3,32,0
1062,2021-09-07,41846,0.10078755438473924,48,513,136467,0.5612178055018849,3,Own,Home Improvement,354,5,3,20.0,0.779578020749287,0,0,OH,68,Master's,Single,0,84,0
1063,2022-03-10,23447,0.20599766538210887,36,756,98497,0.4331350684604238,5,Own,Other,457,6,16,59.0,0.3610063448176657,0,0,IL,35,Bachelor's,Single,2,93,0
1064,2021-02-25,3285,0.06974744137653317,60,708,128611,0.21782201971071094,4,Mortgage,Debt Consolidation,543,3,5,5.0,0.8827241442744588,0,0,GA,40,Associate's,Single,4,223,0
1065,2022-11-12,38991,0.06513222078082218,48,780,157559,0.5472616184554863,2,Mortgage,Home Improvement,212,1,17,15.0,0.012835601396736895,0,0,PA,49,PhD,Divorced,0,128,0
1066,2021-07-28,14521,0.12230827975080771,36,827,80692,0.19213253808537187,1,Mortgage,Other,1153,4,28,34.0,0.3121887367723004,0,0,FL,45,PhD,Divorced,3,237,0
1067,2020-05-22,48657,0.06843359169448647,12,824,82112,0.20653027550876776,2,Rent,Home Improvement,623,6,8,53.0,0.3371876948353899,0,0,CA,62,PhD,Widowed,3,17,0
1068,2022-09-19,7971,0.16701568844124062,24,604,182182,0.23553149507018187,8,Rent,Credit Card Refinancing,788,2,26,46.0,0.16557112581954114,0,0,PA,54,Bachelor's,Widowed,2,41,1
1069,2021-10-26,30139,0.09525505016331998,36,646,36360,0.25212315574329236,18,Own,Business,1090,2,26,52.0,0.3362259729920992,0,0,GA,33,High School,Widowed,3,217,0
1070,2020-05-24,20909,0.2291395926398745,36,778,103038,0.35723982106551533,18,Own,Debt Consolidation,1973,1,13,19.0,0.585884130052109,0,0,TX,31,High School,Divorced,4,45,1
1071,2023-06-02,12531,0.20670001616905134,12,508,23017,0.45672868021702206,16,Mortgage,Business,145,9,4,41.0,0.5202793126973825,0,0,OH,28,Bachelor's,Married,1,16,0
1072,2022-10-03,15721,0.18994104121989525,60,617,106261,0.5631040872003419,17,Own,Business,1294,3,18,40.0,0.31942735858453986,0,0,OH,67,Associate's,Divorced,3,20,1
1073,2021-05-17,20206,0.1733888054769004,24,593,86320,0.14421879366775123,10,Own,Credit Card Refinancing,1253,2,10,10.0,0.7493275136824555,0,0,NC,22,Bachelor's,Single,2,42,0
1074,2022-03-31,38711,0.22269314606829269,36,643,51127,0.5771846811141179,11,Mortgage,Credit Card Refinancing,856,4,9,31.0,0.7147905784378072,0,0,CA,36,High School,Single,1,10,0
1075,2020-04-13,7530,0.09461241230855139,48,788,154268,0.5606614835484067,2,Rent,Credit Card Refinancing,1476,6,24,13.0,0.28069647708044043,0,0,IL,22,Bachelor's,Married,4,52,0
1076,2022-11-28,12116,0.22462176855284555,36,513,95088,0.12699964609051947,17,Rent,Other,1326,1,7,23.0,0.3232283927779175,0,0,GA,66,PhD,Widowed,4,188,0
1077,2020-07-16,1258,0.20789845968481047,24,756,192372,0.28016056884578133,5,Rent,Home Improvement,1349,9,16,43.0,0.28752019863212763,0,0,TX,41,Associate's,Divorced,4,176,0
1078,2021-08-01,1282,0.19963216527753713,36,845,51921,0.5065716951496683,6,Own,Debt Consolidation,1203,9,11,38.0,0.12885116651121553,0,0,IL,23,Associate's,Married,2,151,0
1079,2021-01-25,14937,0.16225113561498483,12,685,24746,0.40578827273970053,0,Mortgage,Credit Card Refinancing,1433,8,24,42.0,0.7527816429608548,0,0,CA,24,Master's,Married,1,33,0
1080,2023-04-17,2898,0.09924883219412002,36,844,88535,0.48954697169088524,5,Rent,Debt Consolidation,1158,6,28,30.0,0.04627651051524906,0,0,NC,57,Bachelor's,Divorced,4,235,0
1081,2021-07-07,5135,0.13470958319837928,36,706,85350,0.45951666939494373,17,Own,Debt Consolidation,663,4,26,16.0,0.15058049410342278,0,0,FL,37,PhD,Married,3,127,1
1082,2022-11-04,7629,0.20871413090776034,48,845,101131,0.34838505656358176,12,Mortgage,Debt Consolidation,260,2,7,24.0,0.10530451774784744,0,0,IL,50,Bachelor's,Widowed,1,205,0
1083,2023-08-05,44936,0.05635569687146489,12,671,42063,0.12060902297584977,18,Rent,Credit Card Refinancing,1719,8,16,8.0,0.8253389755243343,0,0,TX,65,Master's,Divorced,4,153,0
1084,2021-04-22,20584,0.20641015385275166,12,769,137116,0.39213410103225055,6,Rent,Credit Card Refinancing,939,7,15,21.0,0.04400851538675099,0,0,NY,57,Master's,Divorced,1,50,0
1085,2023-06-08,24551,0.0980141480975133,36,720,108913,0.12428332652964799,18,Mortgage,Home Improvement,1558,12,27,54.0,0.6646272899165588,0,0,OH,65,Bachelor's,Married,3,101,0
1086,2022-07-11,34380,0.07886184014432061,48,651,98946,0.4018633587675654,8,Own,Credit Card Refinancing,637,14,20,44.0,0.04447459841080348,0,0,IL,60,Bachelor's,Widowed,0,100,0
1087,2021-02-23,47971,0.07314026363606044,36,610,197043,0.5002054312468391,2,Own,Credit Card Refinancing,324,4,14,47.0,0.7864434039217993,0,0,MI,24,Bachelor's,Widowed,4,88,0
1088,2020-06-05,18071,0.055450002390163025,36,682,154670,0.39249587435095934,11,Rent,Debt Consolidation,1569,3,15,34.0,0.9127140863937485,0,0,TX,58,High School,Single,3,198,0
1089,2021-07-03,21074,0.1547172970442906,24,838,30564,0.5985109022808486,19,Mortgage,Home Improvement,1440,6,4,36.0,0.48684316583456144,0,0,NY,65,Master's,Divorced,2,79,0
1090,2023-01-25,26188,0.09365197453874591,24,571,69725,0.32793325009021657,17,Own,Business,1789,1,5,54.0,0.8045418010122957,0,0,MI,33,Associate's,Single,4,183,0
1091,2022-10-17,3307,0.24788635315592633,48,782,106134,0.47441373180199375,7,Mortgage,Credit Card Refinancing,1928,2,27,16.0,0.7064105328502284,0,0,PA,41,High School,Widowed,0,98,0
1092,2022-09-23,40901,0.16488735117444117,60,573,125940,0.43360664587095377,8,Mortgage,Credit Card Refinancing,1537,7,15,27.0,0.7956352921734672,0,0,MI,44,PhD,Widowed,3,68,0
1093,2023-12-05,12205,0.07757705387120209,24,714,82085,0.595715845779044,12,Rent,Business,194,11,15,,0.7667751995259885,0,0,PA,43,Associate's,Single,3,78,0
1094,2022-08-08,6906,0.18775250816227307,60,827,37862,0.4566095025385526,7,Mortgage,Debt Consolidation,1348,3,27,52.0,0.20536788373873194,0,0,TX,53,Associate's,Divorced,1,132,0
1095,2020-10-15,3591,0.22954871330194507,12,522,30265,0.1820153657296947,9,Mortgage,Home Improvement,1902,14,9,8.0,0.49955901015478954,0,0,NC,28,Associate's,Single,4,28,0
1096,2023-07-01,16149,0.19903589907392288,24,567,160777,0.5777588532086204,16,Mortgage,Debt Consolidation,1048,13,11,54.0,0.9604141871263858,0,0,CA,43,Master's,Widowed,0,29,0
1097,2020-07-14,45918,0.06528797220788954,24,592,82471,0.43388861322288064,6,Own,Other,652,1,10,48.0,0.34353294458149164,0,0,TX,65,PhD,Widowed,2,82,0
1098,2021-08-20,40951,0.2291768362385319,48,820,111080,0.12966911540319495,16,Rent,Credit Card Refinancing,744,2,15,12.0,0.9704870906370644,0,0,CA,23,High School,Married,1,122,0
1099,2021-05-31,26150,0.20878587717199296,60,823,75828,0.4287841528923062,17,Rent,Other,165,10,9,46.0,0.5831617114337359,0,0,OH,35,PhD,Married,4,212,0
1100,2022-05-14,32852,0.08166078002112287,24,562,136884,0.5415597033373876,1,Mortgage,Credit Card Refinancing,1520,10,12,31.0,0.4616114176657774,0,0,NY,37,High School,Single,0,176,0
1101,2023-02-15,43870,0.06035717774656338,24,723,128007,0.3885209309950125,2,Mortgage,Other,1333,14,11,27.0,0.6577574650262021,0,0,FL,45,Master's,Married,1,105,0
1102,2022-03-16,2283,0.1614621150628617,48,724,66104,0.27700981901600563,18,Own,Business,1597,9,19,52.0,0.8158391711776937,0,0,FL,28,PhD,Widowed,0,224,0
1103,2023-03-28,34691,0.08120716226799539,48,845,60934,0.510454817035308,0,Rent,Credit Card Refinancing,764,7,5,30.0,0.3942081548507492,0,0,GA,25,Associate's,Divorced,0,72,0
1104,2022-03-25,2125,0.21691819051905442,60,836,134420,0.4912560041029147,9,Own,Credit Card Refinancing,783,7,5,7.0,0.03295417511463794,0,0,FL,58,PhD,Divorced,1,235,1
1105,2020-08-15,2529,0.12166693133433476,12,602,26050,0.37209107711565037,13,Rent,Other,1009,14,13,7.0,0.7088062979704114,0,0,TX,67,Master's,Single,1,110,0
1106,2020-08-03,27170,0.2325784889473151,12,714,195024,0.17718088494795017,12,Own,Home Improvement,936,10,19,59.0,0.9561667844973851,0,0,MI,62,Master's,Married,4,113,0
1107,2022-08-05,9438,0.16313763442820117,36,691,28484,0.2254932427615907,8,Mortgage,Other,670,8,9,33.0,0.624986650276338,0,0,TX,26,Master's,Single,1,141,0
1108,2020-01-15,21095,0.08653447684793364,24,659,82648,0.4692419860930529,5,Own,Credit Card Refinancing,795,12,4,22.0,0.18841447854547333,0,0,IL,23,High School,Married,4,232,1
1109,2023-03-26,17154,0.07791977347196002,60,706,79945,0.5030410826974637,5,Mortgage,Credit Card Refinancing,1613,12,19,9.0,0.24824253218111036,0,0,PA,26,PhD,Divorced,0,238,0
1110,2023-07-08,9004,0.1652944875115508,24,768,51323,0.2396326390204949,18,Rent,Home Improvement,279,8,8,36.0,0.9097507186313742,0,0,OH,24,Associate's,Married,1,43,0
1111,2023-03-26,10752,0.2023767223724888,60,693,106332,0.28399253859339335,9,Rent,Debt Consolidation,933,9,2,47.0,0.013562095604470636,0,0,IL,63,Associate's,Married,4,9,0
1112,2020-02-16,44360,0.20630112954843643,60,651,114605,0.13881594262489758,2,Mortgage,Home Improvement,1959,2,23,24.0,0.5487466654634174,0,0,OH,29,Bachelor's,Single,4,40,0
1113,2020-11-19,27819,0.10515148088825627,60,736,186433,0.4567309741832499,17,Rent,Debt Consolidation,1647,14,14,50.0,0.15867764519395577,0,0,FL,47,Master's,Divorced,2,46,0
1114,2022-04-23,37632,0.0908493517824335,24,587,30315,0.10178877230001568,18,Own,Credit Card Refinancing,1582,8,4,32.0,0.2827644352170794,0,0,IL,31,Associate's,Married,4,239,0
1115,2020-05-09,27515,0.053351260898476485,48,510,67968,0.12327076060953404,4,Mortgage,Business,1191,8,4,44.0,0.3069816494932601,0,0,PA,55,Master's,Divorced,4,58,0
1116,2023-12-05,25217,0.18583983024023387,24,686,177591,0.10217203389204496,10,Rent,Business,1452,13,16,3.0,0.21928274773832757,0,0,NC,67,Associate's,Married,2,225,0
1117,2020-04-04,24172,0.0653136516867078,60,713,29107,0.4226597916688084,9,Own,Other,301,5,22,6.0,0.7923520627061558,0,0,PA,57,PhD,Divorced,3,184,0
1118,2021-09-18,33994,0.13415224035318515,36,514,75781,0.30869356385027324,16,Own,Home Improvement,1598,5,20,32.0,0.3322091739787588,0,0,MI,33,Bachelor's,Married,1,140,0
1119,2022-01-24,16036,0.17033643280365923,12,765,23869,0.24877338067166513,3,Rent,Home Improvement,1641,4,29,1.0,0.345484991265538,0,0,CA,41,Master's,Widowed,2,101,1
1120,2023-08-08,12739,0.2374217889839354,60,796,100983,0.5563505051785552,17,Rent,Business,1138,14,5,47.0,0.4530068136934591,0,0,OH,50,High School,Divorced,4,25,0
1121,2022-03-04,33220,0.11236042739115373,36,572,178442,0.19640139733830334,17,Own,Debt Consolidation,1165,5,14,45.0,0.9022952887404225,0,0,TX,35,High School,Widowed,4,238,0
1122,2023-07-30,10587,0.09995443248930397,48,551,27971,0.29468400519070026,0,Mortgage,Home Improvement,642,2,14,31.0,0.688173032026683,0,0,PA,69,Associate's,Widowed,1,89,0
1123,2020-03-09,45517,0.1808320308572197,60,627,116805,0.5701559004638759,13,Rent,Debt Consolidation,1081,2,16,4.0,0.0617497041677777,0,0,NY,26,PhD,Widowed,0,144,1
1124,2020-01-11,31129,0.17384780641071634,36,527,45651,0.31355328141852123,7,Rent,Debt Consolidation,1816,5,20,56.0,0.03926192103657411,0,0,OH,69,Master's,Married,2,179,0
1125,2023-07-01,1645,0.11642195666162491,60,564,76974,0.3773468428235289,1,Mortgage,Debt Consolidation,873,11,17,45.0,0.5663892295770254,0,0,CA,48,Bachelor's,Divorced,3,124,0
1126,2022-05-21,31930,0.23562036710195733,24,516,43446,0.1401684332847438,18,Mortgage,Debt Consolidation,1412,13,8,16.0,0.8870605617272078,1,0,NY,25,PhD,Married,1,208,1
1127,2021-07-03,17299,0.21897246549792657,36,637,189180,0.49508319344673113,14,Rent,Other,1656,3,4,11.0,0.3232514760005911,0,0,NC,50,Associate's,Married,1,231,0
1128,2023-03-03,31090,0.09479650917301624,24,818,23823,0.31137938854411906,1,Mortgage,Other,793,1,27,51.0,0.24777182890216842,0,0,NC,24,PhD,Divorced,2,99,0
1129,2021-12-12,22953,0.09782850908690464,24,728,164526,0.5002575622992417,3,Own,Business,1819,9,21,11.0,0.7481910453130791,0,0,OH,54,Bachelor's,Single,4,215,0
1130,2020-01-23,47443,0.15246006937741613,36,753,155004,0.22689882127799607,0,Own,Other,1367,2,3,34.0,0.6020913664698274,0,0,NY,51,PhD,Married,4,200,1
1131,2022-03-25,27475,0.20471442034614407,12,709,161292,0.311239375280705,18,Own,Home Improvement,1985,14,19,20.0,0.5650273423568051,0,0,IL,57,Master's,Widowed,3,181,0
1132,2020-12-11,19888,0.05880807587769288,36,793,87965,0.4932744681825052,9,Rent,Other,1784,12,26,20.0,0.14930119914354112,0,0,FL,30,Associate's,Married,2,238,0
1133,2020-10-28,44732,0.18866703074694136,12,730,179280,0.5869388835218199,0,Mortgage,Home Improvement,1891,14,12,57.0,0.17596131866098563,0,0,NY,22,Bachelor's,Single,1,180,0
1134,2020-12-28,17087,0.1796471794764194,60,740,30510,0.12981276219363444,19,Own,Home Improvement,711,10,2,1.0,0.28178777592402426,0,0,NY,69,Associate's,Widowed,2,195,0
1135,2021-01-30,47305,0.09629601918259766,60,569,195117,0.5062280887094521,14,Mortgage,Debt Consolidation,1690,2,17,52.0,0.20683893468193693,0,0,MI,44,Master's,Married,0,124,0
1136,2020-08-05,47037,0.18627060264826978,36,603,161609,0.25034453381355515,3,Own,Business,1821,14,18,56.0,0.9714447450464361,0,0,GA,24,Bachelor's,Divorced,1,24,0
1137,2020-05-20,10346,0.23803663825041654,60,703,125935,0.37537164044553606,6,Mortgage,Debt Consolidation,1955,4,17,20.0,0.01861101635615736,0,0,IL,53,Bachelor's,Widowed,3,107,0
1138,2022-08-15,1587,0.059357168994353705,48,552,89134,0.24504613247537396,6,Own,Debt Consolidation,1721,2,11,14.0,0.6260563384293241,0,0,GA,45,Associate's,Single,3,214,0
1139,2023-05-18,13763,0.1139304110584125,24,829,92254,0.40672273628399513,17,Own,Other,1297,7,18,10.0,0.5175988248754383,0,0,NY,27,PhD,Married,1,14,0
1140,2022-09-11,42945,0.13763534333327107,24,553,164854,0.27690141532198775,12,Own,Other,1657,12,4,9.0,0.3232512358984363,0,0,NY,34,PhD,Divorced,4,22,0
1141,2022-09-19,5079,0.22985207178493794,12,775,134780,0.2668074454888407,9,Own,Home Improvement,1632,10,19,17.0,0.8875887121039754,0,0,TX,36,High School,Widowed,1,226,0
1142,2022-04-07,37116,0.24245228932183135,60,834,145544,0.11896915646796777,7,Own,Other,343,1,20,22.0,0.6701625775392822,0,0,MI,51,High School,Widowed,1,228,0
1143,2021-11-13,21215,0.13882304929926645,12,530,85587,0.17348020295190578,9,Own,Other,159,11,15,30.0,0.9983543513232265,0,0,GA,33,Bachelor's,Divorced,0,128,0
1144,2022-09-30,26817,0.20000568242843825,24,634,102238,0.5585390994327394,13,Own,Credit Card Refinancing,203,2,22,53.0,0.16865595932648536,0,0,GA,61,Associate's,Single,1,31,0
1145,2020-12-21,25765,0.1563322047528966,24,557,95720,0.5991387144366231,13,Own,Home Improvement,750,11,26,54.0,0.08786783586782876,0,0,TX,69,Bachelor's,Widowed,2,85,0
1146,2022-10-04,31112,0.15755658694827532,60,604,98004,0.49026028793480325,19,Own,Home Improvement,1426,5,3,55.0,0.13939726746634395,0,0,CA,56,Associate's,Single,2,58,0
1147,2023-09-09,26556,0.10561990301327129,48,765,42072,0.2434063123867434,10,Mortgage,Credit Card Refinancing,1794,2,13,25.0,0.26929096758459625,0,0,OH,49,Master's,Single,3,69,0
1148,2023-03-02,19099,0.09339124917277591,48,509,101015,0.30122256922179624,5,Mortgage,Home Improvement,1110,9,12,52.0,0.41678699156795607,0,0,FL,25,High School,Divorced,4,147,0
1149,2022-06-06,44553,0.10760106918480823,60,752,92746,0.4697517274530414,0,Rent,Business,1867,4,18,1.0,0.8626032850019429,0,0,TX,28,Bachelor's,Widowed,3,106,0
1150,2020-05-06,46096,0.16126560145141589,60,794,196774,0.5842567784415991,18,Own,Business,176,9,28,38.0,0.2835917663288866,0,0,IL,68,Master's,Married,0,181,0
1151,2023-02-03,7450,0.0558310372044178,12,655,122260,0.32773558536468383,6,Mortgage,Credit Card Refinancing,1141,11,7,6.0,0.9152433100276822,0,0,PA,64,PhD,Divorced,1,85,0
1152,2022-10-05,14230,0.23144978887128118,60,657,157129,0.5147612076441873,17,Mortgage,Other,1657,12,20,23.0,0.46290768840471663,0,0,CA,37,High School,Divorced,3,2,0
1153,2021-08-26,30009,0.08125674190995524,48,536,148259,0.5875344612993585,2,Mortgage,Business,1307,1,14,38.0,0.6470700185389826,1,0,NC,43,Associate's,Single,1,181,0
1154,2023-11-02,6433,0.09401773537427732,60,618,50916,0.5367365855280022,19,Mortgage,Credit Card Refinancing,1780,1,8,31.0,0.26440771405595076,0,0,PA,67,PhD,Married,3,195,0
1155,2022-10-10,34866,0.1536552352895293,12,566,47268,0.21357487338566347,10,Mortgage,Business,1673,1,23,25.0,0.15601381602353792,0,0,TX,66,PhD,Divorced,1,47,0
1156,2020-02-20,40864,0.1920229532674559,12,741,195050,0.10401593193781147,4,Mortgage,Debt Consolidation,1404,14,12,22.0,0.8694569406580492,0,0,CA,62,Master's,Single,3,115,0
1157,2022-11-18,19710,0.06914581094887946,12,798,43259,0.3460408526942076,18,Rent,Credit Card Refinancing,1411,4,8,13.0,0.10950618052016392,0,0,NC,46,Bachelor's,Widowed,2,53,0
1158,2023-08-12,12439,0.11353893950943245,12,712,99400,0.36568041584763344,1,Mortgage,Home Improvement,1778,9,14,28.0,0.7740213057670227,0,0,NY,24,Bachelor's,Single,0,185,0
1159,2023-08-13,42855,0.24373492111487144,36,807,54293,0.20062518227558482,3,Rent,Business,1648,8,14,24.0,0.5809843060768575,1,0,MI,43,Master's,Married,3,222,0
1160,2022-02-17,17021,0.10246859335618914,60,600,131581,0.24233719597340883,9,Rent,Home Improvement,797,7,22,55.0,0.8611377816788489,0,0,PA,52,PhD,Married,2,226,1
1161,2023-12-01,7416,0.11261002901262938,24,555,27043,0.4825765804242734,1,Own,Credit Card Refinancing,1597,1,2,30.0,0.7178184120981771,0,0,PA,58,High School,Single,4,25,0
1162,2022-03-24,7980,0.21729969812360672,60,831,127009,0.3351736293565669,7,Own,Business,1045,3,20,1.0,0.2816641021115418,0,0,TX,43,PhD,Widowed,3,35,0
1163,2023-11-29,19058,0.06004288633809105,36,823,58893,0.2586770418001283,0,Own,Home Improvement,366,9,20,1.0,0.5744275972572762,1,0,PA,48,Master's,Married,1,157,0
1164,2023-10-01,12101,0.14292263376179418,12,738,191714,0.41131301368095974,5,Mortgage,Other,880,9,24,22.0,0.013073619605447284,0,0,NY,23,PhD,Married,0,204,0
1165,2021-02-23,41718,0.12592335289033404,36,730,181940,0.42637987798806265,10,Own,Other,708,5,16,57.0,0.475218342372429,0,1,GA,43,PhD,Widowed,2,87,0
1166,2023-04-20,33602,0.11331735198173024,48,591,46309,0.48469788842040107,9,Mortgage,Debt Consolidation,1045,12,15,46.0,0.08601363557203567,0,0,CA,38,PhD,Divorced,2,220,0
1167,2022-09-09,10122,0.1071399188089529,48,778,43284,0.17835464788145958,12,Mortgage,Credit Card Refinancing,1480,13,4,10.0,0.4289449978103297,1,0,PA,69,PhD,Married,0,110,0
1168,2022-04-04,13576,0.06827482097208185,60,608,146801,0.4707586261634952,0,Own,Home Improvement,1929,6,28,28.0,0.1096118079986772,0,0,CA,41,High School,Single,3,145,0
1169,2022-10-21,28516,0.11296516587032977,60,816,133259,0.3997141960552093,1,Own,Debt Consolidation,1124,11,22,41.0,0.955479806945415,0,0,NC,45,Associate's,Widowed,1,80,0
1170,2021-07-20,23433,0.05861048054313372,24,667,120804,0.12878593265139857,2,Rent,Credit Card Refinancing,1930,13,21,34.0,0.5230679574077278,0,0,NC,66,Associate's,Married,4,177,0
1171,2021-01-05,2089,0.20619277272888706,24,799,89000,0.4887228141267056,8,Rent,Other,1150,6,5,48.0,0.9132179852766433,0,0,PA,52,Bachelor's,Divorced,3,184,0
1172,2022-07-24,38346,0.12964555879160233,48,717,104179,0.2915401406665925,4,Mortgage,Home Improvement,647,10,8,8.0,0.022366222965765847,0,0,PA,64,Associate's,Married,0,201,0
1173,2021-10-22,10127,0.13878076646398232,12,721,85049,0.26519046716481876,9,Mortgage,Business,259,4,2,31.0,0.6376532838818979,0,0,NC,29,Associate's,Divorced,3,131,0
1174,2023-12-25,11487,0.22871891729002633,36,660,49265,0.32403757579081716,9,Own,Other,1036,1,24,29.0,0.3069545019266202,0,0,IL,26,Associate's,Married,3,22,0
1175,2022-08-26,1155,0.18161099677224415,24,515,43880,0.27308753865306457,11,Own,Business,498,5,25,14.0,0.4318289959652363,0,0,NC,23,PhD,Married,0,223,0
1176,2023-08-25,2958,0.05161182066842396,24,777,104579,0.2691427961049545,17,Rent,Business,642,13,20,13.0,0.8730873952146897,0,0,IL,25,PhD,Single,0,142,0
1177,2023-03-06,11693,0.238634964592257,12,556,151327,0.5040388338503128,0,Own,Home Improvement,226,1,4,50.0,0.9800210947587448,0,0,FL,56,High School,Widowed,4,131,0
1178,2020-07-20,40112,0.09742889319554225,12,561,152574,0.16225262718284614,2,Mortgage,Home Improvement,1897,1,21,16.0,0.24649195443335237,0,0,NY,55,PhD,Widowed,0,38,0
1179,2023-12-30,39547,0.07152283695197177,60,826,85424,0.5853000339287293,4,Own,Business,1980,11,16,21.0,0.9482532853533017,0,0,NY,24,PhD,Single,0,87,0
1180,2020-11-08,29795,0.20362563567617645,36,741,90966,0.3774658221871716,16,Rent,Debt Consolidation,1108,5,14,51.0,0.6887269488817191,0,0,CA,69,Associate's,Widowed,0,21,0
1181,2020-04-26,22447,0.15009546317334366,12,589,192438,0.19146199921065646,7,Mortgage,Business,1047,5,23,29.0,0.9514139143572707,0,0,MI,41,High School,Widowed,2,179,0
1182,2022-07-25,37598,0.1367541132036035,24,571,178497,0.16560774146584326,16,Rent,Business,309,7,15,16.0,0.56236699862121,0,0,TX,30,High School,Widowed,0,24,0
1183,2021-07-28,42814,0.09990061593654836,24,825,87396,0.39575476606749127,8,Rent,Home Improvement,249,2,8,15.0,0.9607562849914706,0,0,CA,27,Associate's,Married,0,96,0
1184,2020-08-31,26215,0.15949429797246373,48,529,91694,0.41649972192346396,5,Mortgage,Credit Card Refinancing,130,6,2,51.0,0.8924554581474337,0,0,PA,68,Associate's,Married,0,45,0
1185,2021-06-20,10794,0.10487692104051749,12,787,156878,0.1265128855149054,16,Rent,Other,711,2,14,7.0,0.12859174122544603,0,0,OH,26,High School,Divorced,4,197,0
1186,2020-03-15,34209,0.23031660105741353,60,585,37106,0.2215009570643929,7,Own,Home Improvement,1964,13,5,58.0,0.3107899271017305,0,0,NC,62,Master's,Divorced,3,225,0
1187,2021-01-20,23424,0.09304089594663856,36,733,76731,0.49773096061073363,6,Own,Debt Consolidation,401,10,13,38.0,0.24306319151251188,1,0,OH,59,Associate's,Widowed,0,172,0
1188,2023-05-18,48246,0.22687103009115073,60,734,95010,0.12481231387176275,6,Rent,Other,1062,5,8,30.0,0.572099326050257,0,0,FL,56,Associate's,Widowed,0,47,0
1189,2021-04-19,38396,0.1618810851454714,24,812,52599,0.5275443319530181,14,Own,Home Improvement,964,4,28,11.0,0.8027994315059253,0,0,FL,52,High School,Widowed,4,185,0
1190,2021-02-21,7370,0.21569762677904822,60,764,91326,0.4290812382631668,6,Rent,Home Improvement,1854,11,3,32.0,0.7594114468868812,0,0,GA,34,Master's,Single,3,147,0
1191,2020-12-12,10528,0.192569199172191,24,786,95706,0.31721162968160244,7,Own,Credit Card Refinancing,864,10,18,57.0,0.7267491322834767,0,0,FL,47,Master's,Married,4,162,0
1192,2021-10-01,29276,0.18933902228734972,24,826,29004,0.2732164244854579,8,Rent,Debt Consolidation,782,5,2,11.0,0.37526487573558587,0,0,CA,43,Bachelor's,Widowed,1,131,0
1193,2022-07-27,45333,0.11486916153901115,24,768,135018,0.10962448192444699,14,Own,Debt Consolidation,356,2,27,24.0,0.13963688162782795,0,0,NC,53,Master's,Widowed,1,39,0
1194,2022-08-12,9179,0.0967793862944407,24,685,45792,0.5126074728759216,1,Mortgage,Home Improvement,1039,8,15,37.0,0.21058355362859926,0,0,TX,36,Associate's,Married,1,92,0
1195,2022-05-25,49781,0.09217724553615764,24,630,74645,0.17136092698426905,6,Mortgage,Credit Card Refinancing,1180,8,23,47.0,0.7416774596483326,1,0,CA,32,PhD,Divorced,0,75,0
1196,2022-02-01,17843,0.22143833141191774,48,790,27232,0.254770995931044,14,Own,Home Improvement,108,6,29,17.0,0.14753433905956326,0,0,NC,37,High School,Widowed,4,188,0
1197,2023-04-17,24952,0.214085364051804,60,776,74766,0.38455349018140195,17,Rent,Business,1128,3,22,18.0,0.2229467049335211,0,1,MI,68,Associate's,Widowed,0,138,0
1198,2023-04-20,34160,0.13811470560246147,48,819,140601,0.22299630003562712,17,Own,Business,946,4,2,54.0,0.4245526528734912,0,0,MI,27,High School,Widowed,1,168,0
1199,2021-10-25,45898,0.07648092269929092,48,679,101588,0.3485702318761007,9,Rent,Credit Card Refinancing,1237,1,27,2.0,0.07211243068746298,0,0,IL,67,Master's,Widowed,3,2,0
1200,2020-01-25,30516,0.1264504503954917,12,789,199614,0.5046714143693511,17,Own,Home Improvement,876,9,4,34.0,0.2126920607701298,0,0,NC,32,High School,Married,3,238,0
1201,2023-04-18,11449,0.1738686908273823,12,662,25913,0.33526896739513745,0,Own,Credit Card Refinancing,784,10,12,4.0,0.14976812734123657,0,0,TX,31,Associate's,Married,4,45,0
1202,2021-12-10,22125,0.14088063089599057,12,770,132406,0.574488672059798,6,Mortgage,Home Improvement,831,5,8,34.0,0.9513217829118404,0,0,PA,37,PhD,Married,3,231,0
1203,2023-03-30,8418,0.206037853696599,36,595,133693,0.5237503101881709,2,Rent,Home Improvement,1328,14,29,50.0,0.19152588554488914,0,0,OH,33,Associate's,Divorced,1,155,0
1204,2020-06-25,23746,0.2495245644502771,12,761,113449,0.2665196176816971,13,Rent,Business,123,8,26,26.0,0.8617697101703937,0,0,IL,28,Bachelor's,Widowed,4,53,1
1205,2020-10-11,3454,0.08822641768977937,60,787,30567,0.29998106229196886,11,Rent,Other,592,3,10,36.0,0.1147981912666084,0,0,GA,60,High School,Divorced,4,137,0
1206,2020-03-03,18761,0.1419301639319145,48,582,58379,0.31166336351126356,13,Rent,Debt Consolidation,1069,4,23,45.0,0.8696731323025073,0,0,MI,48,Associate's,Divorced,1,103,0
1207,2022-09-29,16223,0.1361967803841644,60,724,20319,0.4130897264622574,3,Rent,Debt Consolidation,1805,4,4,20.0,0.5994337862734697,0,0,PA,45,Master's,Married,1,129,0
1208,2021-10-23,7701,0.11089850654979017,12,722,110005,0.2433978645942699,12,Mortgage,Credit Card Refinancing,1529,8,2,15.0,0.8497059232246179,1,0,PA,36,Master's,Widowed,1,161,0
1209,2021-10-27,3597,0.08961910334405793,36,617,130990,0.5846245694112543,15,Own,Debt Consolidation,202,12,20,27.0,0.8673486885373575,0,0,OH,27,Associate's,Widowed,1,38,0
1210,2020-06-04,1141,0.06313842329793184,36,691,24791,0.4043421103017505,15,Rent,Business,1183,9,27,24.0,0.5963735306674091,0,0,GA,40,Bachelor's,Divorced,4,57,0
1211,2022-12-08,3659,0.2274238634447397,48,578,151401,0.29970082937056675,4,Rent,Other,1209,3,3,32.0,0.917694153395024,0,0,NY,29,High School,Single,3,161,0
1212,2022-08-24,21980,0.13396973953726352,60,577,81032,0.42250490774578364,19,Own,Home Improvement,866,7,28,16.0,0.585448291484623,0,0,OH,68,Bachelor's,Single,1,176,0
1213,2022-04-28,10031,0.14937910370000979,24,646,195150,0.29770250526485387,5,Mortgage,Home Improvement,1122,9,22,42.0,0.7125650778783753,0,0,NC,57,PhD,Widowed,2,3,1
1214,2023-01-12,16037,0.23338840964018318,60,606,108662,0.5088978404897094,5,Mortgage,Business,1800,2,25,29.0,0.4160804771688327,0,0,CA,34,Associate's,Widowed,4,32,0
1215,2023-10-16,47738,0.20525809550318957,12,770,41300,0.3839204802758607,17,Mortgage,Debt Consolidation,471,4,6,40.0,0.9140676944709873,0,0,CA,54,Bachelor's,Divorced,0,205,0
1216,2021-11-19,39429,0.07610025282343685,24,743,95700,0.12098525170303351,5,Own,Home Improvement,778,3,18,52.0,0.8241625389120266,0,0,OH,53,PhD,Divorced,3,149,0
1217,2020-05-27,7142,0.16308399352154848,36,572,75609,0.18837843371173038,6,Own,Debt Consolidation,695,8,20,3.0,0.16671311161692748,0,0,IL,49,Bachelor's,Married,4,68,0
1218,2020-12-07,13109,0.13845045530391184,48,525,110045,0.5324969865147673,15,Mortgage,Business,301,4,29,1.0,0.5763878502046987,0,0,CA,61,PhD,Divorced,1,145,0
1219,2021-04-20,23010,0.20944221451575257,48,709,81901,0.38144991317839494,8,Mortgage,Home Improvement,1725,9,6,59.0,0.8968273290869464,0,0,CA,31,Master's,Divorced,2,170,0
1220,2022-12-22,9787,0.19484650952238985,36,591,25703,0.5751717382569526,12,Own,Credit Card Refinancing,188,1,24,8.0,0.7930644936589509,0,0,NY,54,Master's,Single,0,68,0
1221,2023-10-15,43864,0.1880811443822144,12,624,83115,0.1362111564303424,11,Mortgage,Other,536,1,22,53.0,0.962552780661325,0,0,MI,22,Associate's,Single,3,84,0
1222,2021-07-14,9472,0.11810896709597939,36,572,47676,0.24763031504298696,18,Rent,Debt Consolidation,219,4,15,30.0,0.2313016869475948,0,0,NC,42,Bachelor's,Single,1,12,0
1223,2020-11-22,24383,0.2109927460798509,12,622,141332,0.1967716866197863,0,Own,Debt Consolidation,255,3,11,24.0,0.367459633130478,0,1,TX,26,Master's,Single,4,218,1
1224,2023-03-10,5249,0.06047825911897225,24,808,196512,0.3769201461143681,7,Mortgage,Debt Consolidation,498,3,22,36.0,0.5071918880181313,0,0,NC,22,High School,Divorced,4,45,0
1225,2022-09-16,48717,0.08192498028643345,36,683,187995,0.29139641553995466,3,Rent,Debt Consolidation,1823,10,8,35.0,0.23266917002726495,0,0,PA,42,Master's,Widowed,3,164,0
1226,2020-08-02,35518,0.11712465459558236,12,686,49802,0.17863676703819661,18,Own,Business,287,12,9,54.0,0.39404525518881905,0,0,MI,46,Master's,Single,2,80,0
1227,2021-03-10,19351,0.06536148821385626,24,697,110331,0.4213759569797735,4,Own,Business,1897,2,9,4.0,0.5375392044243325,0,0,PA,41,Bachelor's,Married,1,179,0
1228,2022-08-09,5088,0.09699885550693832,36,577,144786,0.3681491828985932,16,Rent,Business,1175,14,8,23.0,0.19133920300134066,0,0,OH,66,PhD,Married,3,135,0
1229,2021-12-23,16282,0.21603019659958364,48,847,85169,0.2373681256481505,2,Own,Business,751,10,14,23.0,0.2566878187025806,0,0,MI,30,High School,Divorced,3,161,0
1230,2023-09-03,20330,0.23965030755801586,36,685,88147,0.3398856788911889,18,Mortgage,Home Improvement,1654,10,15,28.0,0.12484249980879447,0,0,GA,37,High School,Married,4,48,0
1231,2020-02-01,43409,0.11092047115483811,60,843,42075,0.4728691575205948,0,Own,Business,1603,2,20,49.0,0.7133814098857485,0,0,TX,49,PhD,Single,3,194,0
1232,2021-10-31,22778,0.10290316079776765,36,752,102015,0.20263583727532927,0,Mortgage,Home Improvement,686,8,12,44.0,0.361551926536133,0,0,GA,61,Bachelor's,Widowed,0,33,0
1233,2020-10-11,25264,0.10597853044928539,60,512,29304,0.24645287335086455,19,Rent,Credit Card Refinancing,329,1,3,30.0,0.2202661531837884,0,0,PA,67,Master's,Widowed,0,206,0
1234,2023-08-21,6075,0.10554381747016878,24,798,149851,0.2730554935470576,8,Rent,Business,1604,14,18,36.0,0.5073241491809525,0,0,PA,57,PhD,Single,1,84,0
1235,2021-03-04,11412,0.0571860364371946,36,575,140729,0.4733632186005158,4,Own,Credit Card Refinancing,1253,8,7,57.0,0.06824930568524767,0,0,TX,60,High School,Married,3,101,0
1236,2020-10-12,49454,0.23538326926622163,24,550,79622,0.5234612997754535,6,Rent,Business,154,10,10,55.0,0.9234066063183948,0,1,PA,45,High School,Divorced,4,155,0
1237,2023-03-13,29365,0.09273962831406568,24,774,74215,0.2881942482208054,5,Rent,Credit Card Refinancing,370,3,20,18.0,0.29446752115726427,0,0,GA,37,Master's,Widowed,1,47,0
1238,2023-12-18,8230,0.13400081481628098,12,648,93973,0.24831043091695912,16,Own,Other,1223,2,6,22.0,0.8864643481838621,0,0,OH,35,Master's,Single,2,234,0
1239,2022-11-08,49200,0.05193737654819355,24,718,128654,0.5447233791758386,16,Mortgage,Credit Card Refinancing,1192,9,10,34.0,0.497620065324647,0,0,MI,69,Associate's,Single,4,85,0
1240,2020-01-18,12002,0.22159101818301144,24,621,163593,0.5996824660963394,12,Own,Home Improvement,1422,5,26,53.0,0.8501504977106406,0,0,MI,55,PhD,Married,2,194,0
1241,2022-02-07,14947,0.19623146889098345,36,710,44028,0.4351768198308995,11,Own,Debt Consolidation,1069,14,8,49.0,0.2470644407896445,0,0,OH,45,Master's,Divorced,1,43,0
1242,2021-08-12,14686,0.23935120703474067,36,779,59328,0.5949903074945904,3,Mortgage,Credit Card Refinancing,1652,5,5,5.0,0.17527060224275304,0,0,TX,68,Associate's,Divorced,0,80,0
1243,2023-10-26,30304,0.20632309583927982,48,525,47301,0.42998313890095496,7,Mortgage,Debt Consolidation,1477,13,28,5.0,0.8494118032348283,0,0,MI,32,Bachelor's,Married,4,147,0
1244,2023-04-13,14074,0.11274130241041305,12,672,58015,0.46673013600391244,4,Mortgage,Other,1751,6,19,55.0,0.2129238823717109,0,0,TX,66,High School,Single,4,196,0
1245,2022-10-06,5493,0.09957467174568474,24,655,56845,0.2943280007717568,4,Own,Other,1275,4,19,36.0,0.7461953492995801,0,0,IL,57,PhD,Married,1,138,0
1246,2020-07-12,35228,0.1895432615106586,12,737,106818,0.3164837734995267,12,Mortgage,Home Improvement,429,7,21,29.0,0.3445837946596324,0,0,IL,22,Bachelor's,Married,4,22,0
1247,2021-05-16,15140,0.12282255500209989,60,581,96394,0.17206783199469758,10,Rent,Home Improvement,215,7,18,,0.7481937264351614,0,0,NC,68,PhD,Married,4,204,1
1248,2022-09-14,32655,0.1632430031505233,24,772,195231,0.5113750073825616,7,Mortgage,Credit Card Refinancing,1665,11,5,7.0,0.9076462659883302,0,0,NC,33,PhD,Single,1,194,0
1249,2023-02-10,44472,0.05125149420529405,12,567,63714,0.5655295154436001,7,Rent,Business,422,9,29,27.0,0.9816384312872931,0,0,MI,42,Master's,Widowed,3,130,0
1250,2020-04-23,7816,0.06237714033609505,48,543,100722,0.41171906684705606,0,Mortgage,Other,662,6,28,24.0,0.35980947726863344,0,0,IL,30,Associate's,Single,1,233,0
1251,2023-05-30,12639,0.15707358823633025,48,560,45230,0.2718236542226993,12,Rent,Debt Consolidation,1695,13,23,32.0,0.3675258346405462,0,0,IL,60,PhD,Widowed,4,108,0
1252,2022-08-04,48192,0.16321432928963303,24,622,112554,0.17700816268718314,4,Rent,Business,328,1,17,52.0,0.9813877367848546,1,0,PA,24,Bachelor's,Widowed,1,98,0
1253,2022-04-10,47733,0.20029058889186874,60,848,69262,0.23257811485265747,7,Rent,Other,1894,9,23,59.0,0.8615281302980383,0,0,GA,37,PhD,Married,4,18,0
1254,2023-07-11,30492,0.07639306392479235,48,695,61722,0.22770521042592165,16,Rent,Credit Card Refinancing,459,12,24,37.0,0.04509197191137804,0,0,PA,25,Associate's,Divorced,2,128,0
1255,2022-07-13,12240,0.15263661675135576,48,829,197431,0.40676394208178657,12,Rent,Other,1128,13,6,51.0,0.5734499862265204,0,0,PA,47,High School,Married,2,208,0
1256,2020-02-24,33698,0.08888952888633772,60,822,82796,0.5725187326818022,8,Mortgage,Home Improvement,127,10,10,13.0,0.18124477154843832,0,0,NC,67,PhD,Single,0,19,0
1257,2022-03-10,27957,0.06863922391253895,12,610,191231,0.12413594347899073,1,Own,Debt Consolidation,1889,9,3,10.0,0.9940125360932185,0,0,CA,34,Bachelor's,Divorced,1,239,0
1258,2022-02-16,33808,0.13209915881211093,48,757,107052,0.100511149797224,18,Own,Debt Consolidation,1487,5,3,1.0,0.1389230123709737,0,0,FL,41,High School,Divorced,1,217,0
1259,2020-06-10,6827,0.08266732961781145,36,588,120808,0.4000909721571628,19,Own,Home Improvement,1585,7,5,52.0,0.5593476125428666,1,0,MI,40,High School,Single,2,158,0
1260,2023-11-04,33762,0.09435639563846372,48,697,156311,0.24203023103985763,16,Own,Business,1354,1,21,29.0,0.6651983700291831,0,0,MI,48,Master's,Single,2,134,0
1261,2020-03-27,9259,0.11351091597390035,12,781,111951,0.5402741711694785,6,Own,Home Improvement,1518,4,21,29.0,0.9370646546540563,0,0,NY,23,Master's,Married,2,27,0
1262,2020-02-24,15849,0.10187768014863925,12,699,70886,0.26362515395290853,2,Rent,Debt Consolidation,968,12,18,3.0,0.847258311644187,0,0,NC,31,PhD,Single,0,15,0
1263,2023-04-16,17232,0.06751825948118928,24,598,123424,0.24486880026444466,18,Mortgage,Credit Card Refinancing,1835,10,21,12.0,0.245754771327783,0,0,TX,46,Bachelor's,Widowed,0,159,0
1264,2023-11-15,41572,0.06798324897194045,36,526,178267,0.23475531060914864,18,Rent,Business,1967,4,29,6.0,0.5726239512925045,0,0,MI,40,Master's,Widowed,3,172,0
1265,2023-10-04,25173,0.08864988304683363,12,588,124697,0.17242641363412206,8,Mortgage,Other,1394,5,22,37.0,0.9535739579058833,0,0,NY,36,Associate's,Divorced,1,214,0
1266,2022-10-28,6374,0.060111837591907795,60,645,116299,0.39076523713855527,9,Mortgage,Credit Card Refinancing,1974,6,26,2.0,0.7357168471049377,0,0,GA,60,Associate's,Married,0,204,0
1267,2022-04-12,22174,0.17529140393538545,36,681,185746,0.184106801167105,13,Mortgage,Business,1427,4,20,8.0,0.6883363483798938,0,0,FL,68,High School,Married,4,138,0
1268,2020-11-08,24567,0.1074653433017804,36,756,169177,0.31231557989514547,17,Mortgage,Debt Consolidation,1506,6,4,13.0,0.7549010792811566,0,0,NY,45,High School,Divorced,1,149,0
1269,2022-01-28,36292,0.10594919355381421,60,688,180811,0.3304860261278244,14,Own,Debt Consolidation,1681,10,6,51.0,0.3225061889878198,0,0,FL,37,High School,Single,3,175,0
1270,2021-03-18,10277,0.11639965884755304,48,739,183041,0.11024602343898723,0,Mortgage,Credit Card Refinancing,127,7,11,10.0,0.7292522694032362,0,0,OH,38,Associate's,Married,2,183,1
1271,2020-11-23,32600,0.18255925484194435,60,695,34497,0.10840363991057125,5,Mortgage,Business,1642,3,7,36.0,0.23285475144691592,0,0,OH,37,Master's,Divorced,3,123,0
1272,2022-12-13,10885,0.2241267762966981,60,796,152888,0.3601063443784146,14,Own,Other,843,9,4,13.0,0.4281027709077534,0,0,CA,39,Master's,Divorced,1,95,0
1273,2022-01-30,1778,0.20181738651112768,48,664,138915,0.4480173661145661,5,Rent,Other,1322,8,18,18.0,0.8899288171885065,1,0,CA,25,PhD,Widowed,2,164,0
1274,2023-06-16,30165,0.195505846045019,48,806,112019,0.5710712411402024,17,Rent,Home Improvement,1729,1,11,7.0,0.01897114649075171,0,0,TX,23,Bachelor's,Divorced,3,127,0
1275,2023-06-06,2492,0.14687823712016987,48,770,129017,0.18955964207847756,0,Rent,Credit Card Refinancing,1205,13,25,58.0,0.4143186502523467,0,0,NY,52,Associate's,Single,3,74,0
1276,2021-08-01,31462,0.18876111139348237,48,507,89385,0.1516294047180413,2,Rent,Business,1211,2,13,6.0,0.26682176673905955,0,0,TX,23,High School,Single,1,58,1
1277,2022-12-10,14615,0.16055247360671665,48,537,125153,0.12604395346357547,16,Mortgage,Credit Card Refinancing,1513,2,2,58.0,0.1985896164936094,0,0,FL,23,Bachelor's,Single,0,147,0
1278,2022-10-03,45900,0.09325010563730579,60,613,53826,0.3180207914564751,15,Own,Other,1821,10,19,58.0,0.8385754214725123,0,0,OH,36,High School,Single,4,215,0
1279,2023-07-11,43946,0.09171767354821014,24,838,130034,0.4115736836679784,7,Own,Business,1878,9,20,6.0,0.6964985728449781,0,0,NY,69,Bachelor's,Divorced,3,192,1
1280,2023-12-12,8851,0.10927840137505669,24,555,104242,0.5202766783756321,16,Rent,Debt Consolidation,679,12,23,55.0,0.11263272041148176,0,0,OH,64,Bachelor's,Married,4,110,0
1281,2020-04-05,17288,0.23216053419396265,12,637,143066,0.4413224411465657,7,Own,Debt Consolidation,1946,9,21,54.0,0.4944633265011894,0,0,IL,50,Master's,Divorced,1,138,0
1282,2023-01-16,8156,0.1594829680759452,24,601,70100,0.20418039453742867,16,Mortgage,Business,550,9,5,2.0,0.4669057718271111,0,0,GA,55,PhD,Married,1,49,0
1283,2023-01-06,3044,0.1967810754003739,24,833,145170,0.33088518319813953,8,Rent,Credit Card Refinancing,532,1,16,2.0,0.14252779402940852,0,0,GA,61,PhD,Married,0,182,0
1284,2023-08-04,8368,0.11931175196330952,60,676,155431,0.5551731731543277,11,Mortgage,Credit Card Refinancing,473,7,10,17.0,0.7997627009912083,0,0,IL,53,High School,Married,2,61,0
1285,2023-02-17,20900,0.13154315413304504,48,668,116205,0.2633705312386856,18,Mortgage,Debt Consolidation,534,12,7,44.0,0.3666739714541998,0,0,MI,42,Associate's,Widowed,4,187,0
1286,2022-03-24,31600,0.07511311572745027,48,838,32809,0.3493651825459657,3,Mortgage,Debt Consolidation,1310,11,13,32.0,0.7619377751603944,0,0,GA,51,PhD,Single,3,219,0
1287,2021-05-05,47403,0.08425899156433408,60,785,84450,0.5792826673218484,10,Mortgage,Other,1874,13,19,36.0,0.19206261508221245,0,0,NC,45,Associate's,Widowed,2,235,1
1288,2021-03-27,26634,0.21547131096522912,24,760,58428,0.4673540027868488,3,Mortgage,Business,1513,3,24,27.0,0.3150734616138323,0,0,OH,65,High School,Divorced,4,130,0
1289,2020-06-13,10168,0.16696772633777643,60,722,92790,0.47387019282084597,13,Rent,Credit Card Refinancing,317,11,16,35.0,0.09517094770266588,0,0,PA,35,Associate's,Widowed,4,75,0
1290,2020-06-30,21961,0.11750649317676379,12,698,131126,0.22616700220661382,13,Mortgage,Other,1231,9,20,15.0,0.1434792697456082,0,0,OH,49,Bachelor's,Married,2,8,0
1291,2021-04-13,45096,0.21057024179910921,48,710,110321,0.30734905915256405,5,Rent,Credit Card Refinancing,1942,8,10,14.0,0.8831834903527329,0,0,OH,35,Bachelor's,Divorced,2,147,0
1292,2022-06-28,47087,0.0993039811275966,36,786,22093,0.14117108154836086,16,Own,Debt Consolidation,1673,3,23,28.0,0.10911264418557753,0,0,TX,65,High School,Single,0,208,0
1293,2022-01-04,24852,0.24520653972004078,12,679,64498,0.4032629335252669,1,Mortgage,Business,1047,1,25,58.0,0.0957312072859432,0,0,PA,55,Associate's,Married,3,196,0
1294,2022-04-02,34110,0.11896352154923395,12,749,136251,0.1518650822712471,7,Mortgage,Home Improvement,448,9,14,17.0,0.9403773108366599,1,0,PA,35,Associate's,Single,3,142,0
1295,2022-08-01,33174,0.11746219083024552,60,730,60985,0.5179547911029774,3,Own,Business,887,13,17,48.0,0.6459034596607676,0,0,NC,46,High School,Widowed,3,22,0
1296,2020-01-07,35215,0.11238238110734106,24,522,52009,0.5072768935099984,9,Rent,Home Improvement,1645,10,14,45.0,0.10091598355441944,0,0,CA,33,PhD,Single,2,17,0
1297,2020-11-25,27955,0.07442230318485758,48,547,148515,0.36680255056115474,6,Mortgage,Other,125,1,2,45.0,0.9717167390660514,0,0,OH,62,Master's,Divorced,0,107,0
1298,2022-02-13,7581,0.07222742946640248,36,608,37718,0.17058301659851485,3,Own,Home Improvement,1171,3,19,18.0,0.14710001050329713,0,0,CA,61,PhD,Married,1,63,0
1299,2020-05-30,45619,0.1796210069068247,12,795,36705,0.11278949159758409,15,Own,Home Improvement,958,13,23,28.0,0.766345725285428,0,0,MI,41,Master's,Single,0,122,0
1300,2023-01-13,7317,0.2250236089116094,36,505,107618,0.49835433377128624,13,Mortgage,Other,469,6,4,5.0,0.034851361639586464,0,0,FL,69,Associate's,Widowed,2,26,0
1301,2020-05-26,43856,0.20810410205433472,24,537,82598,0.40007024160671345,15,Rent,Business,1137,6,18,44.0,0.6245417973398115,0,0,OH,63,Master's,Divorced,0,227,0
1302,2023-11-05,46714,0.07822151880427022,24,668,97878,0.4554648183739417,8,Rent,Other,1735,14,23,49.0,0.5467038721028958,0,0,PA,28,Master's,Married,2,164,1
1303,2022-07-03,27649,0.1591164243584133,36,782,32239,0.25190356286818383,3,Mortgage,Debt Consolidation,1310,11,6,57.0,0.20800381042530114,0,0,PA,36,Associate's,Widowed,4,117,0
1304,2023-08-01,24132,0.07111830919532801,48,702,66622,0.3547413689219573,5,Own,Debt Consolidation,1647,10,26,46.0,0.6431461427204163,1,0,IL,30,Bachelor's,Married,4,45,0
1305,2021-11-30,17789,0.05905892872261549,24,824,66665,0.4735870852698252,0,Mortgage,Home Improvement,983,4,7,54.0,0.6170529931773886,0,0,OH,25,Master's,Single,1,30,0
1306,2020-03-22,15567,0.18127717187695347,36,812,52274,0.3312816541568998,6,Rent,Other,378,2,22,26.0,0.7983517154639768,0,0,NC,52,High School,Widowed,4,116,0
1307,2021-05-28,15868,0.15703046673607007,12,772,162491,0.40069211138436545,0,Own,Other,440,13,18,6.0,0.8758740586004453,0,0,PA,44,PhD,Widowed,1,149,0
1308,2022-03-25,25370,0.06640473704229417,36,743,128368,0.4948641309039812,18,Mortgage,Other,1451,10,18,26.0,0.510104940653566,0,0,MI,27,Associate's,Single,3,148,0
1309,2021-12-09,43533,0.05698784928119769,36,826,166075,0.20761032263318943,7,Own,Business,1802,6,28,18.0,0.4902951934841613,0,0,OH,49,Associate's,Widowed,2,170,0
1310,2022-01-15,31483,0.24795128268186695,60,546,181938,0.13296444467874116,2,Rent,Credit Card Refinancing,1757,10,2,16.0,0.6215957709446978,0,0,NC,33,Master's,Widowed,3,90,0
1311,2022-10-19,13466,0.056004266429814376,24,748,173060,0.36591175540540255,0,Rent,Credit Card Refinancing,706,5,8,40.0,0.7292075892298131,0,0,OH,68,Bachelor's,Widowed,3,119,0
1312,2023-11-10,29803,0.13890565061003193,48,578,128563,0.13106288536004787,0,Rent,Credit Card Refinancing,1148,13,23,10.0,0.3561711724418746,0,0,PA,43,Bachelor's,Single,1,184,0
1313,2021-12-07,19230,0.15092380492153912,48,609,156746,0.48327864718337665,6,Mortgage,Business,628,6,17,4.0,0.5046418833662284,0,0,TX,45,PhD,Single,2,140,0
1314,2021-04-15,18862,0.07345602956008901,60,512,113103,0.45960572381689435,12,Own,Other,525,7,6,1.0,0.5851041858231734,0,0,CA,55,PhD,Married,1,8,0
1315,2023-02-16,44355,0.08381235568794326,48,589,86446,0.5408563357326485,0,Mortgage,Credit Card Refinancing,128,11,17,46.0,0.9883780838359111,0,0,MI,40,Bachelor's,Single,0,227,0
1316,2021-01-30,32259,0.1203610012820705,36,841,49072,0.4197810490169803,15,Mortgage,Other,1055,9,5,55.0,0.5877121964559167,0,0,NC,45,Bachelor's,Widowed,3,93,0
1317,2020-09-17,34539,0.20233517524273253,60,847,53717,0.13359878537618688,13,Mortgage,Home Improvement,422,12,12,11.0,0.22418655074225668,1,0,OH,41,Bachelor's,Single,2,117,0
1318,2022-03-15,22909,0.15141648481205336,12,779,177723,0.2265760627448087,3,Mortgage,Credit Card Refinancing,1976,12,15,41.0,0.5879898582402607,0,0,TX,55,Master's,Widowed,3,234,0
1319,2022-07-22,31795,0.1775803749105923,24,720,137202,0.5039659222813596,11,Own,Home Improvement,412,14,14,41.0,0.8194995829490181,0,0,MI,68,High School,Widowed,0,191,0
1320,2023-07-03,9770,0.24703491101813496,24,572,195363,0.18356620865679388,11,Own,Business,683,7,28,51.0,0.8574036800111908,0,0,NC,48,PhD,Widowed,0,56,0
1321,2022-06-23,12093,0.20360108706264193,24,733,142389,0.4492402339074437,16,Mortgage,Debt Consolidation,1393,4,25,10.0,0.8002504545930117,0,0,TX,65,Associate's,Single,2,135,0
1322,2023-06-03,47571,0.13687229962824354,36,759,129525,0.49012966546023895,14,Mortgage,Business,861,10,28,9.0,0.8882094152888419,0,0,TX,50,Bachelor's,Widowed,2,62,0
1323,2022-12-12,1193,0.13928838435930976,12,612,24646,0.2650558989276206,9,Rent,Business,394,5,9,27.0,0.33476634187912746,0,0,OH,22,Bachelor's,Married,0,121,0
1324,2022-07-28,35775,0.17375441540820102,60,545,59713,0.2611487367014542,2,Rent,Business,755,13,22,6.0,0.507570620952662,0,0,NY,67,High School,Divorced,3,61,0
1325,2022-05-03,18569,0.18307304168378088,60,773,87936,0.3789013406045735,19,Own,Credit Card Refinancing,885,6,21,13.0,0.779591096007544,0,0,MI,57,Bachelor's,Divorced,4,138,0
1326,2023-10-19,12190,0.15014218516733427,24,542,195403,0.5306431663773818,19,Rent,Home Improvement,322,13,16,12.0,0.2644499507590984,0,0,OH,64,PhD,Married,3,231,0
1327,2023-07-27,43752,0.17897224456299599,12,707,42185,0.21195310095674028,11,Own,Credit Card Refinancing,174,9,19,4.0,0.37158143785170106,0,0,OH,60,Bachelor's,Divorced,4,50,0
1328,2021-08-15,33327,0.054706498882819754,12,848,104263,0.5706290980212013,0,Own,Debt Consolidation,201,5,8,50.0,0.831155654556012,1,0,CA,66,High School,Married,1,148,0
1329,2021-12-14,43070,0.13592457277936884,12,602,72107,0.3995593424100541,0,Own,Business,1655,5,22,41.0,0.7700856496204832,0,0,MI,67,Master's,Single,2,28,0
1330,2023-03-27,21389,0.10578761521469536,48,623,37563,0.5960632356761381,9,Rent,Other,1752,7,20,7.0,0.971199567916089,0,0,NY,28,PhD,Divorced,0,142,1
1331,2021-09-23,41197,0.07583488904862208,48,509,90729,0.14480686199766132,17,Rent,Debt Consolidation,1809,2,26,49.0,0.9959740585146502,0,0,IL,64,Master's,Married,1,76,0
1332,2020-02-28,3261,0.06990930256175502,24,828,35701,0.16328106825337954,14,Own,Home Improvement,984,3,10,,0.24074454697137904,0,0,FL,41,Associate's,Married,3,8,0
1333,2020-05-07,29369,0.1706384331229335,12,686,199289,0.5133209018567414,1,Own,Debt Consolidation,272,12,12,4.0,0.9004499861736733,0,0,TX,41,High School,Widowed,4,135,0
1334,2022-01-05,27512,0.15472010943052236,12,530,195682,0.5323779478019246,16,Mortgage,Credit Card Refinancing,1127,2,28,10.0,0.09451550135006914,0,0,MI,46,Associate's,Single,2,5,0
1335,2021-12-21,7716,0.10071682339927385,60,655,148331,0.32272934418546695,7,Own,Other,1975,10,11,51.0,0.7098002089640555,0,0,GA,64,Associate's,Married,4,1,0
1336,2023-02-12,22259,0.1441900117545029,60,559,180482,0.4570355880711675,8,Own,Credit Card Refinancing,1602,10,15,42.0,0.22009938767555093,0,0,OH,42,Associate's,Divorced,3,111,0
1337,2023-05-17,29933,0.14844646303648165,24,748,119280,0.5337786437227693,19,Mortgage,Business,1783,12,17,47.0,0.3003111569225627,0,0,NC,30,Associate's,Widowed,3,73,0
1338,2021-06-09,42689,0.08900179608772317,12,769,58665,0.12156389410941434,10,Own,Business,494,14,28,9.0,0.9463211776645418,0,0,TX,48,High School,Widowed,0,236,0
1339,2021-06-04,5378,0.18041861237633014,24,716,35957,0.3869752114966293,5,Own,Debt Consolidation,1749,2,9,14.0,0.2631512367342119,0,1,MI,49,Master's,Widowed,1,210,1
1340,2021-07-05,41583,0.2061838712772181,60,501,199199,0.5267403332632448,13,Own,Business,932,3,2,38.0,0.6731778691606303,0,0,CA,46,Bachelor's,Single,2,235,0
1341,2020-08-24,47546,0.2082927081779038,60,523,66008,0.29907747229238746,0,Mortgage,Business,1103,6,13,46.0,0.17812850786325618,0,0,NC,57,Associate's,Married,0,106,1
1342,2023-07-28,20835,0.170493966140691,48,705,81920,0.25119180305621347,6,Rent,Home Improvement,266,5,4,28.0,0.09338997757048761,0,0,NC,55,Bachelor's,Single,4,10,0
1343,2023-10-14,30033,0.15232771650380283,24,819,183947,0.49785334254741875,8,Own,Home Improvement,399,11,3,24.0,0.33931702534386443,0,0,CA,23,Bachelor's,Married,1,186,0
1344,2023-05-09,25000,0.06220142860107898,24,698,133828,0.2678932917514181,10,Mortgage,Credit Card Refinancing,217,14,17,47.0,0.6241961007894813,0,0,GA,30,Associate's,Widowed,2,65,0
1345,2023-07-25,46496,0.10756625977032118,12,613,143852,0.10158714909225161,15,Own,Credit Card Refinancing,611,13,5,5.0,0.24794514375408117,0,0,MI,40,PhD,Divorced,4,188,0
1346,2023-06-12,11332,0.06865428935563399,12,779,152698,0.5797862938145328,18,Mortgage,Home Improvement,711,5,3,10.0,0.300168798671674,0,0,CA,36,Bachelor's,Divorced,2,148,0
1347,2021-05-08,43604,0.24276463217569474,48,654,110815,0.3960616181755092,1,Own,Debt Consolidation,1909,2,13,16.0,0.7087298186064551,0,0,PA,42,PhD,Single,2,58,0
1348,2020-01-04,3800,0.07701602924515215,36,664,184714,0.5097589593550356,14,Mortgage,Home Improvement,1298,2,28,14.0,0.10279602298136903,0,0,NC,37,Master's,Widowed,1,171,0
1349,2021-10-27,30538,0.08035508197022041,36,721,58311,0.5126507811713573,2,Rent,Credit Card Refinancing,258,12,25,15.0,0.44690509180350746,0,0,TX,23,Bachelor's,Married,4,157,0
1350,2021-03-17,31119,0.22791532366609846,36,590,52356,0.1332052101863664,3,Rent,Other,1507,1,18,55.0,0.9417345298822242,0,0,PA,47,High School,Single,0,2,0
1351,2020-01-29,9333,0.2387856566952916,24,666,23809,0.1854300996932324,19,Rent,Business,1350,3,21,1.0,0.396971662414225,0,0,TX,65,Master's,Widowed,0,154,0
1352,2023-02-06,6410,0.203165807846982,24,706,194443,0.25556034037982367,6,Own,Other,1161,12,22,35.0,0.4342010279774393,0,1,IL,50,Master's,Single,0,203,1
1353,2021-09-01,18839,0.05108098473453398,60,781,54875,0.2603496425206614,11,Mortgage,Other,562,12,11,18.0,0.738204303607289,0,0,OH,54,PhD,Divorced,2,217,0
1354,2022-03-15,31519,0.05026925419131274,24,564,29465,0.4293930588404564,3,Own,Business,1554,11,21,37.0,0.7790115220328468,0,0,MI,55,Associate's,Widowed,3,226,0
1355,2020-03-15,6808,0.12562015395749015,24,503,93844,0.41156646037634237,9,Own,Home Improvement,1833,14,9,49.0,0.7696063897805245,0,0,FL,67,High School,Single,1,59,0
1356,2022-04-17,7796,0.07867907400217851,24,656,106889,0.3472948890049069,5,Mortgage,Debt Consolidation,1771,7,19,20.0,0.9978670249135722,0,0,FL,48,High School,Married,0,105,0
1357,2023-03-15,22180,0.05367722843031946,48,748,35250,0.20563186615438397,13,Own,Other,203,11,26,10.0,0.07145108748705731,0,0,OH,28,PhD,Divorced,1,1,1
1358,2020-05-07,44056,0.14281333788090095,24,756,66023,0.29099173484515173,2,Mortgage,Debt Consolidation,1081,5,19,40.0,0.9822532846329993,0,0,IL,36,PhD,Married,2,31,1
1359,2020-02-11,18709,0.23861237948139433,12,734,121350,0.3717969842325848,16,Mortgage,Credit Card Refinancing,1316,7,19,2.0,0.9501896169973988,0,0,CA,38,Master's,Single,1,38,1
1360,2023-10-11,18543,0.11476391498048628,12,805,197696,0.33399268305197094,10,Rent,Other,349,9,3,33.0,0.8521389002595581,0,0,MI,30,PhD,Widowed,0,22,0
1361,2020-02-10,38418,0.1822281356857393,60,573,36427,0.1636462665475392,9,Rent,Credit Card Refinancing,1136,6,13,17.0,0.4541255758520417,0,0,NY,34,Associate's,Divorced,0,194,1
1362,2022-07-22,30075,0.18044707062648815,48,686,184348,0.4247552467509619,9,Rent,Home Improvement,666,2,11,14.0,0.8709023716339244,0,0,PA,53,Master's,Married,2,175,0
1363,2020-02-03,38755,0.10021602073303355,12,561,91643,0.13652588840533028,9,Mortgage,Other,1979,1,9,24.0,0.22083241230609518,0,0,NC,23,Master's,Married,2,1,1
1364,2022-11-06,48968,0.18008504976477288,48,836,154511,0.2890973415405401,2,Rent,Credit Card Refinancing,696,1,20,53.0,0.7916558353878302,1,0,OH,53,Master's,Widowed,4,88,0
1365,2023-03-22,38465,0.09246679485737826,48,663,98672,0.4550146738376145,14,Mortgage,Credit Card Refinancing,720,10,11,49.0,0.18523830312105416,0,0,FL,68,High School,Single,2,178,0
1366,2022-09-24,31502,0.07440148271537782,60,555,37300,0.11001176725985326,16,Own,Home Improvement,654,9,12,50.0,0.8153620034711797,0,0,NY,41,High School,Married,3,164,0
1367,2023-11-02,17724,0.19027665711193803,48,610,80289,0.3849914095226581,17,Rent,Debt Consolidation,1511,14,15,14.0,0.6145291332640569,0,0,FL,64,Master's,Single,3,173,0
1368,2021-08-10,4828,0.07268816342078335,24,717,168254,0.2672604870716486,18,Mortgage,Debt Consolidation,170,6,27,29.0,0.09803127951352553,0,0,IL,40,Associate's,Single,0,164,0
1369,2020-12-07,18087,0.2493818437178711,48,739,177981,0.10441592171136724,18,Mortgage,Other,1055,6,16,16.0,0.8953195553572253,0,0,NY,67,Bachelor's,Single,2,239,0
1370,2020-01-27,13605,0.08669048023004587,60,520,39659,0.19519163553048594,11,Mortgage,Home Improvement,1903,4,25,17.0,0.5779571954552444,0,0,CA,48,Master's,Widowed,3,162,0
1371,2023-08-03,32337,0.16882837255129152,60,640,182475,0.5704730966353272,4,Mortgage,Other,1694,12,24,30.0,0.6562482781371146,0,0,FL,57,PhD,Single,3,9,0
1372,2021-10-07,6482,0.1322749142825179,60,764,184658,0.3605744527525452,15,Rent,Debt Consolidation,1072,14,11,49.0,0.28351003565161004,0,0,PA,51,Bachelor's,Divorced,4,204,0
1373,2021-12-31,28005,0.07527728448113342,12,638,30360,0.5986136023145658,14,Rent,Home Improvement,537,2,5,42.0,0.8716355039228065,0,0,CA,32,High School,Widowed,2,110,0
1374,2020-06-16,23760,0.05556878151548268,24,569,41424,0.36240837518237057,14,Rent,Business,1167,10,8,17.0,0.5452007351535635,0,0,CA,37,High School,Married,4,84,0
1375,2021-09-01,6463,0.17454645645856667,12,617,118035,0.37196820614513415,5,Mortgage,Home Improvement,1395,3,12,54.0,0.4211202842915035,0,0,NC,47,Bachelor's,Widowed,1,132,1
1376,2020-09-24,47628,0.21135151275782524,36,697,68791,0.29592150646642623,11,Own,Home Improvement,1137,3,25,34.0,0.5342817452283175,0,0,IL,51,PhD,Married,4,207,0
1377,2022-03-31,5912,0.2184031323013488,24,704,154137,0.25502020936570713,1,Mortgage,Business,1494,8,23,12.0,0.7033130814677766,0,0,NY,23,High School,Divorced,1,63,1
1378,2021-03-30,5648,0.1465426946153869,48,713,32300,0.2257727765664724,19,Own,Credit Card Refinancing,1235,6,23,13.0,0.6950478756992701,0,0,NY,55,High School,Single,1,132,0
1379,2022-06-24,34623,0.20549109343647712,60,555,53370,0.2717103080653369,8,Rent,Credit Card Refinancing,1502,7,4,58.0,0.3575771009578127,0,0,FL,62,Master's,Single,2,133,0
1380,2023-11-25,36634,0.18456942669770895,36,786,47209,0.32992554045021605,3,Mortgage,Credit Card Refinancing,413,9,6,35.0,0.3852582801062605,0,0,NY,43,Associate's,Single,1,138,0
1381,2022-07-10,45602,0.19485090549982664,24,792,40927,0.19599597511539504,4,Mortgage,Debt Consolidation,1538,1,27,17.0,0.5622381928384271,0,0,FL,52,PhD,Single,1,108,0
1382,2022-09-07,4112,0.14851980104436283,12,674,54579,0.21243754590284794,7,Rent,Home Improvement,1863,2,3,4.0,0.9244071207169879,0,0,PA,42,Master's,Widowed,4,172,1
1383,2021-12-02,23054,0.17668234804842542,60,846,29032,0.23577238433421957,9,Mortgage,Business,584,9,13,13.0,0.7454302669659755,0,0,OH,57,Associate's,Divorced,2,40,0
1384,2021-09-25,5492,0.2111051827152114,12,627,113254,0.3246299459654196,6,Own,Debt Consolidation,268,5,22,24.0,0.39041498536555663,0,0,PA,61,High School,Married,2,36,1
1385,2020-05-09,23207,0.1295768351114046,24,824,98413,0.4264066834071215,13,Own,Business,987,4,6,43.0,0.33703262655176114,0,0,FL,44,Associate's,Widowed,1,35,0
1386,2022-10-16,16114,0.21119578017351676,24,791,191803,0.5280730751431436,4,Own,Debt Consolidation,902,1,8,56.0,0.5236366741373145,0,0,MI,47,High School,Single,4,59,0
1387,2023-10-18,35285,0.16840336855781257,36,787,133528,0.24356591859357166,15,Mortgage,Debt Consolidation,345,9,5,38.0,0.8699913689145947,0,0,TX,39,Master's,Single,4,193,0
1388,2022-03-29,17018,0.08318020487415725,48,725,143916,0.1918641701707187,14,Mortgage,Debt Consolidation,365,11,12,11.0,0.008679241595875187,0,0,FL,36,High School,Single,4,210,0
1389,2021-11-23,22386,0.05493683144491693,12,563,92302,0.2894237324252775,4,Own,Business,948,13,23,39.0,0.7104860682895641,0,0,IL,55,Associate's,Married,4,116,1
1390,2023-08-08,18740,0.12255072007983042,36,547,105757,0.5471915381859279,2,Mortgage,Other,342,9,10,52.0,0.29451225543776693,0,0,FL,43,Master's,Married,0,31,0
1391,2023-10-26,45199,0.15933926565926798,60,701,176174,0.10493036416856974,9,Own,Debt Consolidation,1793,4,5,52.0,0.20839748021616988,0,0,TX,49,Associate's,Widowed,1,174,0
1392,2022-03-04,9210,0.21796407044069768,48,836,185505,0.4389343080288727,4,Rent,Credit Card Refinancing,1423,9,28,27.0,0.012137996816758867,0,0,CA,64,Associate's,Divorced,1,49,0
1393,2020-01-29,45363,0.07549713602804925,36,559,35932,0.3385800232057907,14,Own,Home Improvement,1450,10,23,34.0,0.896590620625477,0,0,TX,28,Bachelor's,Married,1,134,0
1394,2020-05-28,46639,0.21004126953671584,12,756,45714,0.18052310748034003,17,Rent,Other,629,13,29,53.0,0.9122484700064406,0,0,IL,61,High School,Widowed,2,198,0
1395,2023-08-12,13743,0.2226018092134454,24,564,77803,0.2605107631372333,7,Rent,Other,1718,1,10,,0.061417441643820125,0,0,PA,63,High School,Married,2,106,0
1396,2020-01-11,43092,0.08013749740016676,60,738,190815,0.21247502193851694,1,Rent,Business,946,5,27,2.0,0.5218153230513606,0,0,FL,45,Associate's,Widowed,4,19,0
1397,2021-11-06,45299,0.22031886386084382,12,788,153624,0.5389160839450612,7,Own,Other,1866,1,13,42.0,0.15257445867360986,0,0,CA,56,High School,Single,2,96,1
1398,2023-02-10,7588,0.24829071356855842,48,537,76627,0.3409366919724951,7,Own,Business,1103,4,17,49.0,0.7586875546482741,0,0,MI,34,PhD,Married,3,170,0
1399,2020-07-05,4311,0.19536776620964752,48,524,197059,0.38154713893624637,3,Mortgage,Business,441,12,2,6.0,0.6653914717661469,0,0,OH,34,High School,Single,1,30,0
1400,2022-03-17,23432,0.2069539363649976,24,558,99810,0.3968438096685103,18,Mortgage,Credit Card Refinancing,1888,5,9,8.0,0.2971308129551443,0,0,NC,52,Master's,Divorced,1,26,0
1401,2022-01-13,34755,0.2488830535117747,24,796,65380,0.419808562301178,17,Rent,Debt Consolidation,1802,14,2,35.0,0.11696028104036538,0,0,PA,40,High School,Single,0,131,0
1402,2023-06-04,4321,0.17109625010518908,60,657,180322,0.34777784518796495,0,Own,Other,1677,11,21,22.0,0.8312206628073886,0,0,PA,50,PhD,Divorced,0,161,0
1403,2023-08-26,16812,0.11157727640324988,60,556,84686,0.10893676541815792,19,Mortgage,Debt Consolidation,1372,3,20,23.0,0.674252479284851,0,0,NC,43,Associate's,Married,3,50,0
1404,2020-04-07,38383,0.21750616681521115,24,547,140321,0.267361343457326,14,Mortgage,Debt Consolidation,859,2,5,9.0,0.006819945002552785,0,0,FL,62,High School,Divorced,0,159,0
1405,2020-02-24,49280,0.17289715550232626,24,827,65028,0.1919366203604956,17,Mortgage,Debt Consolidation,1503,6,15,49.0,0.6278717809361053,0,0,IL,42,Master's,Single,4,111,0
1406,2021-09-14,14146,0.16623908474419133,48,555,166367,0.44007142145583844,11,Own,Business,897,11,24,54.0,0.8102960276963459,0,0,IL,37,PhD,Married,4,212,0
1407,2021-10-25,14654,0.10072711110280766,24,564,133141,0.12835232568502333,0,Mortgage,Debt Consolidation,631,13,15,47.0,0.5907680595764828,0,0,IL,51,Bachelor's,Widowed,1,196,0
1408,2022-01-27,36820,0.20126685391657734,36,767,75248,0.3819016955558221,6,Rent,Other,963,3,10,11.0,0.42471367667671966,0,0,GA,26,Associate's,Married,4,96,0
1409,2021-02-09,1726,0.06633345517201926,12,568,30523,0.20531586113715047,18,Own,Business,1504,10,10,18.0,0.583918378542315,1,0,CA,62,Associate's,Widowed,0,82,0
1410,2020-03-09,4760,0.23485741415893224,24,715,65530,0.5744229192335306,0,Mortgage,Other,141,1,27,31.0,0.6197120567473473,0,0,MI,62,Associate's,Single,3,138,0
1411,2023-08-28,23190,0.11516469215409696,60,588,33769,0.2677704710932678,6,Mortgage,Business,1468,11,18,23.0,0.6400346239421308,0,0,MI,27,PhD,Married,4,22,0
1412,2023-08-05,2875,0.0755549305579981,36,780,132035,0.26261059568731715,1,Own,Home Improvement,698,13,16,21.0,0.9670450539043636,0,0,TX,42,High School,Widowed,1,191,0
1413,2022-01-20,24377,0.13847330662048377,60,756,195717,0.5616923339953619,6,Mortgage,Home Improvement,1384,5,11,2.0,0.1786477875583583,0,0,GA,63,High School,Single,1,54,1
1414,2023-03-17,47737,0.05849398185130664,36,659,176629,0.3086739601520707,18,Mortgage,Home Improvement,405,2,18,39.0,0.6230931273139058,0,0,NC,32,High School,Divorced,0,179,0
1415,2023-06-21,5033,0.18692523885299328,24,733,99782,0.5814311670928711,12,Rent,Home Improvement,908,2,10,26.0,0.18799331962968446,0,0,NY,45,High School,Widowed,4,81,0
1416,2022-08-15,39211,0.23054110208907125,12,630,98382,0.11208517606675175,4,Own,Business,961,4,5,18.0,0.2099567202490118,0,0,FL,49,Associate's,Divorced,0,234,0
1417,2020-12-30,18373,0.21745260142770176,60,548,188157,0.25317228760107313,18,Mortgage,Debt Consolidation,1363,4,29,8.0,0.6692578837073668,0,0,GA,36,Bachelor's,Married,1,132,0
1418,2021-04-26,4744,0.07547389468957622,36,646,130939,0.43309648013321556,0,Own,Credit Card Refinancing,778,4,15,58.0,0.9159540849719828,0,0,IL,60,Associate's,Widowed,3,37,0
1419,2020-07-19,25995,0.07525422742154637,48,815,164542,0.5454284822638192,0,Own,Credit Card Refinancing,1436,7,4,50.0,0.1590442470992416,0,0,CA,67,Bachelor's,Single,4,199,0
1420,2020-06-02,17977,0.21268689646485284,24,501,98712,0.22820279650414196,17,Rent,Home Improvement,830,1,26,48.0,0.9624655337564261,0,0,PA,61,Bachelor's,Single,3,63,0
1421,2020-03-13,33402,0.2348508549206232,12,828,138643,0.5652387959818341,0,Rent,Debt Consolidation,540,13,22,12.0,0.319372326016229,0,0,NC,68,High School,Divorced,4,51,0
1422,2021-12-13,35542,0.14213396596669783,24,644,127417,0.3970607332495941,4,Own,Other,1032,8,13,1.0,0.3913140434568001,0,0,NC,40,Master's,Single,1,136,0
1423,2020-10-22,11651,0.1497942233827532,48,560,157877,0.500504121598958,8,Rent,Debt Consolidation,1002,12,23,35.0,0.15368082393883753,1,0,CA,38,PhD,Married,4,1,0
1424,2022-11-06,34703,0.11365240827714518,12,772,148256,0.29860365215344864,11,Rent,Other,232,13,2,28.0,0.6158361058516504,0,0,FL,24,Master's,Married,1,8,0
1425,2023-05-25,14395,0.2288530236512828,48,548,121422,0.20609019128343667,8,Mortgage,Credit Card Refinancing,818,10,2,10.0,0.5964204946239673,0,0,CA,24,Bachelor's,Divorced,2,211,0
1426,2020-03-01,30808,0.1789805810584712,24,831,109300,0.5556177077238466,17,Rent,Debt Consolidation,150,9,14,33.0,0.4422697431026492,0,0,OH,60,Master's,Widowed,1,81,0
1427,2022-07-27,37576,0.1076503154334737,36,630,26630,0.5665679342031094,10,Rent,Debt Consolidation,717,10,15,3.0,0.47609138988433586,0,0,TX,49,Bachelor's,Single,1,105,0
1428,2020-02-11,17715,0.10975657421085033,24,542,144474,0.3487875720770678,0,Mortgage,Credit Card Refinancing,491,13,17,3.0,0.6229758757868907,0,0,NY,52,Associate's,Married,4,183,0
1429,2020-01-25,45409,0.22824001461272048,24,556,118869,0.10324750799962826,18,Mortgage,Debt Consolidation,795,14,8,51.0,0.5834965349643584,0,0,GA,63,Associate's,Widowed,3,112,0
1430,2022-11-28,25306,0.052726804781164295,24,549,35701,0.15489147683520224,9,Own,Other,1836,6,11,,0.37426338164841155,0,0,NC,68,High School,Married,1,137,1
1431,2020-05-10,20086,0.11454531454532768,60,677,165931,0.3865139801158609,1,Rent,Debt Consolidation,622,4,16,24.0,0.8841143852998666,0,0,OH,29,PhD,Married,4,179,0
1432,2023-06-06,15376,0.16087133624327382,48,792,172255,0.11188835115094312,6,Mortgage,Other,1889,6,9,25.0,0.667660523127356,0,0,PA,38,Associate's,Widowed,1,144,0
1433,2020-04-17,6889,0.07964349241986493,48,545,191510,0.2984559619933477,19,Rent,Home Improvement,607,10,12,10.0,0.20540633059980873,0,0,MI,56,PhD,Widowed,0,181,0
1434,2020-06-20,38822,0.06841975083991796,48,669,117285,0.2516849727860063,1,Own,Debt Consolidation,1785,7,25,22.0,0.3199029935057274,0,0,PA,57,High School,Single,0,59,0
1435,2023-12-29,37636,0.213055266218112,60,770,137556,0.4571741377011024,18,Rent,Other,453,6,15,1.0,0.7878781017032536,0,0,NC,48,PhD,Divorced,0,45,0
1436,2020-04-11,21584,0.22888087772970145,36,835,193316,0.12778933647396765,5,Rent,Credit Card Refinancing,966,11,14,18.0,0.10452538102009945,0,0,IL,61,Associate's,Divorced,0,165,0
1437,2022-05-15,35610,0.2147212841596379,24,638,35021,0.34436563448864377,9,Rent,Home Improvement,1072,1,24,28.0,0.7502319987242969,0,0,IL,66,Associate's,Married,3,91,0
1438,2021-06-07,11058,0.22975757794746954,36,746,199115,0.38955713493780264,8,Mortgage,Debt Consolidation,1518,5,14,39.0,0.35884244114579533,0,0,NY,54,Master's,Divorced,1,66,0
1439,2020-10-01,10101,0.16062239421167432,60,647,84361,0.4086455380263089,7,Mortgage,Other,1055,8,28,54.0,0.5516910461084356,0,0,PA,32,Master's,Married,0,192,0
1440,2022-12-03,13497,0.2124516241980684,48,729,152317,0.30257883600847046,10,Own,Debt Consolidation,195,8,10,51.0,0.2805581171728396,0,0,PA,42,Master's,Widowed,4,36,0
1441,2022-03-27,5658,0.1268085276782201,24,779,192083,0.2521838917147755,8,Rent,Other,205,12,18,3.0,0.9864565718204278,0,0,PA,27,PhD,Married,0,76,0
1442,2022-08-14,12381,0.18325357229580772,12,624,30355,0.4412465168685744,19,Own,Debt Consolidation,1778,10,19,56.0,0.9058402921423042,0,0,FL,69,Associate's,Single,2,50,0
1443,2022-11-06,41312,0.2477671062778329,12,691,118841,0.5237845240512475,19,Own,Home Improvement,777,9,20,15.0,0.9284498369442518,0,0,OH,42,High School,Married,2,99,0
1444,2020-11-25,41486,0.0951455447678255,36,579,199764,0.4468088188914394,8,Mortgage,Home Improvement,612,4,14,46.0,0.18477551797751668,0,0,NC,49,Bachelor's,Married,3,95,0
1445,2020-01-12,47619,0.12797994925821612,48,593,180786,0.5660511827286108,7,Rent,Debt Consolidation,1681,10,13,36.0,0.8416900959617651,0,0,CA,38,Associate's,Single,2,181,0
1446,2023-09-03,18154,0.14600947546201712,12,725,37198,0.45863176267896355,14,Rent,Debt Consolidation,1365,6,22,26.0,0.5353971010240902,1,0,TX,39,Master's,Single,4,185,0
1447,2020-08-03,20539,0.07760309740401035,36,564,86951,0.48230936700680915,1,Own,Business,955,7,21,4.0,0.7078592002736387,0,0,MI,32,Master's,Divorced,0,147,0
1448,2020-12-04,12777,0.06620772209301136,60,587,152724,0.18395159830104443,0,Rent,Debt Consolidation,1611,5,21,14.0,0.21750406674044642,0,0,NC,67,PhD,Widowed,2,154,0
1449,2021-10-22,35396,0.2159445732643249,36,587,194697,0.3097698222633559,8,Mortgage,Debt Consolidation,889,11,9,22.0,0.711984645979216,0,0,IL,65,Master's,Widowed,2,118,0
1450,2023-01-09,31373,0.24535887456551725,36,700,38740,0.34252766547798263,8,Own,Home Improvement,614,8,25,48.0,0.9142672445722961,0,0,PA,46,PhD,Single,3,100,0
1451,2021-01-08,34154,0.13094501276593173,36,713,23810,0.22814658114730382,12,Own,Debt Consolidation,1777,3,12,2.0,0.2674813858487999,0,0,GA,51,High School,Widowed,2,68,0
1452,2022-09-02,7031,0.06752996723893066,24,703,143743,0.3642699301781439,7,Mortgage,Credit Card Refinancing,997,8,8,17.0,0.23335985154950656,0,0,NC,46,Master's,Married,0,112,0
1453,2021-12-10,28997,0.0631623521381153,36,588,167641,0.24539597211092376,4,Mortgage,Debt Consolidation,1184,14,2,42.0,0.10441454847347775,0,0,GA,28,PhD,Widowed,1,171,0
1454,2023-05-08,7439,0.22826364127205975,36,560,119855,0.44375104640220797,2,Mortgage,Business,1539,5,11,25.0,0.266806675311661,0,0,TX,58,Master's,Single,0,127,0
1455,2021-04-10,23785,0.14276284994553598,24,770,46783,0.3351442383515879,3,Mortgage,Other,1107,1,16,5.0,0.5357922618156125,0,0,MI,67,PhD,Widowed,2,95,0
1456,2023-01-17,14392,0.11400546331247839,24,593,141701,0.3294034771345178,16,Mortgage,Home Improvement,1417,13,5,58.0,0.8327162914375604,0,1,CA,48,Associate's,Single,2,122,0
1457,2023-07-15,29669,0.14529225424787992,60,806,98047,0.5918212655164059,15,Mortgage,Credit Card Refinancing,836,6,2,43.0,0.27880026265763946,0,0,IL,47,PhD,Divorced,2,186,1
1458,2021-05-03,29939,0.11366081893846947,48,526,29471,0.2962224242712852,15,Own,Other,401,2,12,53.0,0.6211443890693135,0,0,OH,34,Bachelor's,Single,3,205,0
1459,2020-02-16,3282,0.147807155061524,12,713,130771,0.2811477162947842,19,Rent,Credit Card Refinancing,1293,7,6,57.0,0.47959069917303987,0,0,NY,45,High School,Married,4,127,0
1460,2023-08-04,35624,0.22191127938358737,12,573,26163,0.25930218564132723,2,Rent,Home Improvement,745,9,20,16.0,0.2885790406177716,0,0,CA,33,Associate's,Married,0,235,0
1461,2022-02-16,49438,0.16846027421241916,36,560,82071,0.547374610487899,5,Own,Business,1164,3,20,45.0,0.5103590811946472,0,0,FL,35,High School,Married,2,103,0
1462,2022-11-05,25364,0.1889307545620351,60,685,36065,0.34836191304908914,0,Rent,Home Improvement,330,14,5,37.0,0.16796239639587718,0,0,TX,30,Associate's,Single,1,59,0
1463,2021-12-11,2998,0.12293413524686732,36,530,142323,0.40000723874031774,15,Rent,Credit Card Refinancing,1532,10,3,41.0,0.6395775598485182,0,1,FL,52,Master's,Single,3,46,1
1464,2021-02-04,32705,0.19770117570210377,12,718,137969,0.1904092395011975,14,Own,Credit Card Refinancing,837,14,8,47.0,0.11566272118385068,0,0,CA,25,PhD,Married,4,196,0
1465,2022-09-07,39244,0.18332341697587448,24,511,103456,0.3704711800024635,6,Rent,Home Improvement,1774,4,29,49.0,0.7309805251432281,0,0,NY,40,Master's,Widowed,2,40,0
1466,2023-01-14,10428,0.07391239955041129,48,801,199420,0.23732409643424415,1,Rent,Debt Consolidation,1745,4,14,26.0,0.1777126783855072,0,0,CA,22,High School,Single,0,236,0
1467,2020-09-06,38437,0.16452857062311693,60,531,39154,0.4653184606314388,9,Own,Home Improvement,1096,4,21,19.0,0.9981591533168718,0,0,TX,50,High School,Widowed,1,141,0
1468,2021-01-25,13336,0.10134869926195161,24,659,125703,0.5162641743961911,14,Rent,Business,396,3,22,5.0,0.823672594760412,0,0,FL,66,Associate's,Divorced,3,121,0
1469,2020-11-30,10342,0.21081913392671858,48,736,40229,0.45740534606563876,5,Mortgage,Home Improvement,554,5,13,50.0,0.3438403038597223,0,0,CA,27,High School,Divorced,0,105,0
1470,2021-09-20,40832,0.1351875416933879,60,726,72587,0.4651220831351287,1,Own,Other,1180,9,3,34.0,0.4262047722893123,0,0,PA,22,PhD,Divorced,0,9,0
1471,2020-05-16,8446,0.24893683303929745,60,680,69713,0.3562373520597585,16,Rent,Debt Consolidation,1041,11,23,11.0,0.25919102110768844,0,0,NY,46,High School,Divorced,3,66,0
1472,2022-06-01,39392,0.06850008758779276,12,816,178069,0.45605902816706767,0,Rent,Other,1758,8,10,47.0,0.7671145611799992,1,0,MI,48,Master's,Married,0,227,1
1473,2021-11-18,8461,0.2060695725480317,24,545,41101,0.31134346775408017,0,Mortgage,Home Improvement,339,10,17,2.0,0.380726969957774,0,1,IL,43,PhD,Single,1,53,0
1474,2022-04-06,35587,0.1847403467084313,60,840,60391,0.4257445767648065,3,Own,Debt Consolidation,1721,2,9,47.0,0.7551855098195357,0,0,GA,38,High School,Divorced,1,204,1
1475,2021-12-27,11516,0.2034997661181411,60,579,92723,0.22951960506025734,19,Own,Other,1299,12,25,3.0,0.018401554680180565,0,0,FL,50,Bachelor's,Married,0,81,0
1476,2021-08-16,14749,0.11150595909809127,48,634,186020,0.13487850615600508,15,Rent,Other,1186,9,19,56.0,0.13562095950459574,0,0,IL,24,Bachelor's,Divorced,2,4,1
1477,2023-05-31,18514,0.14841089787648012,12,759,120264,0.3067366320609842,7,Mortgage,Debt Consolidation,650,12,5,51.0,0.36497433470256857,0,0,NC,38,Master's,Single,0,126,0
1478,2022-09-16,36426,0.20930170394474168,36,807,57921,0.330889077890245,0,Mortgage,Debt Consolidation,237,10,25,44.0,0.10890853339459272,0,0,NY,23,Associate's,Divorced,2,142,0
1479,2021-01-06,37268,0.096508266324171,12,746,48460,0.228203579094345,18,Mortgage,Credit Card Refinancing,553,2,12,3.0,0.6011279922962408,0,0,NY,53,Associate's,Divorced,0,213,0
1480,2022-07-23,25950,0.09520663935773042,36,658,172143,0.46385475920361885,10,Mortgage,Debt Consolidation,1876,7,18,3.0,0.05083209853412329,0,0,PA,43,High School,Widowed,4,105,0
1481,2022-09-21,35888,0.16021019065898648,24,702,199354,0.1367752394881396,16,Mortgage,Home Improvement,1572,5,9,38.0,0.859762994589343,0,0,PA,60,PhD,Widowed,1,136,0
1482,2021-02-05,37788,0.15471271590597116,24,611,111725,0.2113741621895943,9,Mortgage,Business,1349,13,20,20.0,0.7613079987559824,1,0,TX,54,Associate's,Widowed,0,97,0
1483,2021-09-06,11213,0.10645249408258657,60,791,78445,0.4742823592268134,11,Own,Credit Card Refinancing,542,7,9,43.0,0.21625647922795244,0,0,NC,43,Bachelor's,Widowed,1,190,1
1484,2023-07-20,37027,0.10961513010496456,24,809,102208,0.31856213687000623,8,Rent,Debt Consolidation,1329,5,7,1.0,0.4837919061297178,0,0,CA,68,Associate's,Divorced,3,173,0
1485,2023-03-28,29011,0.1055690326413131,60,618,126283,0.45264181201965625,6,Rent,Business,1799,12,24,15.0,0.45181307841092055,0,1,TX,25,Bachelor's,Divorced,4,92,0
1486,2023-03-21,43849,0.20430241239969754,12,516,105779,0.3837429388917981,11,Mortgage,Credit Card Refinancing,126,6,3,6.0,0.7248646153403777,0,0,GA,59,Associate's,Widowed,2,195,0
1487,2022-09-21,35591,0.18038017311249213,24,830,23060,0.5753563749986812,14,Own,Home Improvement,556,8,16,18.0,0.40150890047450893,0,0,GA,34,Master's,Single,3,190,0
1488,2021-09-11,18858,0.21648343668205056,12,726,145806,0.39889791636141647,7,Own,Business,794,1,2,42.0,0.03293529782984572,1,0,FL,44,PhD,Married,4,78,0
1489,2020-07-06,19626,0.2450946056628044,12,616,33731,0.10743448717275986,16,Mortgage,Debt Consolidation,809,13,7,32.0,0.27373585884983864,0,0,GA,34,High School,Divorced,3,83,0
1490,2023-01-26,14467,0.1448328592543973,24,542,97830,0.27643867525216703,4,Rent,Debt Consolidation,948,11,29,8.0,0.46619580523704207,0,0,MI,41,Bachelor's,Widowed,1,70,0
1491,2020-05-10,40758,0.06333877628108978,12,614,135871,0.17153034110235385,13,Mortgage,Home Improvement,1048,13,20,36.0,0.974492216160639,1,0,GA,54,Associate's,Married,4,36,0
1492,2022-03-15,4134,0.05961846208240709,24,782,40719,0.5623168387988516,1,Own,Credit Card Refinancing,206,12,5,57.0,0.8811586669543453,0,0,CA,55,High School,Widowed,3,84,1
1493,2023-04-09,17743,0.10913300785432384,24,536,198114,0.15200622714254017,15,Mortgage,Business,543,1,14,16.0,0.18140614400219046,0,0,TX,59,Bachelor's,Widowed,2,129,0
1494,2022-07-24,16434,0.2365089178704902,24,801,69116,0.2938533315655437,16,Rent,Home Improvement,1824,5,16,26.0,0.723275940490771,0,0,CA,50,Bachelor's,Single,4,188,0
1495,2022-09-12,48775,0.15464261099417498,36,612,46325,0.2130495968133461,2,Rent,Credit Card Refinancing,135,1,10,32.0,0.9368254730147876,0,0,NY,53,Master's,Single,4,202,1
1496,2020-07-01,11233,0.10435730321602583,12,534,173669,0.5233609951983667,0,Own,Other,696,3,4,48.0,0.008792613035258579,0,0,FL,32,Associate's,Divorced,3,141,1
1497,2022-09-09,2141,0.1298333589022039,48,631,34551,0.2542832487944585,17,Mortgage,Other,254,10,3,11.0,0.720945673670826,0,0,TX,39,High School,Widowed,0,140,1
1498,2020-12-29,19019,0.16971902148093418,24,835,113287,0.5959467415713225,17,Mortgage,Credit Card Refinancing,1292,9,17,56.0,0.4593334956111573,0,0,PA,66,Associate's,Married,2,75,0
1499,2020-02-08,21384,0.18058993162756845,12,835,44278,0.11930830280612545,3,Own,Debt Consolidation,895,14,19,44.0,0.6802361962831112,0,0,IL,42,Associate's,Divorced,2,100,0
1500,2021-05-11,43903,0.08078390195658101,60,727,35141,0.16413838623128293,14,Mortgage,Debt Consolidation,371,13,19,55.0,0.6055892735717903,0,0,IL,33,PhD,Single,3,145,0
1501,2023-10-04,46734,0.24540633530903522,24,646,87913,0.21231938821455457,18,Own,Other,1670,7,7,10.0,0.9846654944557015,0,0,MI,60,Bachelor's,Divorced,1,175,0
1502,2022-09-08,37129,0.1589544453965578,24,621,53615,0.5055530201000797,18,Mortgage,Debt Consolidation,1543,12,19,12.0,0.28881540629786784,0,0,OH,41,Bachelor's,Divorced,1,53,0
1503,2022-07-09,23967,0.07713766355845586,48,580,142058,0.5392586045320079,9,Rent,Debt Consolidation,1307,6,12,30.0,0.7861429818692648,0,0,OH,28,PhD,Widowed,0,221,0
1504,2023-11-21,41603,0.22872705066922674,36,672,132684,0.13572569030471118,4,Own,Credit Card Refinancing,1734,8,8,12.0,0.23463988831306115,0,0,NC,48,PhD,Married,0,67,0
1505,2021-12-22,12172,0.06492768621588577,36,653,47452,0.11623007088113821,18,Mortgage,Credit Card Refinancing,1360,8,24,37.0,0.4356079775501729,0,0,GA,28,Associate's,Single,3,221,1
1506,2023-03-30,17390,0.23154708663550255,24,649,173797,0.47227842855228963,10,Mortgage,Debt Consolidation,1632,6,24,25.0,0.9753808739674118,0,0,TX,23,Bachelor's,Divorced,1,10,1
1507,2020-01-16,4267,0.2493131312577965,12,557,70391,0.16667600337680674,6,Mortgage,Credit Card Refinancing,1564,4,15,30.0,0.7661362960141526,0,0,NY,64,High School,Divorced,2,46,0
1508,2021-05-07,40332,0.1900863598313008,60,562,140288,0.1664992935373196,4,Own,Business,1080,4,19,21.0,0.31582125628355906,0,0,CA,54,Master's,Widowed,1,83,0
1509,2023-12-20,27167,0.20408944421479797,60,655,133535,0.11118326724721464,19,Rent,Other,221,4,8,5.0,0.6193692830919499,0,0,MI,42,PhD,Divorced,3,117,0
1510,2023-02-05,22312,0.11746056729349728,12,821,162770,0.12490393879171094,11,Mortgage,Business,1540,6,11,19.0,0.049692083502774986,0,0,PA,50,High School,Married,1,4,0
1511,2022-06-12,28840,0.23831537054678675,24,667,106711,0.23183772929774457,18,Own,Business,1658,1,9,20.0,0.2663949166209697,0,0,FL,53,High School,Widowed,4,57,0
1512,2020-11-06,19990,0.15594279322167354,60,665,97850,0.13250274470540316,14,Mortgage,Debt Consolidation,1498,12,25,9.0,0.7183904896036145,0,0,TX,66,Associate's,Single,3,238,0
1513,2022-01-08,45179,0.19647768931951098,36,584,129733,0.2844395458296378,11,Rent,Debt Consolidation,1698,2,15,18.0,0.5700935695883249,0,0,NY,33,PhD,Divorced,4,38,0
1514,2023-04-08,6906,0.2348215431822559,12,636,22365,0.5163875156136746,3,Rent,Business,1449,6,19,34.0,0.4696728529767723,0,0,NY,34,High School,Divorced,3,140,0
1515,2021-06-29,49796,0.24503599519510166,48,688,117662,0.2631601286607963,11,Rent,Business,1603,14,6,25.0,0.6908760600159631,1,0,FL,60,Master's,Widowed,2,31,0
1516,2021-02-17,41379,0.21664087131933488,24,501,63372,0.4639170812896858,17,Own,Home Improvement,249,14,15,6.0,0.398458890819826,0,0,CA,65,High School,Divorced,3,130,0
1517,2020-09-07,18297,0.11060350139640601,12,605,64134,0.14695498241551505,16,Mortgage,Home Improvement,806,11,23,36.0,0.026156144532413106,0,0,PA,61,Master's,Single,3,129,0
1518,2022-01-28,3011,0.24330950331041648,60,571,57823,0.4296875937097464,18,Own,Other,1094,1,26,7.0,0.4410266235155673,0,0,MI,24,Master's,Married,3,81,0
1519,2023-03-10,45014,0.17562390624871438,24,625,91158,0.25837359162871754,15,Mortgage,Business,1715,9,23,4.0,0.9021291922932616,0,0,IL,60,Master's,Married,3,25,1
1520,2023-07-21,47558,0.23612849527039198,36,669,116076,0.4748764393485191,10,Own,Credit Card Refinancing,1613,12,27,43.0,0.8566151283141212,0,0,MI,29,PhD,Widowed,0,5,0
1521,2023-12-10,12738,0.18522100516287038,24,704,153021,0.16812600702819094,1,Mortgage,Home Improvement,1950,6,23,35.0,0.4089971854095129,0,0,NC,67,Master's,Divorced,4,48,1
1522,2022-11-28,29797,0.11144779236954411,24,812,69396,0.5489416888822409,15,Own,Debt Consolidation,252,7,11,50.0,0.022221440760382682,0,0,NY,67,PhD,Widowed,3,142,0
1523,2022-03-24,48498,0.12400490482856319,36,836,128336,0.2212886014489683,0,Mortgage,Business,1140,14,27,27.0,0.6363072726203157,0,0,NC,23,High School,Widowed,3,52,0
1524,2020-01-29,12120,0.1600943554205881,36,694,51912,0.27656889664058826,16,Own,Credit Card Refinancing,650,12,16,49.0,0.7411944277828646,0,0,NC,27,Master's,Widowed,0,74,0
1525,2022-08-15,9767,0.2080029683119764,24,657,76947,0.5750903554090209,17,Rent,Credit Card Refinancing,944,1,7,2.0,0.29424357608427487,1,0,MI,69,Bachelor's,Widowed,1,149,0
1526,2021-04-21,23852,0.113596510268067,36,640,64387,0.3892411798654295,12,Own,Credit Card Refinancing,1471,8,10,38.0,0.4766639996195743,0,0,NC,62,High School,Widowed,0,153,0
1527,2020-11-13,14703,0.16594623322683844,12,774,36508,0.28288575948151096,4,Rent,Debt Consolidation,1582,12,11,7.0,0.9918567952477084,0,0,MI,36,Bachelor's,Divorced,0,99,0
1528,2020-09-01,1929,0.11912499871528032,36,506,65592,0.5748010735168159,5,Rent,Home Improvement,1325,12,24,14.0,0.5763430129815986,0,0,MI,68,Bachelor's,Married,0,67,0
1529,2022-01-17,12951,0.21315388092702145,36,553,129249,0.26453870844501604,0,Mortgage,Credit Card Refinancing,1546,12,18,52.0,0.3510749056615666,0,0,FL,33,Associate's,Married,3,210,0
1530,2021-11-27,27039,0.1433456187535901,24,603,21919,0.1474353563375899,9,Rent,Home Improvement,379,12,2,26.0,0.6274888766401331,0,0,IL,62,PhD,Married,0,119,0
1531,2020-09-28,49613,0.06534456537057705,12,841,62595,0.59842444392971,4,Rent,Other,521,12,15,48.0,0.1800223068640845,0,0,GA,69,Associate's,Divorced,0,178,1
1532,2023-06-16,30504,0.08321050429630727,48,837,160689,0.23392246027945693,0,Mortgage,Debt Consolidation,1723,5,5,50.0,0.19925237327458,0,0,GA,53,PhD,Divorced,0,228,0
1533,2021-01-11,18438,0.062220933523926464,48,560,53298,0.5256289243498037,10,Own,Home Improvement,1092,5,29,35.0,0.9249247147140169,0,0,CA,27,Associate's,Widowed,3,103,0
1534,2020-09-22,49515,0.14986058920286505,60,586,158001,0.18277039741154363,6,Own,Home Improvement,1588,14,3,15.0,0.2392000411693307,0,0,MI,48,High School,Married,2,33,0
1535,2022-07-14,6744,0.07126745946964544,36,757,34456,0.465676985888689,17,Rent,Credit Card Refinancing,1935,6,4,25.0,0.3107893792157441,0,0,CA,68,Bachelor's,Widowed,2,145,1
1536,2022-07-09,19284,0.07282799386192643,36,677,129599,0.36222469723612605,19,Own,Credit Card Refinancing,903,7,29,44.0,0.5437772419697539,0,0,MI,34,High School,Married,1,232,0
1537,2023-10-14,43417,0.2382096520076754,12,741,106676,0.5904532791450648,9,Rent,Debt Consolidation,454,7,8,43.0,0.8996926202776063,0,0,PA,44,PhD,Single,3,198,0
1538,2020-12-05,40748,0.2245310144352111,48,702,103721,0.3764151780461997,14,Own,Home Improvement,1705,5,24,3.0,0.7814488897190144,0,0,OH,31,Bachelor's,Divorced,0,34,1
1539,2021-01-23,8069,0.1404173193622732,60,530,57924,0.11250757594542707,3,Own,Business,477,1,15,11.0,0.04378392066987491,0,0,NY,35,Bachelor's,Single,0,154,0
1540,2021-07-30,43359,0.24716106417004116,12,788,44240,0.401938994812044,15,Own,Credit Card Refinancing,1247,11,13,16.0,0.6930296688983693,0,0,NY,24,PhD,Married,0,170,0
1541,2020-01-03,20799,0.050037305634132626,36,579,107381,0.17265822816831303,14,Rent,Credit Card Refinancing,179,9,20,57.0,0.5040614826839929,0,0,IL,33,High School,Widowed,2,159,0
1542,2023-12-23,34210,0.17279589125467876,48,510,29228,0.4992704576410436,14,Mortgage,Other,1680,6,19,40.0,0.47555284200238057,0,0,NC,46,Bachelor's,Divorced,0,113,0
1543,2023-03-11,29226,0.17328563547437403,60,753,41686,0.5282840982449495,11,Own,Debt Consolidation,1087,13,16,43.0,0.6915583668255432,0,0,IL,22,High School,Divorced,0,51,0
1544,2021-01-10,5652,0.14148861117397765,24,786,31920,0.3410467593973572,7,Own,Home Improvement,332,9,2,25.0,0.1962320462190441,0,0,GA,53,High School,Widowed,2,220,1
1545,2020-11-19,25323,0.1293895945868586,48,675,27432,0.4916107285261493,7,Own,Home Improvement,1603,11,26,30.0,0.9814886636617198,0,0,GA,45,High School,Single,0,36,1
1546,2020-05-25,43138,0.14107662709612154,60,625,130507,0.17255536774080257,17,Rent,Home Improvement,253,4,27,14.0,0.645306530272449,0,0,IL,69,Bachelor's,Single,1,13,0
1547,2020-10-19,8597,0.1329920872159361,12,546,150509,0.346039093267823,5,Mortgage,Credit Card Refinancing,1006,2,4,51.0,0.3656561746118562,0,0,GA,63,Master's,Single,4,85,0
1548,2021-03-07,48093,0.19609849549645988,24,705,91725,0.2969721323452923,4,Rent,Debt Consolidation,1815,13,26,33.0,0.6002022080701612,0,0,GA,30,Associate's,Single,1,218,0
1549,2021-12-05,38226,0.07707108699465681,60,606,184982,0.4056586935265407,1,Own,Home Improvement,1532,13,16,28.0,0.21647086328962029,0,0,IL,22,PhD,Divorced,3,223,0
1550,2022-08-06,7591,0.08952784411822604,60,774,141764,0.12223859440158,11,Rent,Business,1154,3,5,8.0,0.6338418648549562,0,0,IL,63,High School,Married,1,208,0
1551,2021-08-07,26833,0.08610364567848472,36,836,181298,0.47606141912431366,3,Own,Other,1720,12,16,13.0,0.028217140737797353,0,0,FL,60,Bachelor's,Widowed,1,223,0
1552,2021-02-02,12826,0.10249411702425291,48,622,79099,0.13956464473734184,12,Own,Other,1680,4,11,35.0,0.3411819114083662,0,0,CA,31,PhD,Married,2,13,0
1553,2022-03-27,27417,0.15505168375631667,36,633,132557,0.42823575876508246,16,Rent,Home Improvement,1626,10,7,3.0,0.7475168967475064,0,0,NC,65,Master's,Married,3,222,0
1554,2023-09-29,19693,0.07224174946764375,24,606,106760,0.10922861276997212,15,Own,Credit Card Refinancing,470,12,14,58.0,0.80797784911414,0,0,NY,64,Master's,Single,1,32,0
1555,2022-08-21,15138,0.22363385906530084,60,804,38013,0.5159440318783648,8,Own,Other,422,8,8,37.0,0.25291941331396806,0,0,CA,62,Bachelor's,Married,4,133,0
1556,2023-03-09,3169,0.10947230626169446,36,828,41446,0.18734981511189067,0,Mortgage,Other,431,3,27,55.0,0.5394094612799865,0,0,PA,51,High School,Single,1,12,0
1557,2020-07-05,19556,0.08250759749374158,48,549,125209,0.35774873798849527,14,Rent,Other,342,8,23,36.0,0.528492889689118,0,0,IL,26,Master's,Single,0,231,0
1558,2020-03-01,23052,0.18512426191964867,24,836,122261,0.23074645186380968,11,Rent,Other,1675,6,2,59.0,0.42145604637678047,0,0,CA,25,Master's,Married,2,187,0
1559,2022-07-27,7313,0.05761726011986386,12,594,115739,0.46132360103053427,4,Own,Home Improvement,529,4,23,23.0,0.22843298275297852,0,0,OH,66,Master's,Widowed,0,169,0
1560,2023-11-04,9315,0.17399371297483285,36,767,20557,0.26067555009486065,17,Own,Debt Consolidation,1305,14,12,16.0,0.7032282332287728,0,0,OH,29,Bachelor's,Married,3,37,0
1561,2021-12-10,9036,0.18963968613529997,24,522,181738,0.4623045967941586,19,Rent,Debt Consolidation,908,7,15,12.0,0.25236168174551965,0,0,TX,37,PhD,Married,3,68,0
1562,2022-03-17,32778,0.09298330627734384,12,553,188461,0.24243560341773826,1,Rent,Credit Card Refinancing,1596,14,7,19.0,0.9110257371566157,0,0,GA,22,Associate's,Divorced,2,106,0
1563,2023-09-04,28734,0.05839281468872686,36,753,198772,0.47623654546787997,3,Rent,Business,475,11,6,16.0,0.5285012911185026,0,0,PA,36,Bachelor's,Single,1,176,0
1564,2023-08-18,24173,0.12272907178388992,24,734,150878,0.11530274816845212,14,Own,Debt Consolidation,180,13,20,50.0,0.8704783373106219,0,0,FL,45,High School,Divorced,3,171,1
1565,2023-09-29,31403,0.0697188460483873,24,558,119143,0.24165566768692423,5,Mortgage,Business,1673,5,27,26.0,0.29074272080416397,0,0,MI,36,Bachelor's,Widowed,4,93,0
1566,2020-01-11,1785,0.07329556993466742,36,663,44578,0.34931675322013944,11,Mortgage,Debt Consolidation,1991,5,20,54.0,0.8070791562587321,0,0,MI,27,Bachelor's,Married,2,41,0
1567,2022-12-21,7139,0.10085224628897292,24,758,94779,0.12252979095986274,17,Own,Debt Consolidation,519,9,28,32.0,0.11366358489999251,0,0,MI,23,Associate's,Divorced,0,56,0
1568,2020-08-13,7344,0.10909358492535187,60,813,160668,0.19301703068563933,19,Own,Credit Card Refinancing,566,13,27,20.0,0.7668303420073934,0,0,TX,26,Associate's,Divorced,4,69,0
1569,2023-03-22,19800,0.15599406820428413,36,715,77500,0.5672684908206016,3,Own,Other,1551,3,14,16.0,0.38694584992530223,0,0,CA,60,Associate's,Married,2,11,0
1570,2021-07-17,26372,0.18567837710060264,24,682,92534,0.5884171325900946,0,Rent,Credit Card Refinancing,1180,10,8,21.0,0.46999008881858684,0,0,NY,62,PhD,Married,4,222,1
1571,2022-02-10,21538,0.16855418817403697,12,556,30129,0.4698749736952428,14,Own,Debt Consolidation,1445,4,9,24.0,0.1668073202595728,0,0,NY,55,Bachelor's,Single,2,137,0
1572,2023-08-26,15973,0.07967206745790337,12,644,31596,0.22610002530845644,17,Rent,Other,1665,5,15,2.0,0.01862768852439234,1,0,IL,60,High School,Single,0,113,0
1573,2022-06-03,6619,0.0844172064905253,60,589,85355,0.2302587227179845,13,Mortgage,Other,1618,1,20,26.0,0.6661974931282816,1,0,FL,53,Associate's,Divorced,1,28,0
1574,2023-06-20,35704,0.22575384995858291,36,810,32974,0.4228951788975365,2,Own,Other,1389,7,20,26.0,0.5877182834004182,0,0,NY,50,Associate's,Married,2,22,0
1575,2023-10-21,37575,0.16167046301282273,24,544,132004,0.1587998082993509,14,Own,Business,1350,8,24,45.0,0.6224281520696574,1,0,NC,50,Bachelor's,Single,3,203,0
1576,2023-09-15,40919,0.2239875665795378,24,756,146794,0.5741546902151833,4,Rent,Debt Consolidation,928,6,27,11.0,0.2550017580269198,1,0,OH,45,High School,Single,0,85,0
1577,2023-02-04,43261,0.12430930226397488,12,520,90202,0.2124064497550923,2,Rent,Home Improvement,903,9,13,14.0,0.23927746288310603,0,0,GA,67,Associate's,Widowed,0,6,0
1578,2020-08-13,46123,0.17288000148626478,60,520,94442,0.5998178127127219,6,Rent,Credit Card Refinancing,1177,3,24,37.0,0.8302963112692476,0,0,GA,52,Bachelor's,Divorced,4,26,0
1579,2022-04-04,28716,0.15473268321092215,12,551,172890,0.34786689765123024,5,Mortgage,Business,1732,2,28,19.0,0.7612527525932331,0,0,NY,45,Master's,Divorced,3,144,0
1580,2020-08-05,4236,0.11382469796409252,12,837,194318,0.48571499449646816,0,Mortgage,Credit Card Refinancing,1077,5,10,21.0,0.33679011584136065,0,0,IL,36,PhD,Divorced,4,14,0
1581,2022-07-25,16848,0.14398307440671906,60,670,75598,0.10109204725277862,18,Own,Home Improvement,103,13,15,1.0,0.6378057159756804,0,0,TX,33,Bachelor's,Married,0,35,0
1582,2022-01-22,3352,0.15049817536538643,36,566,153726,0.544373202375821,6,Own,Other,1562,9,7,3.0,0.8281500041688139,0,0,MI,41,Associate's,Widowed,2,42,0
1583,2021-05-20,2932,0.09015419495133573,24,612,53758,0.23500102239029022,3,Rent,Home Improvement,1433,11,16,44.0,0.8888294422179488,0,0,NC,25,High School,Single,3,53,0
1584,2020-09-15,11913,0.11300207447534633,36,799,44204,0.4339683722740326,11,Mortgage,Credit Card Refinancing,702,1,14,12.0,0.005806260909242633,0,0,NC,34,Master's,Widowed,0,100,0
1585,2020-02-23,9556,0.20828195010139514,48,659,147309,0.5031776403967948,19,Own,Home Improvement,1212,1,8,54.0,0.8134623931347242,0,0,PA,62,High School,Single,3,150,0
1586,2022-12-06,22300,0.23315764789082544,48,765,186000,0.18207387027950103,17,Rent,Debt Consolidation,419,10,12,31.0,0.35039233424692584,0,0,FL,65,High School,Single,2,181,0
1587,2021-12-27,6498,0.12195881870905989,48,819,50552,0.32125474066461446,8,Rent,Home Improvement,1498,3,11,58.0,0.7183782847761766,0,0,GA,31,High School,Widowed,1,194,0
1588,2021-11-19,11582,0.11139445644180364,60,731,161408,0.3469179703259617,18,Mortgage,Debt Consolidation,1727,10,2,21.0,0.3714013645999996,0,0,IL,62,Bachelor's,Divorced,4,13,0
1589,2023-01-27,47633,0.0890394329143765,12,824,67037,0.25605973266960225,3,Mortgage,Home Improvement,600,3,8,24.0,0.6062490867940149,0,0,TX,44,Bachelor's,Married,4,11,0
1590,2022-11-09,10569,0.18569823373011626,36,567,167278,0.3408779148644907,0,Own,Debt Consolidation,1785,5,19,26.0,0.6467824400060186,0,0,GA,28,PhD,Widowed,0,140,0
1591,2021-02-22,5857,0.11461994033326746,24,527,54831,0.25877282882766905,8,Own,Debt Consolidation,1357,4,24,54.0,0.4049927709162261,0,0,PA,33,Master's,Divorced,0,97,0
1592,2021-11-20,1340,0.2475499078198377,48,615,63563,0.2803738725276046,14,Rent,Home Improvement,1460,6,4,16.0,0.5127853311377448,0,1,IL,69,High School,Divorced,2,86,0
1593,2022-04-29,44949,0.11513696041279065,36,550,38361,0.43466558935136945,7,Rent,Business,670,12,10,5.0,0.7263133719191683,0,0,CA,36,Associate's,Married,0,53,0
1594,2020-03-02,17766,0.12882720935652564,48,680,61335,0.4162966341524985,14,Rent,Other,284,8,6,42.0,0.4763052686948621,0,0,TX,28,High School,Married,0,9,1
1595,2023-03-14,27132,0.17066683924240697,48,759,94469,0.21613286289876263,14,Own,Other,1561,8,24,50.0,0.013980485085166583,0,0,OH,29,Master's,Divorced,0,236,0
1596,2020-08-03,9491,0.21033685863826102,24,578,45816,0.5487414423977123,17,Mortgage,Other,655,11,25,15.0,0.012904196997515771,0,0,TX,28,High School,Married,3,71,0
1597,2020-01-03,1138,0.14390373306912674,60,772,166691,0.5313942728356953,6,Own,Debt Consolidation,1303,4,14,7.0,0.6613108500493936,0,0,CA,64,Bachelor's,Divorced,3,17,0
1598,2020-06-08,1358,0.13453120675779168,12,607,112479,0.3545416533449758,17,Mortgage,Other,1199,1,17,32.0,0.847237537455598,0,0,GA,25,Bachelor's,Single,1,189,0
1599,2022-02-19,10714,0.24912756671896166,60,573,46819,0.31662537134787516,15,Own,Debt Consolidation,1779,13,17,9.0,0.7852735375139964,0,0,OH,28,Master's,Married,3,10,0
1600,2023-02-17,20840,0.05209872822798889,36,674,162813,0.28842799149205445,1,Own,Business,1736,14,13,33.0,0.3104003019331635,0,0,IL,66,PhD,Single,4,166,1
1601,2022-06-11,35395,0.22901305777024916,60,683,142330,0.4536339593332196,3,Mortgage,Home Improvement,992,14,19,18.0,0.47112788499695446,0,0,MI,62,High School,Married,1,123,0
1602,2023-01-17,31654,0.0798281651879475,36,522,28798,0.4358330286047353,19,Own,Home Improvement,1395,7,12,13.0,0.234160740101667,0,0,IL,51,Master's,Divorced,0,39,0
1603,2020-11-24,26879,0.20718505524178268,36,773,176215,0.19809030346898934,15,Own,Debt Consolidation,154,6,18,2.0,0.9891499106666726,0,0,PA,39,Associate's,Divorced,4,110,0
1604,2021-08-02,16996,0.1735863119692596,12,628,69695,0.43572901565018063,2,Rent,Debt Consolidation,1824,5,8,54.0,0.2605064492602319,0,0,OH,51,Associate's,Divorced,1,89,0
1605,2023-10-12,38772,0.11836945709961842,24,790,183819,0.22621559705101998,1,Mortgage,Business,962,4,16,55.0,0.4162615928493666,0,0,TX,28,PhD,Divorced,1,219,0
1606,2023-07-14,27762,0.22477499110420368,12,819,149544,0.10927916826176279,2,Mortgage,Other,1970,6,7,40.0,0.6811289513243032,0,0,FL,69,Bachelor's,Divorced,4,94,0
1607,2022-08-09,14283,0.0525814455961984,60,685,172254,0.44960433876868855,4,Rent,Business,176,8,7,22.0,0.876017669650776,0,0,CA,44,Master's,Divorced,1,158,1
1608,2023-09-08,40420,0.09533813041498473,36,558,29415,0.4223968012303748,1,Mortgage,Home Improvement,395,6,19,39.0,0.05147568406713654,0,0,OH,58,High School,Married,4,107,0
1609,2021-09-26,20554,0.1633785592499072,48,500,162157,0.30540463118717076,18,Rent,Home Improvement,1342,3,20,10.0,0.30101967602712143,0,0,MI,28,Master's,Married,1,34,0
1610,2022-09-14,21219,0.12030845200993961,48,630,166080,0.3628430279597531,19,Mortgage,Other,1400,9,21,46.0,0.5689858479644604,0,0,NY,59,PhD,Single,1,33,0
1611,2023-05-03,35919,0.17207549906366554,36,566,107638,0.5735845958528798,1,Mortgage,Home Improvement,1701,3,20,5.0,0.6183130813761835,0,0,OH,50,Master's,Widowed,1,160,0
1612,2022-07-09,10429,0.05482203868173337,12,792,38452,0.3976000904527188,1,Mortgage,Debt Consolidation,1771,4,3,33.0,0.07002743849986082,0,0,PA,55,PhD,Married,4,234,0
1613,2022-01-07,47840,0.0732917860963425,24,784,159192,0.42894196766826576,19,Mortgage,Home Improvement,845,13,4,,0.6640787378420733,0,0,FL,60,PhD,Married,1,12,0
1614,2023-09-17,45695,0.07541924804368785,12,588,130205,0.13195566047457055,17,Rent,Credit Card Refinancing,1834,5,15,34.0,0.5280643656085743,0,0,NY,62,PhD,Widowed,3,233,0
1615,2020-06-18,40673,0.08785672918320189,36,599,38170,0.18299723033756263,19,Rent,Other,1389,11,23,24.0,0.8276273793621446,0,0,OH,66,Master's,Widowed,3,87,0
1616,2021-06-04,20218,0.14186628816010857,36,688,36259,0.25047613820579406,13,Mortgage,Other,999,2,26,28.0,0.2221891762083007,0,0,OH,68,Associate's,Single,3,93,1
1617,2020-02-09,13452,0.20042573990871426,24,845,42099,0.3696896590140716,14,Own,Other,142,11,5,22.0,0.1950269850218761,0,0,IL,39,High School,Single,3,107,0
1618,2023-07-08,49980,0.23110776758578022,60,740,160721,0.4882954479916606,11,Rent,Credit Card Refinancing,1484,10,23,17.0,0.7933372219279557,1,0,NC,68,PhD,Divorced,3,193,0
1619,2023-11-19,19951,0.21707450605684922,60,769,149394,0.26062043889429354,10,Mortgage,Business,1351,11,18,13.0,0.7038691289396163,0,0,TX,64,Bachelor's,Single,0,212,0
1620,2022-08-12,2307,0.08937757435513671,24,718,79258,0.27819121523938695,10,Rent,Debt Consolidation,326,10,29,16.0,0.7916733605776747,0,0,NC,46,PhD,Single,1,10,0
1621,2023-06-03,15852,0.1382301104461265,60,675,192109,0.22807544258687443,6,Own,Other,1186,2,7,1.0,0.7819341410280795,0,0,IL,48,Master's,Widowed,2,125,0
1622,2022-09-10,26232,0.089882319551707,48,840,31805,0.22730466464765295,11,Own,Home Improvement,270,6,29,30.0,0.10400067583046069,0,0,NY,48,PhD,Married,0,19,0
1623,2023-02-21,36428,0.10289436333343815,60,732,63147,0.5744319229473983,15,Own,Debt Consolidation,1062,14,20,18.0,0.27858304729915084,0,0,NC,33,Bachelor's,Divorced,4,23,0
1624,2022-09-01,44171,0.15070939630237723,60,650,94280,0.41772858980944505,4,Mortgage,Home Improvement,861,2,10,31.0,0.26008513613644635,0,0,CA,44,Associate's,Single,0,128,1
1625,2020-02-07,27485,0.06362180494470451,60,776,197125,0.17795062176997342,1,Mortgage,Debt Consolidation,949,10,5,53.0,0.9345872814168397,0,0,CA,38,Master's,Widowed,2,85,0
1626,2020-11-23,11238,0.09363486591865465,48,728,126777,0.46112428904213,15,Own,Debt Consolidation,1885,1,8,27.0,0.48746657405034555,0,0,OH,65,Master's,Divorced,0,185,0
1627,2023-06-28,39975,0.23707563226142347,60,670,117841,0.46101057168001447,14,Rent,Home Improvement,406,8,5,40.0,0.11105713270001738,0,0,TX,28,Master's,Divorced,1,107,1
1628,2023-04-14,2140,0.1432232585316978,48,722,144726,0.43323509802685256,10,Rent,Home Improvement,1873,10,12,7.0,0.28957790593001875,0,0,GA,45,Bachelor's,Widowed,3,99,0
1629,2022-07-02,25842,0.13907730519557446,24,712,148359,0.1673602225453318,5,Own,Debt Consolidation,667,14,23,41.0,0.8719016485164715,0,0,OH,28,Master's,Single,1,59,0
1630,2021-03-29,27421,0.05291343095025578,12,781,96215,0.3039957417347935,12,Mortgage,Other,1806,10,24,40.0,0.8470663781653133,0,0,OH,50,Associate's,Single,0,224,1
1631,2020-02-06,2708,0.09947994941166916,24,540,132909,0.15337816524720657,18,Rent,Home Improvement,1091,13,3,58.0,0.9003394834405374,0,0,CA,49,High School,Single,2,182,0
1632,2023-09-01,4630,0.22325848719643626,12,621,115365,0.5083102520460683,9,Rent,Credit Card Refinancing,133,1,11,58.0,0.38852877273702,0,0,CA,44,High School,Single,4,74,0
1633,2022-08-30,20595,0.08292568565173375,24,726,30985,0.42758607158895967,18,Rent,Credit Card Refinancing,926,10,7,39.0,0.6413409614899965,0,0,NY,31,PhD,Divorced,1,2,0
1634,2022-03-06,11485,0.13302498790694423,12,793,32391,0.3536019683839092,4,Mortgage,Debt Consolidation,1765,14,9,38.0,0.2781739198753237,0,0,NY,37,High School,Married,2,228,0
1635,2022-08-30,29308,0.05286618117340025,12,587,24861,0.2715077382502983,6,Own,Business,229,6,16,21.0,0.18082533115237387,0,0,IL,64,Bachelor's,Divorced,4,48,1
1636,2021-08-15,45789,0.14566709633411118,36,766,54364,0.1921247372472167,10,Mortgage,Debt Consolidation,1517,12,14,23.0,0.02190107592636792,0,0,NC,69,High School,Divorced,3,6,0
1637,2023-02-11,27086,0.054204221345243435,12,528,102399,0.15322379441655395,13,Rent,Debt Consolidation,1274,14,29,37.0,0.22344094968934947,0,0,OH,55,Bachelor's,Widowed,1,43,0
1638,2022-11-29,17859,0.21392191061316,12,746,62923,0.5846203037684498,15,Own,Other,754,1,23,1.0,0.6043741368922729,0,1,NY,46,Bachelor's,Divorced,1,145,0
1639,2023-08-17,8684,0.21497075349742073,36,815,158991,0.19982432097801153,17,Mortgage,Other,729,8,3,40.0,0.9042103136067927,0,0,IL,23,PhD,Single,3,127,0
1640,2020-08-11,26552,0.20754843766047398,60,743,105818,0.12993731336069284,3,Own,Business,1839,14,21,40.0,0.13342055321544177,0,0,IL,26,High School,Widowed,3,79,0
1641,2020-11-13,2207,0.10667281377822364,60,560,198468,0.5808333860912482,0,Rent,Business,1507,5,2,18.0,0.918011560965442,0,0,GA,35,PhD,Widowed,0,164,1
1642,2020-12-14,47099,0.21744744364436364,36,646,185912,0.3744758706789135,14,Mortgage,Business,1870,3,16,40.0,0.34538523487172135,0,0,NC,52,Master's,Widowed,4,152,0
1643,2020-04-24,2960,0.15859962652105386,48,673,193327,0.4983283674955714,13,Own,Business,1140,5,8,1.0,0.4268284076143207,0,0,GA,61,Associate's,Widowed,2,121,0
1644,2021-11-28,1557,0.1247616217734005,12,777,91160,0.12188292359915928,18,Mortgage,Business,693,13,25,27.0,0.3649785404687468,0,1,NY,27,High School,Widowed,3,232,0
1645,2023-09-08,30689,0.1750659919408466,12,833,148165,0.3834729287398273,4,Rent,Debt Consolidation,1137,1,27,31.0,0.4086081399197039,0,0,FL,49,Master's,Single,0,120,0
1646,2022-11-29,49651,0.052468209212074804,36,641,159248,0.2991049820589976,3,Own,Debt Consolidation,180,1,19,18.0,0.25919314918766523,0,0,NY,30,Master's,Married,4,189,0
1647,2020-02-09,14893,0.07859217552015044,36,543,53529,0.4859822171749417,12,Rent,Credit Card Refinancing,1330,12,11,15.0,0.6986046783114386,0,0,PA,27,PhD,Married,4,29,0
1648,2023-08-05,33272,0.19845870763405257,48,643,164013,0.1192128228195293,17,Own,Credit Card Refinancing,303,14,16,29.0,0.7581831102701669,0,0,FL,38,PhD,Widowed,1,78,0
1649,2023-07-09,1882,0.0988323217432306,60,832,21669,0.30084528428080715,11,Rent,Home Improvement,1502,4,6,21.0,0.8231128908522648,0,1,OH,61,Associate's,Married,0,58,0
1650,2020-08-03,38529,0.16960182346574992,24,554,137373,0.49953670974309805,14,Rent,Debt Consolidation,1907,9,28,13.0,0.34128958335996706,0,0,NY,56,Associate's,Divorced,0,194,0
1651,2023-03-16,39635,0.12702052056460594,60,806,64859,0.361348632319185,8,Mortgage,Business,1667,14,25,51.0,0.7646268910277948,0,0,NC,33,Associate's,Married,1,214,0
1652,2020-12-01,30535,0.2209611557598523,12,660,75786,0.375019370499302,3,Rent,Home Improvement,122,9,12,55.0,0.6376753574768151,0,0,IL,66,Associate's,Divorced,2,239,0
1653,2023-04-06,13869,0.24048306119932872,36,784,191148,0.14858234098298276,4,Mortgage,Other,713,1,9,,0.9579160868403928,0,0,CA,39,PhD,Single,3,181,1
1654,2020-04-01,8166,0.2267129456740381,48,824,40323,0.1661652780600457,8,Rent,Debt Consolidation,1285,3,22,44.0,0.4247851666985476,0,0,TX,64,Bachelor's,Widowed,1,70,0
1655,2020-12-18,13982,0.10412399893871933,60,697,26021,0.4384998026828929,12,Rent,Credit Card Refinancing,1733,13,9,53.0,0.9923097278833546,0,0,FL,55,PhD,Divorced,3,9,0
1656,2021-07-24,41697,0.08883257380921646,48,658,59807,0.4375233111449599,9,Rent,Debt Consolidation,243,12,7,1.0,0.7403940300078714,0,1,TX,67,Bachelor's,Single,0,204,0
1657,2022-03-26,39115,0.144886978724147,60,579,148305,0.5895516971261366,15,Own,Debt Consolidation,203,4,16,21.0,0.7762777549589974,0,0,PA,22,PhD,Single,1,170,0
1658,2022-02-19,8269,0.051466830167236056,12,530,70355,0.4559764940327752,12,Mortgage,Debt Consolidation,1505,2,16,45.0,0.025704860109661,0,0,PA,36,PhD,Widowed,2,39,0
1659,2020-12-28,29064,0.05516187857263635,24,611,133415,0.3466217479667236,3,Own,Debt Consolidation,1578,7,6,32.0,0.49739835133609644,0,0,MI,39,Associate's,Married,3,197,0
1660,2021-07-10,14527,0.16065812792460002,48,545,195804,0.5286639117667764,12,Mortgage,Other,1540,3,14,14.0,0.5283367123120252,0,0,OH,43,Bachelor's,Single,3,122,0
1661,2023-09-30,3454,0.1540898808330572,48,704,28711,0.15223649290796812,7,Rent,Credit Card Refinancing,423,1,15,49.0,0.040600101920599596,0,0,NC,39,Master's,Married,3,168,0
1662,2023-04-08,21878,0.248916397807052,24,551,27904,0.32464791044812724,12,Own,Debt Consolidation,1294,1,12,40.0,0.312131223490555,0,0,MI,22,Master's,Married,0,59,0
1663,2020-12-21,13991,0.09036836707275163,48,637,84033,0.24355455546378488,14,Mortgage,Other,675,3,21,21.0,0.9556441806277962,0,0,NC,67,Master's,Married,3,44,0
1664,2020-07-09,3808,0.10162078583209369,48,573,106478,0.1523189034638128,19,Rent,Home Improvement,1879,6,22,39.0,0.4261114363601356,0,0,OH,41,Associate's,Divorced,4,65,0
1665,2021-02-25,40410,0.07270812846525734,60,540,140035,0.4817510423601832,19,Mortgage,Debt Consolidation,1706,4,13,38.0,0.18670198455830744,0,0,CA,69,Master's,Married,3,202,1
1666,2021-11-30,37593,0.23350860193074896,60,576,23093,0.355396015249442,12,Mortgage,Other,373,1,21,40.0,0.5133387070264082,0,0,TX,57,PhD,Married,0,11,0
1667,2020-01-07,37304,0.20556224889169017,24,686,44918,0.3783843599487453,4,Rent,Business,551,7,2,40.0,0.03376557722046525,0,0,IL,59,Associate's,Single,1,91,0
1668,2020-05-12,31386,0.21446782229136951,12,551,160466,0.3056275939551645,5,Own,Home Improvement,980,2,4,10.0,0.5159886999708573,0,0,MI,46,Master's,Widowed,3,215,0
1669,2021-07-10,49077,0.23055275759290175,48,586,144501,0.3301686158013676,4,Rent,Credit Card Refinancing,224,12,9,3.0,0.5942683060300878,0,0,PA,37,Associate's,Divorced,3,84,0
1670,2022-04-05,4802,0.15497999734516765,12,608,112510,0.15800869356150157,12,Own,Debt Consolidation,1506,5,24,6.0,0.35769436255300624,1,0,PA,41,PhD,Married,1,5,0
1671,2022-01-30,29753,0.14023863829014474,24,724,113708,0.4364589121434882,4,Mortgage,Debt Consolidation,416,8,13,20.0,0.7625761980935596,0,0,IL,59,Associate's,Widowed,4,205,0
1672,2022-11-20,22083,0.11607829473312331,24,747,117819,0.3162236798026069,12,Mortgage,Other,1966,7,16,6.0,0.13571407700100535,0,0,PA,68,Master's,Married,0,114,0
1673,2021-06-18,19354,0.16784292286957112,60,568,164352,0.5083837865647917,19,Mortgage,Credit Card Refinancing,206,11,24,3.0,0.8781834098806967,0,0,NC,54,Associate's,Married,1,202,0
1674,2021-03-01,23190,0.1408556793579645,48,619,56303,0.19814360007153806,7,Own,Business,1783,12,28,11.0,0.9554449103904202,0,0,CA,28,High School,Single,0,177,0
1675,2023-11-18,7142,0.14031311732111504,36,566,47453,0.2025275467094179,8,Rent,Home Improvement,1006,8,4,57.0,0.0012345246028885315,0,0,CA,44,Master's,Widowed,1,179,0
1676,2021-11-02,29398,0.2373855727462278,24,560,128886,0.4228797857653439,18,Own,Credit Card Refinancing,1586,13,26,26.0,0.8427216600431593,0,1,NC,32,PhD,Single,2,164,0
1677,2020-12-28,42862,0.24680630285582605,48,826,80695,0.5230017116986985,19,Mortgage,Debt Consolidation,529,10,23,58.0,0.5061051489073335,0,0,GA,54,Bachelor's,Single,4,105,1
1678,2020-03-22,34132,0.20929687786591616,12,690,176837,0.33609891930908764,14,Mortgage,Other,803,14,9,16.0,0.46140563383851674,0,0,NC,61,Associate's,Married,2,16,0
1679,2020-12-21,20503,0.20135161804938567,60,688,153412,0.46347693436655,9,Rent,Business,1460,11,25,19.0,0.2386791068743811,0,0,OH,67,Associate's,Married,1,7,0
1680,2023-07-05,49456,0.1861116323558203,12,650,58057,0.5996649607465429,10,Own,Other,1861,6,20,30.0,0.4473250411116366,0,0,MI,26,Master's,Married,1,224,0
1681,2021-08-11,35631,0.08321497046670275,24,785,151669,0.5951328198644641,4,Mortgage,Home Improvement,1877,7,21,25.0,0.9504271496301374,0,0,PA,66,Master's,Widowed,0,217,0
1682,2020-10-21,17499,0.06182116417513091,24,595,114655,0.47216842141085,8,Own,Credit Card Refinancing,1619,9,7,30.0,0.2107876339543837,1,0,NC,68,High School,Widowed,1,44,0
1683,2023-06-01,40852,0.18814526302265264,12,811,35025,0.46979324483912444,10,Own,Other,1071,6,19,34.0,0.17904123845076236,0,0,NY,62,PhD,Widowed,0,26,0
1684,2022-12-05,9016,0.1957572444513152,24,808,27145,0.22380944359945285,18,Rent,Other,461,9,29,8.0,0.24189630405944795,0,0,FL,29,Associate's,Widowed,0,36,0
1685,2023-02-10,3384,0.05939459821962796,48,762,121206,0.5167698157718869,1,Rent,Debt Consolidation,895,13,29,4.0,0.5518341943372664,0,0,NY,38,Associate's,Married,1,181,0
1686,2023-06-10,16072,0.23561035004576963,24,596,61723,0.3025510635235603,5,Mortgage,Other,531,12,12,51.0,0.9302998154332999,0,0,PA,39,Bachelor's,Married,0,92,0
1687,2020-01-17,37703,0.06822812788893551,60,612,93230,0.5809969549334113,0,Rent,Business,774,2,13,47.0,0.5738815907652576,0,0,CA,48,Associate's,Single,4,172,0
1688,2020-12-25,46895,0.10718010675424049,48,624,155902,0.14071384435346776,2,Own,Credit Card Refinancing,1643,13,24,7.0,0.2434824766058209,0,0,OH,52,Associate's,Married,2,12,0
1689,2023-05-31,15482,0.18447796255974092,36,631,175002,0.31792018443636305,2,Rent,Home Improvement,958,2,3,20.0,0.44045231532126206,1,0,OH,25,High School,Widowed,1,90,0
1690,2022-05-15,41510,0.08397451888089527,24,620,174824,0.37792024384174927,13,Own,Other,1529,14,28,15.0,0.39040013178574573,0,0,OH,23,Bachelor's,Divorced,0,68,0
1691,2021-11-30,49933,0.06108317768844889,24,696,128138,0.30257810354308246,19,Mortgage,Business,1113,2,6,50.0,0.04656946986243726,0,0,FL,26,Associate's,Married,0,108,1
1692,2021-03-23,22826,0.11622929783282997,60,793,82040,0.20528959525247167,4,Own,Home Improvement,1500,6,29,15.0,0.5106418485290586,0,0,GA,38,Associate's,Widowed,0,151,0
1693,2022-05-05,3490,0.20319431497103582,60,621,128668,0.3964942443912549,16,Rent,Business,1275,2,5,17.0,0.1260063866336738,0,0,IL,60,PhD,Single,0,104,0
1694,2020-12-30,47092,0.13273573579705208,12,781,75030,0.47795895731256877,14,Rent,Other,1445,3,10,46.0,0.842244042083875,0,0,NY,53,Associate's,Married,4,88,0
1695,2021-11-05,26518,0.18059458438158787,12,759,76815,0.42241929801009825,5,Mortgage,Other,1730,13,14,55.0,0.5489629092958968,0,0,IL,50,High School,Divorced,1,95,0
1696,2022-10-04,25045,0.16592381944562734,12,538,132789,0.21722442440401976,13,Rent,Credit Card Refinancing,1337,8,14,27.0,0.8446064826173758,0,0,MI,37,Associate's,Widowed,1,126,0
1697,2023-09-11,27910,0.054443696405116086,60,553,186762,0.46580397218426195,13,Mortgage,Debt Consolidation,675,8,16,17.0,0.9560446873780412,0,0,NC,22,Associate's,Married,4,30,0
1698,2021-04-11,25566,0.24770799740914135,12,660,77923,0.22844890302228163,16,Mortgage,Business,1188,11,3,13.0,0.9431882907502764,0,0,MI,33,Master's,Widowed,4,63,0
1699,2021-02-17,34905,0.058285617763877556,12,788,187644,0.18760118146202,7,Rent,Debt Consolidation,992,12,24,55.0,0.10042933430755374,0,0,CA,40,Associate's,Divorced,4,3,0
1700,2021-08-08,28103,0.24356054752969702,36,699,87904,0.44533400771936105,7,Own,Debt Consolidation,369,4,14,47.0,0.944817071550007,0,0,NY,30,Bachelor's,Divorced,1,208,0
1701,2023-06-10,37188,0.15997283567287965,12,775,180275,0.5213936230569646,18,Mortgage,Home Improvement,1660,9,8,36.0,0.7957472077895101,0,0,MI,69,Master's,Single,3,162,0
1702,2023-06-01,6845,0.24263180541301332,24,515,97088,0.3407697238482872,8,Own,Home Improvement,1223,8,24,39.0,0.777658105260791,0,0,GA,28,Bachelor's,Divorced,2,102,0
1703,2022-09-20,22162,0.07295071988276709,60,672,25608,0.36569589656921886,10,Rent,Business,1228,1,18,15.0,0.0901285402681754,0,0,IL,51,Bachelor's,Married,4,92,0
1704,2023-12-06,37674,0.14808170383710265,48,747,65667,0.25137378523561626,12,Own,Debt Consolidation,1254,8,9,20.0,0.17951470228359911,0,0,NC,36,High School,Divorced,4,177,0
1705,2021-07-25,20337,0.08390081837321173,36,717,75547,0.34730900755501615,12,Own,Credit Card Refinancing,1512,1,19,,0.9751633799147684,0,0,PA,65,Associate's,Married,1,172,0
1706,2020-11-30,23313,0.06019497540448848,60,586,173557,0.1659914990062036,18,Own,Debt Consolidation,1444,4,16,59.0,0.2133701571552944,0,0,GA,25,Bachelor's,Married,1,169,0
1707,2023-05-30,27943,0.1735058230124623,60,581,160934,0.577915414841495,18,Own,Home Improvement,537,10,16,10.0,0.16905333016740065,0,0,CA,27,Associate's,Widowed,2,48,0
1708,2020-02-06,13413,0.0915566841923383,24,561,148391,0.5001803268282982,4,Rent,Debt Consolidation,1142,6,6,10.0,0.36235161870946786,0,0,NC,59,Associate's,Married,0,199,1
1709,2022-09-15,1276,0.1675394036575092,12,786,95948,0.43398653041109236,15,Rent,Other,324,7,3,1.0,0.9133561975348903,0,0,NC,68,High School,Married,1,8,0
1710,2020-10-04,18611,0.07247289638979713,24,541,91880,0.3690971858422015,8,Own,Other,1741,10,17,31.0,0.47619346355655556,0,0,TX,56,High School,Single,2,135,0
1711,2023-05-04,40105,0.11639729428654055,12,511,77560,0.49608456811398227,19,Rent,Credit Card Refinancing,1689,13,6,53.0,0.9205837190890865,0,0,CA,23,Bachelor's,Widowed,1,37,0
1712,2022-07-04,12944,0.20632651161064944,12,820,135063,0.3473786197929022,2,Rent,Business,1089,4,24,18.0,0.3343387804152357,0,0,GA,26,Bachelor's,Married,1,183,0
1713,2021-04-28,16906,0.13741030436843754,60,733,114218,0.24998695407726626,18,Mortgage,Debt Consolidation,559,8,7,55.0,0.22652864522699934,0,0,GA,29,Master's,Single,1,71,0
1714,2023-06-19,21536,0.17554908297946728,12,828,134462,0.18018711758333603,4,Rent,Other,493,8,13,4.0,0.4952030088510355,0,0,NC,51,Associate's,Widowed,3,178,0
1715,2023-09-09,28810,0.1794915881491092,36,630,179487,0.42379279440090367,7,Own,Business,1349,14,6,2.0,0.6154768902618886,0,0,PA,69,Associate's,Divorced,3,82,0
1716,2021-12-31,13306,0.21875100879745873,36,614,170395,0.5647128725132571,13,Rent,Other,1011,14,21,27.0,0.3914989986135561,0,0,NC,40,High School,Married,4,112,0
1717,2020-07-10,11503,0.11498455888132826,36,717,37997,0.1768092767521756,2,Rent,Business,1483,14,9,25.0,0.34603050959453174,0,0,MI,51,High School,Divorced,3,103,0
1718,2022-11-06,20225,0.18745911251650352,60,636,141266,0.1900090225254034,12,Rent,Business,1553,9,12,22.0,0.21805928477324665,0,0,NC,52,Bachelor's,Widowed,2,21,0
1719,2021-06-07,37976,0.24232316140923316,24,605,23679,0.3168030167047675,10,Rent,Other,114,14,15,29.0,0.27500676622177145,0,0,FL,37,Master's,Widowed,1,34,0
1720,2022-07-06,12590,0.19604866687157363,48,678,60308,0.5034496739598445,7,Mortgage,Home Improvement,659,6,25,7.0,0.6731179631523008,0,0,IL,59,Master's,Single,3,177,1
1721,2021-02-04,11886,0.1479740953435489,12,515,190914,0.24696136448575232,18,Own,Business,1774,4,18,35.0,0.3698735386136779,0,0,PA,43,High School,Married,1,27,0
1722,2022-06-04,13866,0.17614348889838585,48,741,25695,0.22695646233501407,9,Own,Debt Consolidation,1103,2,11,28.0,0.07975704172102849,0,0,PA,54,High School,Married,0,8,0
1723,2021-12-05,2088,0.19793657955262164,24,833,78499,0.4099831457314169,17,Rent,Other,1669,7,3,12.0,0.13815538995253462,0,0,MI,43,Master's,Single,4,162,0
1724,2020-01-22,4363,0.1724551531387745,24,725,43382,0.36780739093716597,17,Rent,Home Improvement,513,10,4,58.0,0.3723791883911107,0,0,NY,29,Master's,Divorced,3,18,0
1725,2021-04-18,33792,0.053335162697967835,60,741,34235,0.13011018222261814,6,Mortgage,Other,1478,3,14,24.0,0.9245024298478619,0,0,FL,58,Bachelor's,Widowed,1,179,0
1726,2023-02-17,10764,0.08895469953744517,36,640,153438,0.14074498865463828,15,Rent,Credit Card Refinancing,1580,11,18,21.0,0.3790302616459803,0,0,NC,33,Master's,Single,0,233,0
1727,2020-07-28,21620,0.21209364344309323,36,698,178539,0.42150649009238306,5,Mortgage,Debt Consolidation,1845,13,28,45.0,0.06064207745167527,0,0,OH,26,Associate's,Widowed,4,140,0
1728,2020-11-01,43727,0.10453012946249694,24,611,132468,0.33256179957388976,15,Own,Credit Card Refinancing,1654,12,4,32.0,0.4179942578800159,1,0,NC,46,Master's,Divorced,4,214,0
1729,2023-07-17,13935,0.1963124239122268,60,626,26764,0.5854885957945735,15,Own,Business,1098,3,11,36.0,0.6688175939601658,0,0,PA,50,PhD,Divorced,0,51,0
1730,2021-12-04,9068,0.12442404304833975,60,520,133831,0.4392657053650324,0,Mortgage,Business,1319,3,29,52.0,0.5935961349482209,0,0,OH,34,Master's,Divorced,3,191,0
1731,2021-11-17,8295,0.15437686563158864,12,646,81836,0.10503683099661573,18,Own,Credit Card Refinancing,1961,4,9,6.0,0.2788029623860301,0,0,NC,47,High School,Married,3,168,0
1732,2020-10-11,42160,0.06359465996388074,36,588,51923,0.34050938990023094,2,Rent,Credit Card Refinancing,214,2,5,22.0,0.6880889230486941,0,0,FL,43,High School,Widowed,1,150,0
1733,2021-12-16,12390,0.08624511220994191,24,802,115711,0.3072239675177397,5,Rent,Business,1540,13,14,5.0,0.6306243738653324,0,0,NC,50,PhD,Widowed,2,136,0
1734,2022-02-01,42216,0.24143939270384693,48,702,36292,0.15335692999688436,3,Mortgage,Home Improvement,1475,13,8,14.0,0.1721729688289686,0,0,TX,33,Associate's,Single,1,234,0
1735,2023-06-04,21131,0.22802761068938282,36,584,144913,0.5616044179360951,3,Own,Debt Consolidation,1075,5,8,14.0,0.16214500356824502,0,0,GA,69,Master's,Widowed,1,156,1
1736,2022-08-05,30218,0.18045502217981005,12,666,152686,0.5025056495408619,3,Own,Other,1198,3,17,39.0,0.5471830820679408,0,0,TX,67,Master's,Married,1,178,1
1737,2021-01-15,11433,0.14192891947714747,60,571,40939,0.21504295421000094,9,Mortgage,Credit Card Refinancing,1785,10,28,33.0,0.6594385611161038,0,0,TX,64,PhD,Single,0,47,0
1738,2021-04-04,16038,0.18515225857904477,24,797,38800,0.2279903794214986,8,Mortgage,Debt Consolidation,135,5,6,13.0,0.9619105848602607,1,0,TX,49,Bachelor's,Divorced,4,56,0
1739,2022-10-27,29182,0.1737220578187878,36,508,76440,0.11600902665972548,7,Own,Other,341,12,29,28.0,0.4219306307317797,0,0,NC,30,Bachelor's,Widowed,4,160,0
1740,2020-01-29,12528,0.16371045112092242,48,780,174318,0.24835872578952048,18,Mortgage,Other,1786,13,18,15.0,0.7649392396719134,0,0,MI,31,Associate's,Married,2,139,0
1741,2022-06-25,22281,0.06183541437270837,12,757,147521,0.39231100445667677,16,Rent,Credit Card Refinancing,162,7,11,28.0,0.1165207472913764,0,0,TX,69,Master's,Married,3,149,0
1742,2022-11-22,49511,0.1765605221323014,12,774,141327,0.3104216941933341,16,Own,Home Improvement,765,9,5,22.0,0.8896090273156472,0,0,PA,63,Master's,Widowed,1,154,0
1743,2022-05-28,9605,0.20378400891423368,36,737,69648,0.5846277318598404,0,Mortgage,Home Improvement,608,2,24,9.0,0.6331075413988398,0,0,FL,47,Master's,Married,0,142,0
1744,2020-03-19,35782,0.24881633092911512,48,519,135192,0.12804008463183544,19,Mortgage,Debt Consolidation,287,9,15,46.0,0.6290303313512473,0,0,NY,57,High School,Divorced,0,79,0
1745,2022-08-04,2381,0.05221571051886194,12,732,182760,0.39571507944950535,13,Mortgage,Debt Consolidation,834,10,6,54.0,0.1424426338324355,0,0,TX,61,Bachelor's,Widowed,1,14,0
1746,2021-04-03,2098,0.19603469066213533,24,720,113498,0.5291547202535241,19,Own,Business,192,6,3,3.0,0.03958372952589795,0,0,IL,32,PhD,Widowed,0,204,0
1747,2021-07-23,20810,0.1643578631871961,12,825,49764,0.3403704562048613,10,Rent,Home Improvement,104,12,15,11.0,0.7014491379846196,0,0,MI,27,High School,Widowed,0,100,0
1748,2023-12-24,25322,0.13681043521619135,48,516,52470,0.10148136028019841,2,Rent,Debt Consolidation,1561,6,25,41.0,0.11705645896458661,0,0,FL,25,High School,Single,1,3,0
1749,2022-01-07,42869,0.07551403491427418,60,588,189573,0.2214007499131376,7,Own,Business,1289,11,19,33.0,0.1269701494839327,0,0,IL,48,Bachelor's,Divorced,2,236,0
1750,2023-08-01,33955,0.13181702972697526,60,695,77207,0.2618844878339831,9,Mortgage,Other,1569,3,28,3.0,0.18750014634698497,0,0,CA,45,Master's,Married,0,185,0
1751,2021-05-30,45716,0.12087543659722706,36,849,82157,0.5829972472787313,16,Own,Debt Consolidation,124,14,25,19.0,0.09774648313960244,0,0,FL,26,Associate's,Widowed,4,122,0
1752,2023-01-27,11207,0.11056597779574845,48,583,154288,0.5558866409193497,7,Own,Business,607,10,12,27.0,0.6253925204303068,0,0,MI,24,PhD,Widowed,4,7,0
1753,2021-01-31,22793,0.19617592466444156,12,586,173144,0.5745852525538152,0,Mortgage,Home Improvement,197,13,17,27.0,0.422004805848588,0,0,TX,28,Bachelor's,Married,4,39,0
1754,2020-02-08,3092,0.19014510425685277,12,806,113778,0.5128792288084841,19,Own,Other,1391,9,19,5.0,0.26609609240954823,0,0,NY,45,Associate's,Divorced,1,185,0
1755,2023-07-18,29220,0.16780401819618232,60,837,150016,0.27582386705695217,6,Rent,Debt Consolidation,761,4,28,13.0,0.4407494003715766,0,0,OH,43,Bachelor's,Married,4,115,1
1756,2022-06-05,19514,0.23773296265867447,60,653,144288,0.5529382110481003,8,Own,Home Improvement,1516,5,17,54.0,0.8441400020651998,0,0,MI,33,Bachelor's,Married,3,110,0
1757,2022-03-07,39010,0.1199708768361709,24,727,188204,0.5908422529685244,11,Mortgage,Other,1887,3,22,34.0,0.9270794050436362,0,0,NC,56,Bachelor's,Widowed,0,65,0
1758,2020-06-05,9549,0.09876038754203592,60,763,130573,0.2750356561374765,8,Own,Credit Card Refinancing,1719,5,5,46.0,0.4874761446534416,0,0,CA,38,Bachelor's,Single,2,231,1
1759,2023-01-03,23031,0.1811806626196799,24,722,140730,0.23027798299322447,19,Rent,Home Improvement,1408,8,2,57.0,0.5667529151128025,0,0,OH,24,Master's,Single,4,25,0
1760,2022-06-02,6185,0.0897628121874806,12,620,168933,0.37345814639111063,2,Own,Credit Card Refinancing,783,8,15,,0.2571999303398729,0,0,CA,32,High School,Single,1,31,1
1761,2023-02-27,16271,0.11300210143668493,24,672,84186,0.193576096299465,3,Own,Debt Consolidation,1856,14,13,18.0,0.5136003786371193,0,0,IL,27,Bachelor's,Single,2,86,0
1762,2022-08-31,6776,0.09492048801497698,24,503,24960,0.11631211070319011,9,Own,Business,1232,8,25,56.0,0.7481196069352322,0,0,CA,64,Associate's,Single,1,138,0
1763,2023-01-12,13449,0.06383071354370025,36,841,38781,0.5729155855579349,3,Own,Debt Consolidation,126,6,11,,0.4921372636561695,0,0,TX,57,Associate's,Widowed,2,210,0
1764,2022-11-11,25297,0.2154997483271347,60,627,51126,0.5628703162207096,8,Mortgage,Home Improvement,1881,1,29,12.0,0.3020729007891697,0,0,GA,38,Associate's,Single,2,77,0
1765,2022-04-28,41591,0.10090810858433225,24,609,173650,0.18132692688106053,0,Rent,Credit Card Refinancing,154,11,20,7.0,0.5820343472249591,0,0,FL,43,High School,Married,0,200,0
1766,2023-11-06,16717,0.14460550066860414,12,536,126034,0.30387012346485975,4,Rent,Credit Card Refinancing,1256,10,5,17.0,0.9466560308858446,0,0,CA,22,High School,Widowed,2,137,0
1767,2022-01-17,41123,0.05866305465086239,48,570,37883,0.5155181566363428,8,Rent,Other,1175,12,21,53.0,0.8879838539831117,0,0,CA,65,Associate's,Married,3,122,0
1768,2022-09-15,40233,0.18986789325052864,24,788,49782,0.43050014941042647,4,Own,Debt Consolidation,1616,6,22,34.0,0.7692423791754562,0,0,GA,24,Master's,Single,3,207,0
1769,2020-01-21,46505,0.11611220046125817,60,530,76387,0.297393754585357,5,Rent,Debt Consolidation,1888,12,4,22.0,0.27620963266520904,0,0,GA,37,High School,Divorced,3,8,0
1770,2020-10-29,47092,0.198947345565842,36,767,168051,0.47208549859140947,18,Mortgage,Home Improvement,880,11,26,49.0,0.2415595072164014,0,0,FL,56,High School,Single,1,97,0
1771,2022-05-18,11350,0.13248061209357323,12,510,53746,0.5485236941050955,7,Own,Credit Card Refinancing,397,10,5,51.0,0.8385371897975978,0,0,FL,35,Master's,Widowed,0,227,0
1772,2020-03-24,31622,0.08915112128112493,36,843,86266,0.563079165262934,9,Own,Home Improvement,1522,7,27,25.0,0.18131747608210236,0,0,MI,28,Bachelor's,Married,1,19,0
1773,2023-11-11,36323,0.1526350164564072,48,827,20056,0.28942480596109454,10,Rent,Home Improvement,1714,14,16,40.0,0.6056113074866436,0,0,NY,47,High School,Divorced,4,30,0
1774,2023-07-04,3951,0.07610091192748797,24,531,51457,0.18678034003640945,12,Own,Credit Card Refinancing,1141,9,12,37.0,0.4389299435829642,0,0,NY,64,Associate's,Divorced,3,9,0
1775,2021-07-23,18622,0.13810783197459894,24,556,153315,0.5564194290969876,19,Own,Home Improvement,917,12,17,19.0,0.46798646729239823,0,0,PA,69,Associate's,Divorced,0,83,0
1776,2022-07-22,5727,0.11346109548409732,60,665,152773,0.14627772293051414,3,Rent,Credit Card Refinancing,1893,8,28,1.0,0.4545434025275408,0,0,GA,52,Master's,Married,3,47,0
1777,2023-03-31,39454,0.23239191683992666,24,687,93839,0.46084419561408185,10,Mortgage,Home Improvement,954,11,5,25.0,0.8999501467236601,0,0,OH,45,Associate's,Widowed,0,174,0
1778,2023-04-01,37469,0.06218574434414399,12,841,100636,0.17024865743040082,11,Mortgage,Business,1742,12,7,56.0,0.08709425089545497,0,0,OH,40,PhD,Divorced,1,90,0
1779,2022-10-05,36548,0.18880348282114842,48,518,127697,0.29469342733384607,4,Rent,Home Improvement,658,8,9,35.0,0.7829014494560986,1,0,TX,58,Associate's,Married,1,1,0
1780,2022-03-03,24782,0.08655023319748718,36,615,86483,0.3057778732725137,9,Mortgage,Home Improvement,1369,7,14,24.0,0.8350126715752834,0,0,NY,22,Master's,Married,3,131,0
1781,2022-03-02,29454,0.11380901486644797,48,683,40505,0.1793789575560417,6,Mortgage,Business,602,2,24,29.0,0.9428771471534901,0,0,MI,46,Master's,Single,2,162,0
1782,2023-07-18,3368,0.1331028126124132,24,769,157625,0.561340717003306,8,Mortgage,Debt Consolidation,1212,1,21,17.0,0.4525999549377113,0,0,OH,31,Master's,Married,0,153,0
1783,2021-05-06,16592,0.23160301787499485,36,532,53525,0.10133408400464314,8,Own,Credit Card Refinancing,302,2,5,6.0,0.5000651918869167,0,0,FL,39,PhD,Widowed,4,158,0
1784,2020-07-26,23173,0.09851565321476503,60,509,116008,0.5469042716083153,9,Own,Other,1045,6,6,26.0,0.9612945211409166,0,0,CA,63,High School,Widowed,2,1,1
1785,2022-12-19,34204,0.06826176050893405,48,579,64348,0.5419146617377427,9,Own,Business,339,13,11,10.0,0.458451060949163,0,0,CA,22,Bachelor's,Divorced,1,123,0
1786,2021-03-05,36596,0.11373792079810473,36,691,27273,0.2584818268490008,1,Mortgage,Debt Consolidation,589,2,6,36.0,0.5035484729762578,0,0,FL,50,Associate's,Married,0,146,0
1787,2022-09-11,35324,0.07093519410710668,36,819,84236,0.45214213493963773,3,Own,Home Improvement,1903,10,13,7.0,0.332254318189384,0,0,IL,34,High School,Married,2,161,0
1788,2023-08-25,47132,0.07571929719211051,36,689,154607,0.22640445564915776,7,Mortgage,Debt Consolidation,1136,4,2,10.0,0.031627450684649894,0,0,IL,25,Master's,Single,4,137,0
1789,2021-06-03,24864,0.16477011959500534,12,567,169749,0.4793867811269692,13,Rent,Business,748,10,25,23.0,0.43305455176149266,0,0,CA,33,High School,Single,2,135,0
1790,2021-08-13,48829,0.062180386619898664,48,847,127157,0.38055987089387167,16,Mortgage,Home Improvement,1438,3,11,29.0,0.6550913108473859,0,0,TX,69,High School,Married,4,30,0
1791,2022-11-16,31750,0.05618617627871321,36,624,20908,0.25011272712382915,12,Own,Debt Consolidation,784,6,6,29.0,0.6899459106135571,0,1,PA,40,PhD,Married,1,77,0
1792,2020-07-17,11576,0.19288282029409956,48,835,128352,0.30011737681882733,17,Mortgage,Other,1865,12,20,51.0,0.006508646884609504,0,0,MI,47,Master's,Married,0,81,0
1793,2021-01-21,17566,0.12232941896820891,36,558,115967,0.44494436611920174,17,Own,Credit Card Refinancing,1321,12,20,51.0,0.8010527747728287,0,0,OH,65,Master's,Single,1,13,0
1794,2020-12-14,8190,0.07507506984677466,60,596,108989,0.5530487248218915,12,Own,Credit Card Refinancing,342,13,21,14.0,0.49241561412854695,0,0,CA,59,Associate's,Single,0,13,0
1795,2022-08-17,24071,0.10072255417194165,60,774,55079,0.16536325828363732,7,Rent,Business,606,14,13,55.0,0.5207453613861929,0,0,GA,37,Associate's,Widowed,2,42,0
1796,2021-11-23,39333,0.17841730147047982,60,648,131889,0.3856819848345786,11,Rent,Home Improvement,1166,8,24,34.0,0.9617436881703674,0,0,FL,65,Associate's,Divorced,1,124,0
1797,2021-01-12,16369,0.10510731342817024,24,777,69323,0.22686459972855874,0,Own,Home Improvement,1453,11,17,38.0,0.2844611586558179,0,0,NC,46,Associate's,Divorced,0,230,0
1798,2022-06-17,25035,0.1489042250240816,36,764,196392,0.5006861249377296,19,Mortgage,Credit Card Refinancing,1914,6,6,23.0,0.7616519889681673,0,0,PA,31,High School,Divorced,4,101,0
1799,2022-07-04,2589,0.07433906134533445,24,508,109909,0.13511865293474054,17,Rent,Debt Consolidation,1714,2,18,7.0,0.5747762456722708,0,0,CA,58,High School,Divorced,0,202,0
1800,2021-06-10,26235,0.16761872752108942,48,782,66105,0.4444778950855849,2,Rent,Home Improvement,1552,5,15,42.0,0.7007984615580384,0,0,NY,49,Associate's,Single,1,78,1
1801,2023-03-22,1159,0.11321553676865281,24,772,181236,0.1874730068455149,11,Own,Other,1914,11,13,41.0,0.4178174517811243,0,0,TX,49,Associate's,Single,1,191,0
1802,2022-01-03,13145,0.1753936869057433,48,800,152957,0.39819270920161465,18,Mortgage,Other,1867,13,14,19.0,0.2792075389642684,0,0,NY,46,Associate's,Married,2,107,0
1803,2020-07-24,16373,0.21167897646080458,48,507,21049,0.517846293596346,12,Rent,Home Improvement,712,6,22,40.0,0.5461259523689345,0,0,MI,46,Bachelor's,Widowed,4,197,0
1804,2021-03-30,32921,0.1723292838779985,48,707,73281,0.4775403310608398,9,Rent,Home Improvement,261,9,15,46.0,0.37494114635264697,0,0,OH,33,Associate's,Widowed,0,36,0
1805,2023-07-20,40323,0.10914951251900414,24,624,63271,0.4764714438418186,14,Mortgage,Credit Card Refinancing,755,6,6,25.0,0.22291117882966394,0,0,CA,29,Bachelor's,Divorced,1,35,0
1806,2023-06-13,17237,0.10114874030966009,36,622,86697,0.35892265609345264,19,Rent,Business,1058,10,23,51.0,0.8392361481137625,0,0,NC,57,Associate's,Married,0,174,1
1807,2021-06-04,42971,0.11548419174668961,24,532,56534,0.5453727959248607,1,Mortgage,Credit Card Refinancing,720,5,24,23.0,0.47583159500129124,0,0,NY,60,Master's,Married,3,173,0
1808,2022-10-13,9244,0.08292410264730098,36,500,113034,0.394052599120999,18,Own,Business,1558,1,6,21.0,0.8473157411908994,0,0,FL,45,PhD,Single,4,56,0
1809,2022-08-13,15743,0.08623437017000402,36,703,78097,0.5587589842747853,2,Rent,Other,1356,10,28,4.0,0.4740315823689203,0,0,GA,44,High School,Married,4,87,1
1810,2021-12-26,32566,0.2081382203800336,48,505,45037,0.37326122891620883,13,Own,Business,210,5,19,14.0,0.5567976977124081,0,0,TX,58,Master's,Widowed,3,5,0
1811,2022-10-10,47101,0.126946515301489,24,796,187079,0.3529827815100015,6,Mortgage,Credit Card Refinancing,1033,5,15,35.0,0.9952802413139549,0,0,NC,32,PhD,Widowed,4,172,0
1812,2021-05-15,47109,0.13719903611411718,36,504,47278,0.21117650960515724,7,Own,Home Improvement,1355,6,19,36.0,0.9515042120351598,0,0,OH,38,Bachelor's,Married,3,121,0
1813,2020-04-26,19691,0.16880989311336225,60,579,159344,0.3723933270151025,10,Own,Business,849,7,21,28.0,0.27168987066689065,1,0,MI,49,High School,Single,0,156,0
1814,2021-01-20,34996,0.16793069903030955,36,773,119173,0.1702924156244485,19,Own,Credit Card Refinancing,808,13,2,14.0,0.8686553864492219,0,0,TX,24,Bachelor's,Widowed,3,87,0
1815,2023-09-29,6590,0.06347537430438514,60,676,58294,0.5348451006297728,5,Mortgage,Other,372,13,8,26.0,0.39040348369719324,0,0,TX,23,Bachelor's,Single,2,170,0
1816,2021-08-06,6585,0.21630815726753314,24,837,93277,0.4379459443541467,10,Mortgage,Business,1721,4,18,48.0,0.07124873791039277,0,0,IL,50,High School,Single,3,98,0
1817,2021-01-29,10227,0.08546531064478789,24,820,24694,0.596817724246471,16,Mortgage,Other,906,7,4,54.0,0.5757810148254003,0,0,IL,55,PhD,Widowed,0,159,0
1818,2022-12-23,29278,0.19461432720993377,24,838,78150,0.14604871389526156,9,Mortgage,Other,140,5,11,7.0,0.9770518594542353,0,0,MI,35,High School,Single,4,135,1
1819,2021-12-21,39814,0.20453419762563332,36,635,87470,0.22033637492264344,16,Mortgage,Debt Consolidation,659,6,8,59.0,0.9743136870052852,1,0,IL,54,Associate's,Divorced,2,7,0
1820,2020-03-12,13237,0.19297990681826274,12,524,41556,0.5385793021330696,1,Rent,Business,565,4,28,56.0,0.12646537816246806,0,0,NC,69,Bachelor's,Divorced,3,4,0
1821,2020-09-30,16649,0.16579552931082905,36,824,69086,0.29762704988445887,5,Rent,Credit Card Refinancing,1200,12,29,28.0,0.7712366666178498,0,0,NC,68,Associate's,Divorced,0,108,0
1822,2023-09-05,38713,0.05292179942177658,36,682,169979,0.33315149499094876,4,Rent,Business,1813,8,13,18.0,0.8028330442502074,0,0,PA,39,High School,Married,2,128,0
1823,2020-12-03,8927,0.12207509847263415,48,667,199559,0.5303259436938085,3,Own,Business,589,9,23,30.0,0.36874478431666,0,0,OH,50,High School,Widowed,2,32,0
1824,2023-10-21,46409,0.17096788587251624,48,837,180230,0.36091161247497616,1,Own,Other,1892,2,16,8.0,0.6585951811884713,1,0,MI,23,PhD,Divorced,2,28,0
1825,2021-08-29,49766,0.12749025918450774,36,677,171365,0.19673792470718407,11,Mortgage,Other,216,12,24,9.0,0.4881594782772217,0,0,GA,32,Bachelor's,Single,3,184,0
1826,2020-06-14,47154,0.22269597898256263,60,594,196833,0.5460150577048904,2,Mortgage,Other,533,11,22,36.0,0.22789309770992672,0,0,NC,52,Master's,Divorced,0,4,1
1827,2020-01-11,8016,0.11176045506992308,48,532,119468,0.11553082821151675,5,Rent,Other,1142,4,17,9.0,0.7612642812249876,0,0,PA,34,High School,Single,0,231,0
1828,2023-08-17,15027,0.10870695849173209,36,610,53387,0.5476981338217216,13,Mortgage,Credit Card Refinancing,1093,11,9,53.0,0.2627527078124131,0,0,GA,65,Master's,Widowed,0,109,0
1829,2021-12-29,49688,0.1031995386185316,12,645,191822,0.12526011333616735,7,Own,Home Improvement,1694,8,7,32.0,0.3404477530416592,0,0,NY,47,Bachelor's,Divorced,1,8,0
1830,2022-03-11,25142,0.1165561737921591,60,730,88602,0.4329246823000641,13,Mortgage,Debt Consolidation,295,8,29,24.0,0.19001840491546107,0,0,MI,55,Associate's,Widowed,4,142,0
1831,2020-04-11,47520,0.16148099286283746,24,771,172328,0.13583968983766734,2,Rent,Other,718,9,5,56.0,0.7192713037887043,0,0,GA,31,Bachelor's,Divorced,0,30,0
1832,2023-12-19,24545,0.19140305885451817,36,835,156666,0.4531064929825328,15,Mortgage,Other,1574,3,12,53.0,0.45872405383057935,0,0,NY,33,PhD,Single,1,131,1
1833,2023-11-16,32897,0.18251358354775704,36,537,22460,0.11698566066647545,14,Own,Debt Consolidation,524,1,18,55.0,0.4433732548389332,0,0,GA,43,Master's,Single,1,130,0
1834,2022-02-17,4167,0.21154356399629592,60,634,92356,0.5212288638553938,6,Rent,Other,1517,9,3,3.0,0.6045628668900126,0,0,NY,67,Master's,Married,2,10,1
1835,2020-08-01,45757,0.227182799099485,48,833,74698,0.33297197546499235,14,Mortgage,Home Improvement,1407,1,29,52.0,0.15726344724733732,0,0,TX,52,Associate's,Married,4,70,0
1836,2023-01-16,27917,0.21321580846867028,48,734,121746,0.14672695633443897,12,Own,Business,133,3,7,4.0,0.8981538896257594,0,0,OH,40,Associate's,Married,2,119,0
1837,2021-02-04,23736,0.05378908067487092,48,818,36191,0.45340972250507194,5,Rent,Debt Consolidation,394,3,5,22.0,0.46510895623593096,0,0,NC,66,High School,Divorced,4,71,0
1838,2021-08-10,28990,0.19718359071039776,24,844,104631,0.3446450787518812,14,Rent,Credit Card Refinancing,1106,9,4,38.0,0.36652685868202983,0,0,TX,45,Bachelor's,Widowed,2,144,1
1839,2022-06-07,15087,0.09167991472366632,60,659,30529,0.19547442943772145,16,Own,Debt Consolidation,1374,1,8,54.0,0.12669060890519246,0,0,IL,46,PhD,Divorced,3,70,0
1840,2022-12-05,23440,0.07658560854159653,60,537,52175,0.1078361869443629,3,Mortgage,Home Improvement,1761,7,8,4.0,0.16795420436741426,0,0,NC,56,High School,Single,4,208,0
1841,2021-08-14,36205,0.17769775695982712,48,649,37675,0.30899912986276856,13,Mortgage,Credit Card Refinancing,438,2,17,51.0,0.9203603139138601,0,0,OH,29,Bachelor's,Widowed,1,91,0
1842,2023-08-26,16275,0.11394863908153899,48,807,194230,0.1428146153642678,14,Mortgage,Business,717,7,3,7.0,0.45661703339972226,0,0,NY,26,Associate's,Single,1,120,0
1843,2023-01-14,6276,0.06142343267408865,12,528,66798,0.1470848491236186,11,Rent,Other,1563,1,9,16.0,0.7221839193592607,0,0,IL,43,PhD,Married,4,204,0
1844,2020-04-01,42627,0.07752594687967228,12,643,90910,0.23366477418133844,18,Rent,Debt Consolidation,279,13,16,,0.08051635265853319,0,0,IL,49,Associate's,Single,2,214,0
1845,2021-11-03,41586,0.05018588337399221,36,575,150400,0.4152291486212122,9,Mortgage,Credit Card Refinancing,721,10,28,53.0,0.6434645441264838,0,0,NC,33,Associate's,Divorced,3,207,0
1846,2021-12-14,38496,0.23064472546894146,36,644,177048,0.3649553042804746,5,Rent,Debt Consolidation,1351,10,17,49.0,0.9215191923374212,0,0,NY,54,Master's,Single,3,150,0
1847,2022-07-24,20008,0.05492359676824772,60,728,98678,0.1344936541293403,8,Rent,Business,1756,8,2,11.0,0.2999634508814911,0,0,CA,37,Bachelor's,Single,0,35,0
1848,2020-08-29,6738,0.09189115390190222,60,563,82821,0.5842156379462349,1,Own,Debt Consolidation,718,10,28,34.0,0.5791405007134393,0,0,FL,47,High School,Single,4,124,0
1849,2020-01-02,33402,0.13325255613758147,24,846,32204,0.5435843441472955,3,Mortgage,Credit Card Refinancing,742,13,11,51.0,0.9402191043158505,0,0,FL,33,Master's,Widowed,3,112,0
1850,2020-08-12,6793,0.12131426519016382,24,844,27394,0.22961274357257913,8,Mortgage,Home Improvement,122,10,8,13.0,0.7193225538047202,0,0,CA,44,Bachelor's,Single,2,207,0
1851,2022-03-11,38291,0.23234517538255517,12,768,84814,0.16116928798107064,14,Mortgage,Credit Card Refinancing,1780,2,17,47.0,0.0623255023840773,0,0,MI,47,Bachelor's,Single,2,215,0
1852,2021-08-11,6571,0.05805778914690843,36,827,53593,0.5712014323784951,12,Rent,Debt Consolidation,1450,3,11,17.0,0.37873714726043883,0,0,OH,62,Bachelor's,Married,1,102,0
1853,2020-04-25,32331,0.15244294153541033,12,683,193036,0.3305708889403499,19,Rent,Business,1277,14,13,9.0,0.0857727560872884,0,0,NY,34,PhD,Married,3,177,0
1854,2022-07-06,17209,0.1860958925048748,12,760,135064,0.25558348238571793,7,Rent,Other,718,8,18,54.0,0.8613175961991741,0,0,NC,44,Master's,Divorced,3,130,0
1855,2023-01-31,49014,0.23633959473623378,36,767,73365,0.34517901758259373,18,Mortgage,Other,1269,3,14,14.0,0.6216627012036154,0,0,OH,52,High School,Married,2,194,0
1856,2020-07-12,26394,0.17407425042474423,24,668,151515,0.4863720722732061,18,Rent,Business,351,1,13,41.0,0.9563817448338857,0,0,OH,57,Master's,Single,1,147,0
1857,2023-04-04,44148,0.21075104720235255,36,758,179252,0.18419264915152725,15,Mortgage,Debt Consolidation,401,9,16,32.0,0.019756329185807164,0,0,CA,48,Associate's,Married,3,197,0
1858,2022-05-20,26682,0.06674498756906969,48,726,199863,0.48374791675465356,10,Rent,Business,1193,8,15,18.0,0.42308736985390427,1,0,NC,57,Bachelor's,Widowed,2,132,0
1859,2020-03-30,3224,0.1271879021873855,48,532,194737,0.47472339396693275,9,Mortgage,Debt Consolidation,1666,4,20,33.0,0.10436409954439474,0,0,MI,68,Associate's,Divorced,1,220,0
1860,2020-05-01,42157,0.1247894268958135,48,713,123700,0.36967410242043985,7,Own,Credit Card Refinancing,1216,8,20,44.0,0.35048782261991274,0,0,NC,63,Master's,Married,1,82,0
1861,2020-05-22,49695,0.22725764329114354,60,549,117077,0.5329211443747909,0,Rent,Home Improvement,1772,14,27,24.0,0.161886823356587,0,0,NY,44,High School,Divorced,2,104,0
1862,2022-09-20,45452,0.080274234252655,24,709,154537,0.16607168908493028,9,Mortgage,Debt Consolidation,262,5,15,15.0,0.3287937599934202,0,0,MI,59,Associate's,Divorced,1,41,0
1863,2020-04-15,44408,0.08037723446732606,24,528,88247,0.3977395033328366,17,Own,Other,1204,3,19,7.0,0.819262004722029,0,0,NC,24,Associate's,Divorced,1,56,0
1864,2022-06-05,33441,0.1157116299771597,60,538,176270,0.3246715262509108,2,Own,Other,1951,1,27,34.0,0.16069932648270358,0,0,NY,51,PhD,Widowed,0,55,0
1865,2021-03-03,42430,0.060893209473367516,12,846,74740,0.3111460564179158,10,Rent,Home Improvement,1711,13,6,20.0,0.47366475695218824,0,0,NY,53,Master's,Single,1,159,0
1866,2023-08-21,40129,0.08649160813049801,48,599,173560,0.22628053563476272,17,Mortgage,Debt Consolidation,1186,10,21,18.0,0.9215831340605264,0,0,GA,36,Associate's,Widowed,3,127,0
1867,2020-11-12,35716,0.24304192770914704,48,672,189587,0.286139828404954,2,Rent,Home Improvement,711,5,7,45.0,0.9987792878543064,0,0,TX,59,Master's,Divorced,1,150,0
1868,2021-09-26,45859,0.13563678797343456,12,516,47898,0.15407537801183288,7,Own,Credit Card Refinancing,1559,11,19,10.0,0.2506411181750833,0,0,TX,32,High School,Married,3,75,0
1869,2020-01-09,27586,0.1764038416844873,36,555,152991,0.2257994848824126,13,Rent,Home Improvement,1171,6,15,43.0,0.9355681707661002,0,0,OH,23,Associate's,Married,2,176,0
1870,2022-02-12,45760,0.1952222518689274,36,725,82613,0.2359825538890413,5,Mortgage,Credit Card Refinancing,544,4,5,10.0,0.2613886808010255,0,0,MI,47,High School,Widowed,1,80,0
1871,2023-01-01,24478,0.1233922814014401,24,545,116707,0.4603339337300697,14,Own,Other,173,7,29,59.0,0.41352849898359334,0,0,PA,55,Associate's,Married,2,128,0
1872,2023-10-14,7318,0.0794454148821034,60,566,131777,0.12427521360443158,13,Rent,Credit Card Refinancing,925,3,24,10.0,0.8779236122333274,0,0,OH,22,Bachelor's,Divorced,4,132,0
1873,2020-08-10,29694,0.09131620324435617,24,696,67003,0.4255961540754304,6,Rent,Debt Consolidation,1827,7,2,21.0,0.7861761049242482,0,0,PA,32,PhD,Divorced,1,149,0
1874,2023-12-10,21180,0.11265329531612207,36,641,68478,0.21070495489659494,9,Rent,Debt Consolidation,641,14,14,20.0,0.8574875572237353,0,0,NC,26,PhD,Single,2,169,0
1875,2021-07-06,13180,0.17721368407044513,12,822,165506,0.14093075295814697,14,Rent,Debt Consolidation,256,1,12,26.0,0.8002566793044507,0,0,NY,47,PhD,Divorced,4,45,0
1876,2023-10-25,34002,0.1296561098178109,24,522,197318,0.2504030805427171,9,Rent,Debt Consolidation,1610,7,4,17.0,0.23506100501004135,0,0,GA,27,High School,Married,3,217,0
1877,2021-12-16,16372,0.05136293958002563,48,593,187721,0.2122364347143014,16,Own,Business,1389,1,18,41.0,0.5587951154306021,0,0,PA,56,Master's,Single,3,84,1
1878,2023-07-11,30796,0.15468143701349438,48,741,79030,0.37601618791992497,18,Own,Credit Card Refinancing,355,13,19,47.0,0.38525071836192193,0,0,FL,26,PhD,Married,3,8,0
1879,2023-09-03,25427,0.23430267838148358,12,736,153071,0.27868820172398123,16,Mortgage,Debt Consolidation,1162,11,26,39.0,0.4597109684483687,0,0,PA,30,Associate's,Widowed,3,107,0
1880,2023-01-12,34290,0.21241552220173582,36,553,165921,0.5829968712041631,11,Rent,Home Improvement,1178,1,11,37.0,0.15395630212363076,0,0,PA,49,Associate's,Single,3,117,0
1881,2023-09-03,29099,0.21504227425192624,48,637,72800,0.5817747996954253,14,Mortgage,Home Improvement,1151,2,17,29.0,0.3157675592251705,0,0,MI,40,Bachelor's,Divorced,0,9,0
1882,2020-04-20,46486,0.20901160352122625,48,832,25445,0.32185763456011973,11,Own,Business,1036,2,22,50.0,0.8576471214221869,0,0,TX,26,High School,Single,2,146,0
1883,2020-09-07,10821,0.11474616512208474,60,771,169112,0.4975437303301298,8,Rent,Credit Card Refinancing,217,4,14,44.0,0.897558409886164,0,0,GA,44,Associate's,Divorced,4,31,0
1884,2021-01-17,6832,0.2030387667508784,24,540,20246,0.10663427043043752,4,Mortgage,Credit Card Refinancing,469,13,21,46.0,0.6101530838991386,0,0,IL,65,Associate's,Divorced,4,35,0
1885,2020-01-07,13820,0.0786322715622386,36,597,51153,0.3739057923624013,3,Rent,Credit Card Refinancing,308,1,13,44.0,0.4982672570007528,0,0,MI,65,Bachelor's,Married,1,158,0
1886,2021-04-03,17211,0.18154322945519072,24,682,25212,0.4716495861534895,11,Rent,Business,686,4,5,32.0,0.7128396881493003,0,0,FL,37,Bachelor's,Divorced,2,18,0
1887,2023-01-12,40890,0.17831371333699889,36,627,154411,0.20847161270366796,15,Mortgage,Credit Card Refinancing,1700,2,9,20.0,0.6088532502222023,0,0,NY,28,Master's,Divorced,0,211,0
1888,2020-07-26,6842,0.055113959817946936,48,728,76238,0.13058587758297188,8,Own,Credit Card Refinancing,948,4,13,59.0,0.9836750063478136,0,0,MI,35,Master's,Divorced,0,169,0
1889,2022-06-18,2316,0.20759402671818633,60,816,170466,0.17795946795322795,2,Mortgage,Debt Consolidation,1991,4,20,58.0,0.19008879216420327,0,0,CA,43,Master's,Married,2,24,0
1890,2023-11-14,46968,0.2306496210190261,24,585,73871,0.3209240435869285,2,Mortgage,Credit Card Refinancing,1735,9,16,1.0,0.4490447262464816,0,0,OH,30,Associate's,Divorced,3,86,0
1891,2023-08-30,18508,0.10348305569442154,48,755,120672,0.35318571037813096,17,Mortgage,Debt Consolidation,1681,9,29,12.0,0.9182405022855537,0,0,MI,68,Bachelor's,Widowed,3,48,0
1892,2020-01-22,23005,0.21247814483723018,36,708,54607,0.29044256105438426,16,Rent,Debt Consolidation,415,1,17,1.0,0.9147370599085243,0,0,TX,44,High School,Married,2,142,0
1893,2021-02-13,16206,0.06648119437238964,24,714,72055,0.31998688352119,9,Own,Credit Card Refinancing,1516,5,13,56.0,0.49534684656117356,0,0,TX,64,Master's,Widowed,4,147,0
1894,2022-06-13,19971,0.1699935716522132,24,599,124509,0.3351174798046407,1,Own,Home Improvement,543,7,21,42.0,0.13480900200138146,0,0,TX,25,PhD,Single,3,60,0
1895,2021-05-29,26599,0.14712937306685545,48,548,155467,0.48471833080054816,10,Rent,Other,1791,4,19,44.0,0.8149579674929025,0,0,MI,64,Associate's,Married,1,93,0
1896,2023-02-24,23056,0.1591847066618,24,700,147378,0.1526209490388262,2,Own,Home Improvement,1875,12,23,30.0,0.5851651865033476,0,0,TX,47,High School,Widowed,0,22,0
1897,2022-03-19,2378,0.23524104037686902,60,757,166362,0.484475233579698,1,Mortgage,Credit Card Refinancing,1988,5,13,9.0,0.7731660158572567,0,0,NY,62,Associate's,Married,3,30,1
1898,2022-05-23,2519,0.2242630494493707,60,677,107687,0.4443136511474991,8,Own,Credit Card Refinancing,1382,2,17,22.0,0.4625236314105903,0,0,PA,27,Master's,Divorced,4,143,0
1899,2020-01-14,23161,0.2070167314479514,48,744,85078,0.47083040473815907,18,Rent,Home Improvement,1771,3,26,21.0,0.20388392193682658,0,0,MI,52,Associate's,Married,3,21,0
1900,2022-08-28,41703,0.1047396915356742,36,622,154763,0.46723419293766144,1,Own,Credit Card Refinancing,1321,7,29,46.0,0.02398940747952083,0,0,TX,38,Master's,Single,3,154,0
1901,2022-09-04,39861,0.23236372573721834,48,841,158542,0.3352959079008918,18,Rent,Debt Consolidation,1822,10,21,28.0,0.5591382688397522,0,0,CA,30,Associate's,Widowed,0,100,0
1902,2022-10-10,6355,0.06950153849277506,60,670,154913,0.20570009228045003,1,Mortgage,Business,727,13,12,32.0,0.16104617888158956,0,0,MI,48,Master's,Married,1,12,0
1903,2022-11-01,10083,0.22066584331175756,12,832,122652,0.36831445215090197,14,Rent,Credit Card Refinancing,544,7,23,30.0,0.18713720859782146,0,0,NC,27,Bachelor's,Divorced,1,135,0
1904,2020-03-27,39342,0.11563201447072156,12,635,83197,0.5789910268045498,2,Own,Credit Card Refinancing,669,4,21,13.0,0.43630563095716435,0,0,PA,27,Bachelor's,Widowed,4,203,0
1905,2022-06-27,21456,0.060754462332396675,24,558,75773,0.3942628406966818,4,Mortgage,Home Improvement,681,12,15,9.0,0.4420770734388978,0,0,PA,25,Bachelor's,Widowed,2,103,0
1906,2023-08-17,14324,0.18387139684814968,24,692,168848,0.10552357260638881,10,Own,Debt Consolidation,704,1,3,17.0,0.2743870902057053,0,0,MI,64,Bachelor's,Widowed,2,212,0
1907,2023-06-20,3257,0.0962559856631911,12,767,138943,0.12985545243819532,6,Rent,Home Improvement,840,1,14,10.0,0.13192220842346847,0,0,NC,24,Bachelor's,Single,2,35,0
1908,2020-05-01,28364,0.09871422517292638,60,759,47584,0.5964317168017762,5,Mortgage,Home Improvement,1007,4,15,38.0,0.9449527518223376,0,0,NY,45,PhD,Divorced,4,68,0
1909,2023-03-16,25972,0.1112094332457543,24,594,155372,0.1359731796197202,13,Rent,Credit Card Refinancing,748,4,7,46.0,0.13164061587825993,0,0,MI,39,Associate's,Divorced,3,130,0
1910,2022-01-19,47179,0.06273695350050335,48,624,23338,0.12302258002244928,0,Own,Debt Consolidation,1740,6,13,2.0,0.3507725846011295,0,0,NC,53,Bachelor's,Widowed,1,20,1
1911,2023-10-11,27654,0.08542542883965082,48,540,82601,0.27651213467932767,16,Rent,Credit Card Refinancing,404,7,8,1.0,0.30486799260744624,0,0,TX,69,PhD,Married,1,47,0
1912,2021-11-15,16233,0.05102792551711206,60,753,156559,0.5846586016346683,16,Own,Credit Card Refinancing,438,9,5,53.0,0.8663378969585519,0,0,TX,42,PhD,Widowed,3,84,0
1913,2020-11-04,16887,0.13908190422115738,24,506,56282,0.2593375768664329,13,Own,Credit Card Refinancing,628,9,29,7.0,0.41006244847857054,1,0,TX,69,Associate's,Divorced,1,12,0
1914,2021-11-25,30320,0.06685107548359426,48,715,135447,0.30494206543763536,9,Mortgage,Credit Card Refinancing,153,10,28,30.0,0.12404349923436431,0,0,CA,50,Associate's,Single,1,53,0
1915,2020-10-14,21808,0.18653052100883982,24,568,115798,0.41703853060428275,7,Mortgage,Business,1235,12,8,7.0,0.010261028404495387,0,0,MI,53,Master's,Single,2,17,0
1916,2020-11-02,31154,0.09712457023832968,24,568,150963,0.11205591966319892,7,Rent,Other,783,12,14,42.0,0.7219496034745249,0,0,OH,46,Master's,Widowed,2,18,0
1917,2022-07-02,35773,0.23871482880703543,48,580,128611,0.548881788759594,13,Own,Debt Consolidation,518,5,12,47.0,0.7145010925678502,0,0,MI,33,Bachelor's,Single,0,104,0
1918,2021-10-23,28747,0.22425032547973053,12,529,179876,0.3597215087772161,6,Own,Business,404,10,9,1.0,0.4177836713132277,0,0,OH,67,High School,Single,0,152,0
1919,2021-07-02,11860,0.10788817899364166,48,572,160987,0.33340545300202895,5,Mortgage,Other,1561,11,28,21.0,0.1263080003123236,0,0,NY,30,Master's,Married,1,72,0
1920,2023-10-07,43838,0.20664309093133576,60,761,31158,0.5303633311033152,3,Mortgage,Other,1779,3,20,59.0,0.37163381257274786,0,0,PA,28,High School,Single,2,165,0
1921,2020-11-07,43156,0.21064898093296125,36,588,30547,0.5765382946790106,0,Mortgage,Other,184,3,3,4.0,0.5898824509170308,0,0,FL,35,Master's,Married,0,105,0
1922,2022-05-22,19156,0.2473126228228821,48,707,108713,0.31171261582341736,14,Mortgage,Business,1647,6,22,6.0,0.703942941806841,1,0,OH,41,PhD,Widowed,0,158,1
1923,2022-12-18,21360,0.169567997369137,24,712,22459,0.18622053964661536,14,Rent,Debt Consolidation,351,1,19,19.0,0.0782398924342762,0,0,OH,41,PhD,Divorced,2,84,0
1924,2022-07-12,19135,0.06639314692873244,24,821,179840,0.5078546350010364,0,Rent,Home Improvement,1851,7,27,27.0,0.556307470614679,0,0,FL,31,PhD,Divorced,0,52,0
1925,2022-01-24,26351,0.1793674457852762,48,765,83146,0.3016302106112436,19,Rent,Other,225,3,22,12.0,0.2761240784481376,0,0,TX,32,High School,Married,3,151,1
1926,2020-02-04,31499,0.17499594967520704,36,792,123577,0.5677727697558831,2,Rent,Home Improvement,709,5,11,1.0,0.6172662871336426,0,0,OH,60,Bachelor's,Divorced,3,37,0
1927,2021-03-20,48377,0.17767011548408637,48,706,127761,0.5749494919154915,4,Mortgage,Home Improvement,1528,7,7,31.0,0.6481401228647609,0,0,NC,40,Master's,Widowed,2,123,0
1928,2020-04-02,24554,0.11142912962084231,36,832,123727,0.15741451586068475,4,Rent,Credit Card Refinancing,403,7,25,25.0,0.9106037017747185,0,0,FL,40,Master's,Divorced,2,202,0
1929,2023-05-15,20604,0.2219359170160666,36,576,70460,0.5782769836664257,3,Rent,Home Improvement,1151,9,23,2.0,0.41037837538895994,0,0,PA,64,High School,Single,0,97,1
1930,2020-12-18,17923,0.2418944365910824,60,787,102970,0.28413516272256045,16,Rent,Credit Card Refinancing,947,1,5,40.0,0.5375906601353175,0,0,OH,27,PhD,Widowed,1,152,0
1931,2022-06-21,48591,0.09354250259563031,24,546,189319,0.4231262588285952,19,Mortgage,Debt Consolidation,1389,3,20,41.0,0.2682151227605093,0,0,MI,29,Bachelor's,Widowed,4,100,0
1932,2023-09-17,9547,0.06763043162732889,24,609,35419,0.11737504086702302,13,Own,Debt Consolidation,1175,9,15,55.0,0.2865570241451274,0,0,TX,22,Master's,Divorced,3,120,0
1933,2022-05-11,45283,0.08890700663369683,36,699,55577,0.5444421370419164,7,Mortgage,Credit Card Refinancing,754,8,15,12.0,0.04603378156136251,0,0,IL,44,Bachelor's,Divorced,3,208,0
1934,2020-06-07,34002,0.21411042785114376,24,709,22921,0.42079866467243243,1,Own,Debt Consolidation,743,2,19,56.0,0.2860689422985063,0,0,CA,61,Bachelor's,Married,2,50,0
1935,2022-08-14,15562,0.18532892696396952,12,653,155748,0.4217772334782096,7,Own,Other,957,8,18,20.0,0.0638286895906579,0,0,PA,58,Associate's,Single,1,220,1
1936,2020-01-24,8480,0.17720946846782534,36,509,164535,0.5510880799887419,0,Rent,Debt Consolidation,610,8,19,44.0,0.9639157905858297,0,0,IL,31,Bachelor's,Divorced,2,204,0
1937,2021-02-07,27672,0.13035862702188492,24,656,176546,0.35417358745367156,3,Rent,Credit Card Refinancing,306,2,19,36.0,0.6242632353761045,0,0,OH,23,Associate's,Divorced,0,148,0
1938,2022-03-15,5213,0.16556559430228715,12,760,60935,0.3052583201812753,18,Rent,Other,673,8,6,22.0,0.17314856118629407,0,0,NC,57,High School,Married,1,47,0
1939,2021-05-30,11293,0.11157482505487348,60,576,145534,0.5330643761461581,4,Mortgage,Home Improvement,974,3,10,6.0,0.11676635982033512,0,0,FL,23,PhD,Divorced,0,18,0
1940,2022-01-01,35441,0.14544001588359226,24,756,92828,0.4712102559356991,4,Mortgage,Home Improvement,610,7,2,16.0,0.3701226204775434,1,0,NC,36,Associate's,Single,3,229,0
1941,2023-10-19,3100,0.2086126056741312,12,630,143649,0.5744878324824505,19,Rent,Home Improvement,1767,13,5,27.0,0.30764732461884137,0,0,PA,41,Bachelor's,Single,2,122,0
1942,2023-11-06,45617,0.24624831949109244,48,566,109062,0.5700609466552663,18,Mortgage,Credit Card Refinancing,1676,9,27,46.0,0.279254780914453,0,0,IL,63,PhD,Widowed,2,26,0
1943,2021-06-15,29172,0.23649778471796037,48,727,75152,0.2911630822801201,11,Mortgage,Home Improvement,300,4,8,29.0,0.4681960449310212,0,0,NY,42,Bachelor's,Widowed,4,238,0
1944,2022-08-13,21132,0.23677318856924978,12,662,116491,0.3234931450707089,19,Own,Debt Consolidation,1734,11,12,4.0,0.9128738429764635,0,0,CA,51,Bachelor's,Single,1,120,0
1945,2020-05-31,19199,0.1304447469694225,36,514,106569,0.22799247689538923,0,Mortgage,Home Improvement,922,6,15,23.0,0.5680502544030297,0,0,GA,45,Associate's,Married,3,71,0
1946,2022-08-04,37609,0.14375797610135818,36,731,92467,0.4303239445692838,6,Own,Business,1407,9,11,6.0,0.5212315045866192,0,0,PA,23,High School,Widowed,4,43,0
1947,2021-08-30,43965,0.19112707927379632,24,694,176844,0.28227098504444326,16,Rent,Business,1480,11,20,58.0,0.806548435161058,0,0,OH,59,Bachelor's,Single,4,47,0
1948,2021-02-23,9016,0.23443838561025687,48,848,167435,0.4930503233038356,1,Mortgage,Home Improvement,1170,11,9,33.0,0.0040246115968891605,0,1,PA,43,Associate's,Single,2,85,0
1949,2023-06-27,40779,0.07839885187041694,36,529,179562,0.16077538036545527,10,Own,Home Improvement,1119,5,4,55.0,0.19738566915523348,0,0,MI,50,Bachelor's,Widowed,1,43,0
1950,2023-02-14,38261,0.11084837276543916,36,837,142537,0.15820142558287295,6,Mortgage,Business,236,12,9,49.0,0.49618593438883607,1,0,OH,35,PhD,Single,2,128,0
1951,2022-05-15,32881,0.07784936891882191,48,830,73806,0.20222769070969845,16,Own,Home Improvement,229,1,19,41.0,0.7053090605220667,0,0,NC,26,High School,Single,1,160,0
1952,2021-07-31,18058,0.17240170599189109,60,815,151332,0.14214609421870675,2,Own,Other,1318,3,6,32.0,0.48502819493963834,0,0,IL,45,Bachelor's,Single,4,7,0
1953,2020-11-30,25472,0.11126019937750752,36,795,95992,0.4100158038391174,5,Mortgage,Business,1117,11,21,58.0,0.16371598130087717,0,0,CA,47,High School,Single,0,215,0
1954,2023-12-12,42346,0.11522157050251469,12,829,42320,0.17367638300836932,10,Rent,Credit Card Refinancing,1752,9,12,26.0,0.9299828176615764,0,0,CA,23,High School,Widowed,3,212,0
1955,2022-07-20,35926,0.06418319189759585,24,719,98971,0.17998145873382712,17,Own,Business,1487,3,10,13.0,0.32866513110544526,0,0,NC,67,PhD,Married,4,212,0
1956,2020-10-21,35832,0.1199592123615184,36,646,193217,0.107114111864583,17,Rent,Debt Consolidation,531,11,20,58.0,0.788215681394504,1,0,IL,66,PhD,Single,2,32,0
1957,2022-01-24,37021,0.22249930148031707,36,758,68581,0.4910450073118049,9,Mortgage,Other,1192,11,13,18.0,0.8914133345976127,0,0,NY,55,Master's,Divorced,3,218,0
1958,2023-10-26,25087,0.096614562378167,60,791,113645,0.5061480277117405,4,Mortgage,Credit Card Refinancing,1581,10,28,47.0,0.34644937768866646,0,0,TX,44,High School,Married,4,228,0
1959,2020-07-04,13828,0.18903749324201313,12,798,40754,0.18101120818221986,14,Rent,Home Improvement,639,2,6,50.0,0.8453117813301047,0,0,CA,62,Bachelor's,Divorced,1,88,0
1960,2023-06-23,32128,0.17592566898771855,24,642,89837,0.4697622171336122,19,Mortgage,Debt Consolidation,434,4,17,37.0,0.7107736831667975,0,0,PA,56,PhD,Divorced,2,65,0
1961,2021-09-28,2401,0.22269692167382307,36,734,158279,0.31677256157867983,3,Own,Debt Consolidation,625,5,27,11.0,0.9042808366620061,0,1,PA,36,Bachelor's,Single,4,58,0
1962,2023-07-15,20643,0.07645758953020765,24,614,178992,0.21979744148269567,0,Rent,Other,657,7,26,2.0,0.25131070172297765,0,0,TX,24,High School,Widowed,1,181,0
1963,2023-06-14,16193,0.24551799206900865,48,589,143746,0.4106923040369145,14,Mortgage,Credit Card Refinancing,1008,7,14,6.0,0.9312776061382757,1,0,TX,33,PhD,Divorced,1,92,0
1964,2021-06-13,27853,0.16652572920807313,36,707,134780,0.1892420371735424,16,Mortgage,Debt Consolidation,1139,9,7,55.0,0.06530647666993028,0,0,OH,59,Master's,Divorced,1,218,0
1965,2020-01-21,45864,0.24909483046936287,36,663,107081,0.4784418038265177,18,Rent,Credit Card Refinancing,1579,13,17,34.0,0.7936712853056489,0,0,CA,38,High School,Divorced,3,34,0
1966,2022-06-29,21307,0.23230294517317018,48,583,44016,0.12380761378527586,13,Own,Credit Card Refinancing,609,8,19,24.0,0.4356650207016327,0,0,IL,59,Bachelor's,Single,2,90,0
1967,2022-05-16,37982,0.09430345442262117,60,576,80522,0.5795654664639572,18,Rent,Debt Consolidation,308,13,18,48.0,0.17788996685296066,0,0,TX,48,Master's,Single,1,228,0
1968,2022-03-04,20611,0.061232401980662626,36,660,140896,0.13593762685431224,17,Mortgage,Credit Card Refinancing,1281,2,13,14.0,0.07940295510267958,0,0,IL,40,High School,Widowed,4,197,0
1969,2020-04-09,44791,0.10112781875907231,24,504,132099,0.38972420962434484,1,Mortgage,Other,1460,12,28,18.0,0.38954751389893805,0,0,FL,69,PhD,Single,1,184,0
1970,2022-01-21,12950,0.15551272979988398,12,577,171174,0.5510971450611892,5,Rent,Debt Consolidation,1862,8,2,59.0,0.38932392172652097,0,0,PA,42,High School,Married,2,66,0
1971,2021-04-22,11704,0.084319273413038,24,590,124429,0.10595223442392518,12,Own,Other,1364,8,8,18.0,0.22995738430698542,0,0,NC,61,Associate's,Widowed,3,160,0
1972,2023-08-14,44111,0.0834919489035977,60,586,21924,0.3492572304945285,16,Own,Other,157,5,15,22.0,0.21551539835284284,0,0,NY,45,Bachelor's,Single,1,98,0
1973,2022-07-28,12867,0.14251870942103062,12,769,105015,0.27500348215534,5,Own,Credit Card Refinancing,915,13,29,10.0,0.39951429804681604,0,0,MI,45,PhD,Single,4,50,0
1974,2021-06-09,3745,0.05665359423387169,24,603,124987,0.3901660951289545,4,Rent,Credit Card Refinancing,1428,3,19,58.0,0.4101138832051573,0,0,GA,40,PhD,Divorced,2,222,0
1975,2020-11-29,4866,0.0743776165064541,24,838,74333,0.21272869336882935,6,Own,Debt Consolidation,1468,9,24,20.0,0.44236479916319227,0,0,NY,52,Associate's,Single,1,24,0
1976,2020-01-02,33245,0.1331722678815895,48,674,197171,0.13244960861586239,0,Own,Home Improvement,1765,12,2,51.0,0.868759386727768,0,0,FL,61,Master's,Divorced,3,220,0
1977,2021-01-09,45724,0.06262598184159329,60,553,146372,0.4129665184243535,12,Own,Debt Consolidation,1852,7,21,33.0,0.6112545064227575,0,0,NC,41,PhD,Single,0,174,0
1978,2020-10-19,6818,0.12935101129110588,48,710,151378,0.3084246197467012,18,Own,Other,1137,1,11,38.0,0.02043316607152501,0,0,FL,36,Master's,Single,4,131,0
1979,2022-04-16,49861,0.14480125318968903,12,594,108495,0.4112427693531149,0,Mortgage,Credit Card Refinancing,1482,8,16,50.0,0.5190992417621837,0,0,OH,61,Master's,Single,1,114,0
1980,2022-10-01,31116,0.14025332281462288,48,722,89767,0.20526957341892146,12,Rent,Other,476,10,12,6.0,0.7624512959857546,0,0,IL,56,Master's,Single,1,10,0
1981,2021-07-06,16493,0.22383497148061748,60,508,124332,0.2693706314767409,10,Rent,Business,342,13,5,41.0,0.05641430664451719,0,0,NY,69,High School,Single,0,134,0
1982,2020-11-13,29038,0.1560124910103465,36,552,163279,0.3808406946823052,6,Own,Business,1092,5,16,43.0,0.4226078792741066,1,0,GA,56,Associate's,Widowed,2,98,0
1983,2021-01-15,21447,0.14359609249560867,36,576,59426,0.3965563891623637,19,Rent,Other,1268,6,22,54.0,0.45121014325756703,1,0,MI,54,Bachelor's,Single,0,223,1
1984,2020-01-14,31431,0.13214184907833323,12,705,26336,0.2861574038871326,2,Rent,Home Improvement,990,9,17,26.0,0.9540204523357757,0,0,MI,61,Associate's,Single,2,52,0
1985,2021-05-18,18908,0.21352467566089725,36,815,132200,0.24002660280827823,0,Mortgage,Home Improvement,514,10,27,49.0,0.47568395378296036,0,0,NY,62,PhD,Divorced,1,235,1
1986,2020-08-18,30336,0.22901132079996664,48,801,37256,0.23685031474429794,7,Rent,Debt Consolidation,493,14,16,22.0,0.7499002626622022,0,0,TX,65,Associate's,Married,0,50,0
1987,2023-01-12,41992,0.22064849383942353,12,809,53719,0.18734967571044922,16,Mortgage,Debt Consolidation,1961,8,18,37.0,0.30290204520905284,0,0,MI,39,Bachelor's,Married,1,110,0
1988,2020-05-09,5025,0.18470931562627818,60,829,62017,0.26270248116479356,12,Rent,Debt Consolidation,1738,14,24,57.0,0.7793066511884315,0,0,OH,38,High School,Widowed,0,58,0
1989,2022-04-17,21093,0.07747234919373486,12,611,65704,0.19972016850660998,13,Mortgage,Credit Card Refinancing,828,11,12,19.0,0.3226623664973406,0,0,IL,29,PhD,Single,1,180,0
1990,2023-03-14,7155,0.10537399389840246,12,664,50013,0.4169077031149724,4,Mortgage,Home Improvement,457,14,19,26.0,0.4300235873450098,0,0,MI,41,High School,Married,1,13,0
1991,2022-06-09,47607,0.05921261273639549,24,778,99991,0.38453349912104484,5,Rent,Other,1699,14,29,52.0,0.47948227781169783,0,0,TX,32,PhD,Divorced,1,125,0
1992,2020-01-28,34487,0.23616481499802283,24,526,90258,0.29129441183546,5,Mortgage,Business,1281,3,17,59.0,0.9263629694180113,0,0,NY,51,Bachelor's,Divorced,3,59,0
1993,2020-03-06,48658,0.1821597059381821,12,569,98348,0.2629150099686972,7,Mortgage,Home Improvement,773,13,28,7.0,0.05345354780486755,0,0,PA,48,High School,Widowed,0,167,0
1994,2023-04-01,21963,0.19927257686264832,36,717,187848,0.21880710009732127,12,Rent,Home Improvement,117,5,16,36.0,0.1968671510108072,0,0,MI,60,Bachelor's,Divorced,3,53,0
1995,2023-06-06,21936,0.11231434791644579,24,688,30060,0.3677291544796706,17,Mortgage,Home Improvement,827,4,12,2.0,0.7057427461975039,0,0,CA,35,Bachelor's,Married,1,186,0
1996,2020-09-17,5426,0.21913070445546848,60,832,157727,0.5594513821728442,3,Mortgage,Debt Consolidation,1954,14,14,1.0,0.5775776598819687,0,0,GA,63,Associate's,Married,4,20,0
1997,2023-12-18,24303,0.1019206567416957,48,805,69923,0.4428515256944686,16,Mortgage,Credit Card Refinancing,660,1,19,21.0,0.25153139041497585,0,0,IL,36,PhD,Married,2,191,0
1998,2021-04-04,46280,0.05032875142248994,24,623,98563,0.4722073570177837,4,Mortgage,Other,1691,5,9,5.0,0.2892008874910048,0,0,IL,33,Master's,Single,0,96,0
1999,2020-10-27,28606,0.1252829925041388,12,518,155102,0.5171889318282039,2,Mortgage,Debt Consolidation,1470,10,10,38.0,0.36730948560867993,0,0,NY,41,Master's,Divorced,0,10,0
2000,2022-07-07,48832,0.1641522961918147,36,756,109779,0.27581748666892436,3,Own,Credit Card Refinancing,1181,7,23,39.0,0.4503469493303285,0,0,OH,38,High School,Divorced,2,154,0
